timestamp,node,pos,amps,bus_amps,tor_Nm,armed,disarm_msg
12:01:39.175,5,0.0001958608627319336,0.0,0.0,0.0,False,0
12:01:39.183,6,0.00021442770957946777,0.0,0.0,0.0,False,0
12:01:39.555,5,0.00026032328605651855,0.0,0.0,0.0,False,0
12:01:39.561,6,7.721781730651855e-05,0.0,0.0,0.0,False,0
12:01:39.929,5,-0.0002999603748321533,0.0,0.0,0.0,False,0
12:01:39.936,6,2.0265579223632812e-06,0.0,0.0,0.0,False,0
12:01:40.303,5,1.7881393432617188e-06,0.0,0.0,0.0,False,0
12:01:40.310,6,0.00012677907943725586,0.0,0.0,0.0,False,0
12:01:40.687,5,-2.8580427169799805e-05,0.0,0.0,0.0,False,0
12:01:40.694,6,0.00024169683456420898,0.0,0.0,0.0,False,0
12:01:41.061,5,1.6570091247558594e-05,0.0,0.0,0.0,False,0
12:01:41.067,6,-0.0001087486743927002,0.0,0.0,0.0,False,0
12:01:41.446,5,3.731250762939453e-05,0.0,0.0,0.0,False,0
12:01:41.454,6,-7.790327072143555e-05,0.0,0.0,0.0,False,0
12:01:41.833,5,-0.00022971630096435547,0.0,0.0,0.0,False,0
12:01:41.840,6,1.0520219802856445e-05,0.0,0.0,0.0,False,0
12:01:42.212,5,0.0001665055751800537,0.0,0.0,0.0,False,0
12:01:42.218,6,0.00016167759895324707,0.0,0.0,0.0,False,0
12:01:42.585,5,7.11977481842041e-05,0.0,0.0,0.0,False,0
12:01:42.592,6,7.763504981994629e-05,0.0,0.0,0.0,False,0
12:01:42.963,5,0.00030034780502319336,0.0,0.0,0.0,False,0
12:01:42.969,6,0.0001036226749420166,0.0,0.0,0.0,False,0
12:01:43.341,5,0.0002848207950592041,0.0,0.0,0.0,False,0
12:01:43.347,6,6.440281867980957e-05,0.0,0.0,0.0,False,0
12:01:43.715,5,-0.00013068318367004395,0.0,0.0,0.0,False,0
12:01:43.722,6,0.00027298927307128906,0.0,0.0,0.0,False,0
12:01:44.088,5,8.055567741394043e-05,0.0,0.0,0.0,False,0
12:01:44.094,6,-0.0002848207950592041,0.0,0.0,0.0,False,0
12:01:44.463,5,-0.00012955069541931152,0.0,0.0,0.0,False,0
12:01:44.471,6,0.00020492076873779297,0.0,0.0,0.0,False,0
12:01:44.838,5,-9.658932685852051e-05,0.0,0.0,0.0,False,0
12:01:44.844,6,-0.00019618868827819824,0.0,0.0,0.0,False,0
12:01:45.213,5,4.1365623474121094e-05,0.0,0.0,0.0,False,0
12:01:45.220,6,0.00017002224922180176,0.0,0.0,0.0,False,0
12:01:45.587,5,-0.0001195371150970459,0.0,0.0,0.0,False,0
12:01:45.594,6,-0.0002168715000152588,0.0,0.0,0.0,False,0
12:01:45.966,5,-0.00015401840209960938,0.0,0.0,0.0,False,0
12:01:45.973,6,0.0002988874912261963,0.0,0.0,0.0,False,0
12:01:46.343,5,0.00015231966972351074,0.0,0.0,0.0,False,0
12:01:46.350,6,-2.4080276489257812e-05,0.0,0.0,0.0,False,0
12:01:46.718,5,-5.7131052017211914e-05,0.0,0.0,0.0,False,0
12:01:46.724,6,-1.7523765563964844e-05,0.0,0.0,0.0,False,0
12:01:47.093,5,0.0004433095455169678,0.0,0.0,0.0,False,0
12:01:47.099,6,0.00026288628578186035,0.0,0.0,0.0,False,0
12:01:47.469,5,0.00017017126083374023,0.0,0.0,0.0,False,0
12:01:47.476,6,0.0001672208309173584,0.0,0.0,0.0,False,0
12:01:47.844,5,0.00041350722312927246,0.0,0.0,0.0,False,0
12:01:47.851,6,8.434057235717773e-06,0.0,0.0,0.0,False,0
12:01:48.220,5,-0.000266343355178833,0.0,0.0,0.0,False,0
12:01:48.226,6,8.20457935333252e-05,0.0,0.0,0.0,False,0
12:01:48.599,5,0.00020170211791992188,0.0,0.0,0.0,False,0
12:01:48.606,6,9.688735008239746e-05,0.0,0.0,0.0,False,0
12:01:48.984,5,0.00011172890663146973,0.0,0.0,0.0,False,0
12:01:48.991,6,-4.920363426208496e-05,0.0,0.0,0.0,False,0
12:01:49.358,5,-0.00014072656631469727,0.0,0.0,0.0,False,0
12:01:49.365,6,0.00020074844360351562,0.0,0.0,0.0,False,0
12:01:49.733,5,0.00010663270950317383,0.0,0.0,0.0,False,0
12:01:49.739,6,-9.801983833312988e-05,0.0,0.0,0.0,False,0
12:01:50.107,5,-5.364418029785156e-05,0.0,0.0,0.0,False,0
12:01:50.114,6,0.00017011165618896484,0.0,0.0,0.0,False,0
12:01:50.492,5,-0.0002016127109527588,0.0,0.0,0.0,False,0
12:01:50.500,6,0.0003326535224914551,0.0,0.0,0.0,False,0
12:01:50.873,5,-0.00010758638381958008,0.0,0.0,0.0,False,0
12:01:50.879,6,-3.4928321838378906e-05,0.0,0.0,0.0,False,0
12:01:51.247,5,0.00011157989501953125,0.0,0.0,0.0,False,0
12:01:51.253,6,0.0001195669174194336,0.0,0.0,0.0,False,0
12:01:51.621,5,0.0004584789276123047,0.0,0.0,0.0,False,0
12:01:51.628,6,8.958578109741211e-05,0.0,0.0,0.0,False,0
12:01:51.995,5,-0.00023385882377624512,0.0,0.0,0.0,False,0
12:01:52.001,6,0.00010704994201660156,0.0,0.0,0.0,False,0
12:01:52.370,5,0.00010645389556884766,0.0,0.0,0.0,False,0
12:01:52.377,6,8.821487426757812e-05,0.0,0.0,0.0,False,0
12:01:52.746,5,0.00019168853759765625,0.0,0.0,0.0,False,0
12:01:52.754,6,2.2917985916137695e-05,0.0,0.0,0.0,False,0
12:01:53.133,5,0.0003802776336669922,0.0,0.0,0.0,False,0
12:01:53.140,6,0.0002982616424560547,0.0,0.0,0.0,False,0
12:01:53.508,5,0.00020930171012878418,0.0,0.0,0.0,False,0
12:01:53.515,6,0.00024941563606262207,0.0,0.0,0.0,False,0
12:01:53.886,5,7.838010787963867e-05,0.0,0.0,0.0,False,0
12:01:53.892,6,0.0002524256706237793,0.0,0.0,0.0,False,0
12:01:54.258,5,0.0004985630512237549,0.0,0.0,0.0,False,0
12:01:54.265,6,0.000271528959274292,0.0,0.0,0.0,False,0
12:01:54.633,5,-0.0001277327537536621,0.0,0.0,0.0,False,0
12:01:54.640,6,-3.102421760559082e-05,0.0,0.0,0.0,False,0
12:01:55.008,5,1.9878149032592773e-05,0.0,0.0,0.0,False,0
12:01:55.015,6,0.00016748905181884766,0.0,0.0,0.0,False,0
12:01:55.388,5,9.945034980773926e-05,0.0,0.0,0.0,False,0
12:01:55.397,6,-5.289912223815918e-05,0.0,0.0,0.0,False,0
12:01:55.776,5,-0.0003262460231781006,0.0,0.0,0.0,False,0
12:01:55.784,6,8.693337440490723e-05,0.0,0.0,0.0,False,0
12:01:56.156,5,8.463859558105469e-05,0.0,0.0,0.0,False,0
12:01:56.163,6,-0.00017854571342468262,0.0,0.0,0.0,False,0
12:01:56.534,5,-3.221631050109863e-05,0.0,0.0,0.0,False,0
12:01:56.541,6,-0.00024053454399108887,0.0,0.0,0.0,False,0
12:01:56.909,5,9.489059448242188e-05,0.0,0.0,0.0,False,0
12:01:56.916,6,0.0002783238887786865,0.0,0.0,0.0,False,0
12:01:57.289,5,0.00030225515365600586,0.0,0.0,0.0,False,0
12:01:57.305,6,-8.83638858795166e-05,0.0,0.0,0.0,False,0
12:01:57.675,5,-5.662441253662109e-06,0.0,0.0,0.0,False,0
12:01:57.682,6,-7.331371307373047e-06,0.0,0.0,0.0,False,0
12:01:58.051,5,-0.000299304723739624,0.0,0.0,0.0,False,0
12:01:58.061,6,0.00025776028633117676,0.0,0.0,0.0,False,0
12:01:58.425,5,-0.00012114644050598145,0.0,-0.000166582569363527,-0.019211038947105408,True,0
12:01:58.432,6,-2.3126602172851562e-05,0.0,0.0,0.0,False,0
12:01:58.795,5,-0.0003274977207183838,0.0,5.096583845443092e-05,-0.02908993884921074,True,0
12:01:58.801,6,0.00042688846588134766,4.773078762809746e-05,-0.00014873436884954572,-0.016064710915088654,True,0
12:01:59.163,5,-0.0007424354553222656,0.00017897819634526968,0.0015374685171991587,0.014613045379519463,True,0
12:01:59.170,6,3.3348798751831055e-05,0.0,-1.6529000276932493e-05,0.014478339813649654,True,0
12:01:59.533,5,0.000623553991317749,5.820766091346741e-11,-0.003909023944288492,-0.005104495212435722,True,0
12:01:59.539,6,0.00033229589462280273,0.0009109664824791253,-0.00041217857506126165,-0.03011045977473259,True,0
12:01:59.903,5,-0.0007902979850769043,0.0013671211199834943,-0.0003153780708089471,-0.011781269684433937,True,0
12:01:59.910,6,4.559755325317383e-05,6.415543612092733e-05,-0.00018504372565075755,-0.005133781582117081,True,0
12:02:00.268,5,0.00012388825416564941,0.00010773498797789216,-5.3168347221799195e-05,0.014201302081346512,True,0
12:02:00.274,6,6.705522537231445e-06,1.9179804439772852e-05,-9.834326920099556e-05,-0.030312959104776382,True,0
12:02:00.664,5,2.8252601623535156e-05,8.074211655184627e-05,-0.0006215240573510528,0.035957951098680496,True,0
12:02:00.674,6,3.641843795776367e-05,0.00023475600755773485,6.190959538798779e-06,-0.0319579653441906,True,0
12:02:01.058,5,-0.0004150271415710449,0.005736086051911116,-0.0018533284310251474,0.008750262670218945,True,0
12:02:01.065,6,0.00034922361373901367,0.0,-0.00022013507259543985,0.027006030082702637,True,0
12:02:01.445,5,-0.00012889504432678223,0.00045328569831326604,1.4067568088194093e-07,-0.06312315165996552,True,0
12:02:01.451,6,0.00032135844230651855,5.092072024126537e-05,-1.3932492947787978e-05,-0.009002922102808952,True,0
12:02:01.830,5,-0.0002586543560028076,0.0016924971714615822,-0.0006065490888431668,-0.005062371492385864,True,0
12:02:01.836,6,-0.00018799304962158203,0.0,7.359929441008717e-05,0.015090636909008026,True,0
12:02:02.216,5,-0.0002327561378479004,0.0,1.963642716873437e-05,-0.04645346477627754,True,0
12:02:02.224,6,-3.9637088775634766e-05,0.0003726978902705014,0.0001645525189815089,-0.011280857026576996,True,0
12:02:02.596,5,0.00010508298873901367,9.567104279994965e-05,-7.917421498859767e-06,0.022122783586382866,True,0
12:02:02.609,6,0.0002262890338897705,8.810562576400116e-05,1.4741764061909635e-05,-0.028566131368279457,True,0
12:02:02.980,5,0.0008870363235473633,0.002311982214450836,0.003320589428767562,0.011056646704673767,True,0
12:02:02.986,6,3.865361213684082e-05,0.00016106362454593182,0.000473762396723032,-0.00808683317154646,True,0
12:02:03.360,5,2.6106834411621094e-05,0.0,0.0007843301282264292,-0.011476997286081314,True,0
12:02:03.401,6,-3.764033317565918e-05,0.0,-8.758492913329974e-05,0.0006181560456752777,True,0
12:02:03.797,5,0.0004462301731109619,0.0009003123268485069,0.00015268386050593108,-0.038672734051942825,True,0
12:02:03.814,6,-4.476308822631836e-05,0.00020748161477968097,-0.00020730498363263905,0.027188749983906746,True,0
12:02:04.186,5,0.00045794248580932617,0.0,0.0002550712088122964,0.02539350464940071,True,0
12:02:04.207,6,3.883242607116699e-05,0.0002930784539785236,-0.0003047120408155024,0.048726022243499756,True,0
12:02:04.580,5,-0.0005932748317718506,0.0,0.0021973801776766777,-0.037472426891326904,True,0
12:02:04.587,6,9.986758232116699e-05,0.0,0.0003300666867289692,-0.013055451214313507,True,0
12:02:04.967,5,0.0004252195358276367,0.0,5.4020870265958365e-06,0.06347817182540894,True,0
12:02:04.974,6,0.00024366378784179688,0.001026041922159493,4.435457231011242e-05,0.04161150008440018,True,0
12:02:05.346,5,0.0005865693092346191,0.004219353664666414,0.0016452032141387463,-0.01337122917175293,True,0
12:02:05.353,6,0.00030159950256347656,3.793829819187522e-05,-0.0013466781238093972,0.022558631375432014,True,0
12:02:05.728,5,0.0005145072937011719,0.0006016262923367321,-0.0004387193184811622,-0.026301687583327293,True,0
12:02:05.734,6,0.00039896368980407715,8.486694423481822e-05,0.00020146937458775938,0.002288408577442169,True,0
12:02:06.104,5,0.00022330880165100098,0.0,-0.0006109034293331206,-0.01397726684808731,True,0
12:02:06.111,6,0.00014263391494750977,5.820766091346741e-11,-2.1760168237960897e-05,-0.002140692202374339,True,0
12:02:06.478,5,-0.08271217346191406,0.012446355074644089,0.006698274053633213,-0.018806217238307,True,0
12:02:06.486,6,-0.08996930718421936,0.0012168034445494413,-0.005865222308784723,-0.04690253734588623,True,0
12:02:06.850,5,-0.7374140620231628,0.021646473556756973,0.023922502994537354,-0.03941802307963371,True,0
12:02:06.857,6,-0.7466913461685181,0.003496929071843624,0.005341008771210909,-0.09825576841831207,True,0
12:02:07.245,5,-1.150816559791565,1.4551915228366852e-11,-0.0010516366455703974,-0.03680223971605301,True,0
12:02:07.252,6,-1.150974988937378,0.0,0.0028454274870455265,-0.027471257373690605,True,0
12:02:07.636,5,-1.1550490856170654,0.0,0.00020078470697626472,0.019211748614907265,True,0
12:02:07.642,6,-1.1526936292648315,0.0025204636622220278,0.0055093467235565186,-0.029280472546815872,True,0
12:02:08.028,5,-1.1550222635269165,0.0,0.0036139150615781546,-0.003184741362929344,True,0
12:02:08.037,6,-1.1532371044158936,0.005390943959355354,0.01127101294696331,-0.01409912109375,True,0
12:02:08.420,5,-1.2353049516677856,0.0,0.005890411790460348,-0.03569933772087097,True,0
12:02:08.426,6,-1.2416400909423828,0.008811850100755692,0.0016692490316927433,0.059480272233486176,True,0
12:02:08.816,5,-1.539451003074646,0.0007762162713333964,-0.0014402796514332294,0.05823832377791405,True,0
12:02:08.825,6,-1.5380663871765137,0.0,0.006886913441121578,-0.005209535360336304,True,0
12:02:09.206,5,-2.2562689781188965,0.0,-0.0040818192064762115,-0.001688520424067974,True,0
12:02:09.214,6,-2.270712375640869,0.0026165207382291555,0.004295863676816225,-0.04456626623868942,True,0
12:02:09.598,5,-3.118091344833374,0.00029335194267332554,-0.006272491533309221,0.01280505582690239,True,0
12:02:09.609,6,-3.128209114074707,0.004544482100754976,0.013567822985351086,-0.04120887070894241,True,0
12:02:09.992,5,-3.3910837173461914,0.015375678427517414,0.0071668424643576145,0.027724124491214752,True,0
12:02:09.999,6,-3.401369333267212,0.006789619103074074,-0.0013781642774119973,0.004188969731330872,True,0
12:02:10.368,5,-4.191739559173584,0.0,0.00579073978587985,-0.026195421814918518,True,0
12:02:10.382,6,-4.2141432762146,0.0,0.012372490018606186,-0.00665304996073246,True,0
12:02:10.752,5,-5.031753063201904,0.008908537216484547,-0.0008618883439339697,-0.029832080006599426,True,0
12:02:10.759,6,-5.043308734893799,0.009271111339330673,0.01854690909385681,-0.022107256576418877,True,0
12:02:11.130,5,-5.766511917114258,0.005735444836318493,0.014623802155256271,-0.06086599826812744,True,0
12:02:11.137,6,-5.777760982513428,0.014114993624389172,0.010813096538186073,0.013479810208082199,True,0
12:02:11.508,5,-6.3193840980529785,0.0030471424106508493,-0.00017024230328388512,-0.017985869199037552,True,0
12:02:11.514,6,-6.3328399658203125,0.0,0.007213896606117487,-0.009617077186703682,True,0
12:02:11.879,5,-6.825797080993652,0.0,0.003530193353071809,-0.0627046525478363,True,0
12:02:11.885,6,-6.835170269012451,0.005396975204348564,-0.00269149336963892,0.039210978895425797,True,0
12:02:12.254,5,-7.520862579345703,0.010499842464923859,0.011481796391308308,-0.05914483964443207,True,0
12:02:12.261,6,-7.5420002937316895,0.01763959228992462,-0.01138139609247446,0.02565433830022812,True,0
12:02:12.646,5,-8.396440505981445,0.01168572437018156,0.01296874787658453,-0.022727714851498604,True,0
12:02:12.656,6,-8.412517547607422,0.0032701054587960243,-0.005675442982465029,-0.06629713624715805,True,0
12:02:13.043,5,-9.179561614990234,0.006296355277299881,-0.0004257543187122792,0.0061222948133945465,True,0
12:02:13.054,6,-9.190053939819336,0.0,0.026527345180511475,-0.02553584612905979,True,0
12:02:13.438,5,-9.403151512145996,0.0,0.00031301676062867045,-0.05264480412006378,True,0
12:02:13.449,6,-9.406603813171387,0.006157195195555687,0.0025881922338157892,-0.07042063027620316,True,0
12:02:13.847,5,-9.925296783447266,0.002116721821948886,-0.0012775403447449207,-0.01762315444648266,True,0
12:02:13.855,6,-9.931612968444824,0.0,0.01192769967019558,0.01471414603292942,True,0
12:02:14.240,5,-10.193095207214355,0.0,0.0006103530176915228,-0.054025109857320786,True,0
12:02:14.246,6,-10.201613426208496,0.018850071355700493,0.004889956675469875,-0.04468768090009689,True,0
12:02:14.627,5,-10.637383460998535,0.00029615615494549274,0.003387827193364501,0.031038226559758186,True,0
12:02:14.633,6,-10.640275955200195,0.0010489700362086296,5.346097532310523e-05,0.015841038897633553,True,0
12:02:15.012,5,-10.938491821289062,0.0,-0.00023453582252841443,-0.024938879534602165,True,0
12:02:15.020,6,-10.942337989807129,0.00234391656704247,0.013597403652966022,0.03961775079369545,True,0
12:02:15.421,5,-11.22237777709961,-1.1641532182693481e-10,-0.0007329274667426944,-0.026211516931653023,True,0
12:02:15.428,6,-11.225508689880371,0.0003496825520414859,0.0020765643566846848,-0.020482340827584267,True,0
12:02:15.816,5,-11.363282203674316,0.0,-0.0022576095070689917,-0.037317801266908646,True,0
12:02:15.822,6,-11.365739822387695,0.003121705260127783,-0.0032080020755529404,-0.01580915041267872,True,0
12:02:16.209,5,-11.423330307006836,0.0,0.0017574253724887967,-0.019248060882091522,True,0
12:02:16.216,6,-11.42568588256836,0.0005390448495745659,0.0008790704887360334,0.03154157102108002,True,0
12:02:16.596,5,-11.531048774719238,2.891523763537407e-06,0.00019262496789451689,-0.03211937099695206,True,0
12:02:16.604,6,-11.526408195495605,0.0004362461331766099,7.793543773004785e-05,-0.039082784205675125,True,0
12:02:16.989,5,-11.60917854309082,0.0,0.000327434012433514,-0.0787854865193367,True,0
12:02:16.997,6,-11.607657432556152,0.0026333231944590807,-0.0009705370175652206,-0.021268660202622414,True,0
12:02:17.382,5,-11.698234558105469,0.0031543716322630644,0.00020143551228102297,0.016316354274749756,True,0
12:02:17.389,6,-11.697149276733398,0.004123513121157885,-0.0011518971296027303,-0.026316896080970764,True,0
12:02:17.758,5,-11.77987289428711,0.0019420813769102097,0.0019795175176113844,-0.009420670568943024,True,0
12:02:17.775,6,-11.77889633178711,0.0,0.0020041889511048794,0.023164596408605576,True,0
12:02:18.147,5,-11.84299087524414,0.0015428700717166066,0.0011803009547293186,0.012494940310716629,True,0
12:02:18.153,6,-11.841574668884277,0.0030581383034586906,4.1759769374039024e-05,-0.015880737453699112,True,0
12:02:18.523,5,-11.888714790344238,0.0002942943247035146,-0.0002197340363636613,0.01721118949353695,True,0
12:02:18.531,6,-11.88730525970459,0.003155703656375408,0.0038171010091900826,-0.035415034741163254,True,0
12:02:18.906,5,-11.93462085723877,0.0,0.006213843356817961,-0.022892581298947334,True,0
12:02:18.913,6,-11.932971000671387,0.0027244780212640762,0.002883628709241748,-0.004934252705425024,True,0
12:02:19.280,5,-11.980597496032715,0.0,0.002314815064892173,-0.0013333596289157867,True,0
12:02:19.288,6,-11.97866153717041,0.001981311710551381,0.00021316169295459986,-0.009796075522899628,True,0
12:02:19.658,5,-12.002517700195312,1.1641532182693481e-10,0.004467173479497433,-0.03907736390829086,True,0
12:02:19.665,6,-12.002159118652344,0.0014775641029700637,0.0002746147511061281,-0.04779880493879318,True,0
12:02:20.028,5,-12.002933502197266,0.0026971762999892235,0.004914719145745039,-0.0013548340648412704,True,0
12:02:20.035,6,-12.002224922180176,0.0033748147543519735,0.004904200788587332,0.007222728803753853,True,0
12:02:20.416,5,-12.002498626708984,0.0010894200531765819,0.011757557280361652,-0.029848070815205574,True,0
12:02:20.422,6,-12.002254486083984,0.0,0.0003399715351406485,-0.011052772402763367,True,0
12:02:20.802,5,-12.004033088684082,0.0,-0.001018394366838038,0.02391814813017845,True,0
12:02:20.809,6,-12.002588272094727,0.002013818360865116,-0.00036325358087196946,-0.013017941266298294,True,0
12:02:21.182,5,-12.002845764160156,0.00022542127408087254,-0.0016265310114249587,-0.01403571106493473,True,0
12:02:21.188,6,-12.002411842346191,0.0021917347330600023,0.0012302796822041273,0.015312183648347855,True,0
12:02:21.565,5,-12.0028715133667,0.0008323083748109639,-0.0016506084939464927,0.017959417775273323,True,0
12:02:21.575,6,-12.002284049987793,0.0019452079432085156,0.0015420253621414304,-0.042115021497011185,True,0
12:02:21.953,5,-12.0032377243042,0.0,-0.0006879260763525963,-0.00926234945654869,True,0
12:02:21.967,6,-12.002236366271973,0.0013139096554368734,0.0017281401669606566,0.044795919209718704,True,0
12:02:22.341,5,-11.848082542419434,0.0002407501742709428,-0.0006283303955569863,0.04914916306734085,True,0
12:02:22.347,6,-11.849492073059082,0.00013141354429535568,7.162154361139983e-05,-0.008491873741149902,True,0
12:02:22.719,5,-11.843613624572754,0.006271744146943092,0.008665653876960278,0.02092485874891281,True,0
12:02:22.726,6,-11.843252182006836,0.0,-0.0002665304928086698,0.03155164420604706,True,0
12:02:23.097,5,-11.844549179077148,0.0006100698374211788,0.008916730992496014,-0.027485553175210953,True,0
12:02:23.104,6,-11.843446731567383,4.622305277734995e-05,0.00019043505017179996,0.00256136991083622,True,0
12:02:23.469,5,-11.847290992736816,0.00020209049398545176,3.27253328578081e-05,0.019826343283057213,True,0
12:02:23.476,6,-11.84765911102295,1.1641532182693481e-10,-0.002674686722457409,0.003791291266679764,True,0
12:02:23.848,5,-11.858993530273438,0.0,0.0009747407166287303,0.01911497674882412,True,0
12:02:23.857,6,-11.859800338745117,0.0022059299517422915,-0.0007495153113268316,-0.0074947066605091095,True,0
12:02:24.240,5,-11.857837677001953,0.0,0.0029927173163741827,0.0743027999997139,True,0
12:02:24.247,6,-11.859808921813965,0.0,0.002035688143223524,0.02546604722738266,True,0
12:02:24.639,5,-11.858579635620117,0.0002778877387754619,2.0787936591659673e-05,-0.04404411092400551,True,0
12:02:24.646,6,-11.859840393066406,0.0,0.0002734677109401673,-0.016678525134921074,True,0
12:02:25.029,5,-11.858661651611328,0.0,-7.229124457808211e-05,0.02633991651237011,True,0
12:02:25.035,6,-11.859769821166992,7.502302196371602e-06,-0.0012883426388725638,-0.0012401808053255081,True,0
12:02:25.416,5,-11.859325408935547,0.0,0.001122322166338563,0.0003926418721675873,True,0
12:02:25.425,6,-11.859576225280762,0.0,0.0006806367309764028,-0.03266318887472153,True,0
12:02:25.811,5,-11.85861587524414,4.76167188026011e-05,3.525450301822275e-05,-0.026751616969704628,True,0
12:02:25.818,6,-11.859309196472168,0.0,0.0004163725534453988,-0.042988505214452744,True,0
12:02:26.202,5,-11.858013153076172,0.0,8.17132786323782e-06,-0.014517877250909805,True,0
12:02:26.208,6,-11.85959529876709,-1.4551915228366852e-11,0.00010742334416136146,0.002297467552125454,True,0
12:02:26.590,5,-11.857236862182617,0.0002242848859168589,-0.0004683809238485992,-0.027025744318962097,True,0
12:02:26.596,6,-11.859395980834961,6.78830620017834e-05,-6.328520976239815e-05,0.01087778527289629,True,0
12:02:26.964,5,-11.857966423034668,0.0010062319925054908,0.00044423132203519344,-0.009665973484516144,True,0
12:02:26.980,6,-11.859644889831543,0.0,0.0005836075288243592,0.024188917130231857,True,0
12:02:27.350,5,-11.857280731201172,0.0006898202700540423,-0.0006810229970142245,0.002869179006665945,True,0
12:02:27.357,6,-11.85869312286377,4.764448385685682e-05,0.0028377303387969732,-0.019097978249192238,True,0
12:02:27.723,5,-11.857259750366211,0.0017225751653313637,0.001337036257609725,-0.003711901605129242,True,0
12:02:27.730,6,-11.859295845031738,0.0,9.83108111540787e-06,0.027335219085216522,True,0
12:02:28.099,5,-11.858240127563477,1.1641532182693481e-10,0.0018459947314113379,0.02382422611117363,True,0
12:02:28.107,6,-11.858826637268066,0.0,-9.703860996523872e-05,-0.031017402186989784,True,0
12:02:28.475,5,-11.857465744018555,0.0007116125780157745,2.104007080561132e-06,0.0025873668491840363,True,0
12:02:28.481,6,-11.8590726852417,0.00017248991935048252,0.00030739704379811883,0.006071177311241627,True,0
12:02:28.841,5,-11.856687545776367,0.00218857335858047,0.0006390974158421159,-0.0095292367041111,True,0
12:02:28.847,6,-11.858811378479004,0.0,-9.564610809320584e-05,-0.004464391618967056,True,0
12:02:29.223,5,-11.857324600219727,0.0,-0.000270348769845441,-0.018179534003138542,True,0
12:02:29.230,6,-11.859082221984863,4.73661748401355e-05,0.0012556164292618632,-0.006621891632676125,True,0
12:02:29.612,5,-11.856215476989746,0.0004205716832075268,0.0026152750942856073,0.021407628431916237,True,0
12:02:29.619,6,-11.858881950378418,3.468198701739311e-05,0.0012153236893936992,-0.016783302649855614,True,0
12:02:29.996,5,-11.856790542602539,0.0006758680683560669,-0.0008990084170363843,0.01763295754790306,True,0
12:02:30.002,6,-11.858652114868164,0.0,-0.00029958656523376703,0.045697662979364395,True,0
12:02:30.383,5,-11.856432914733887,0.00028530159033834934,0.00026463682297617197,0.021229438483715057,True,0
12:02:30.390,6,-11.858640670776367,0.0018372787162661552,0.0006206909311003983,0.02290121279656887,True,0
12:02:30.765,5,-11.856456756591797,6.942165782675147e-05,-0.0007663381402380764,0.007840655744075775,True,0
12:02:30.774,6,-11.858240127563477,0.0024099929723888636,-1.841826997406315e-05,-0.017274988815188408,True,0
12:02:31.146,5,-11.855974197387695,0.0,0.0005907813902013004,0.053066618740558624,True,0
12:02:31.153,6,-11.857769012451172,0.0,0.0012305431300774217,0.06634096056222916,True,0
12:02:31.533,5,-11.856728553771973,0.002553527243435383,7.980240479810163e-05,0.006524551659822464,True,0
12:02:31.540,6,-11.858121871948242,0.0006348021561279893,0.0002704962680581957,0.006178576499223709,True,0
12:02:31.911,5,-11.856466293334961,0.0012483608443289995,-0.00012488951324485242,-0.017009209841489792,True,0
12:02:31.918,6,-11.858022689819336,-1.1641532182693481e-10,-0.00024151486286427826,-0.010726019740104675,True,0
12:02:32.291,5,-11.856465339660645,0.0009129720274358988,-0.0008041582768782973,-0.001492394134402275,True,0
12:02:32.299,6,-11.85759162902832,0.0,3.5376633604755625e-06,0.014124685898423195,True,0
12:02:32.672,5,-11.856500625610352,0.0007236306555569172,0.00031483088969253004,-0.016697561368346214,True,0
12:02:32.681,6,-11.857606887817383,9.094947017729282e-13,-4.320439256844111e-05,-0.009752772748470306,True,0
12:02:33.053,5,-11.855957984924316,0.0,-0.0013644599821418524,0.01581175997853279,True,0
12:02:33.061,6,-11.857536315917969,0.0,0.0005729123950004578,0.027237987145781517,True,0
12:02:33.419,5,-11.856483459472656,0.0016039093025028706,0.0023311967961490154,0.0032763518393039703,True,0
12:02:33.426,6,-11.85751724243164,0.0005448586889542639,0.0019064809894189239,-0.0064031570218503475,True,0
12:02:33.815,5,-11.854988098144531,0.0,0.002551847603172064,-0.021307403221726418,True,0
12:02:33.821,6,-11.857417106628418,0.0009517840808257461,-1.8596421796246432e-05,-0.01507715042680502,True,0
12:02:34.208,5,-11.854613304138184,0.0,-0.0026659772265702486,-0.012834250926971436,True,0
12:02:34.216,6,-11.857148170471191,0.0,-0.00038980215322226286,-0.04156225919723511,True,0
12:02:34.608,5,-11.855395317077637,0.0004948010318912566,0.0001285832840949297,-0.008291516453027725,True,0
12:02:34.616,6,-11.857110023498535,0.0010256172390654683,-0.0005877715884707868,0.007698175497353077,True,0
12:02:34.998,5,-11.855875968933105,0.0,0.0005369596765376627,0.008726445958018303,True,0
12:02:35.005,6,-11.856634140014648,6.325659342110157e-05,-0.00013435774599201977,-0.04410743713378906,True,0
12:02:35.382,5,-11.854985237121582,0.0,9.26801294554025e-05,0.041662149131298065,True,0
12:02:35.388,6,-11.856285095214844,0.00026121511473320425,-0.0002823048853315413,-0.01707286946475506,True,0
12:02:35.765,5,-11.854864120483398,0.0008922428824007511,8.494513167534024e-05,0.011553403921425343,True,0
12:02:35.771,6,-11.856024742126465,0.0008640779415145516,-0.000173980908584781,0.006476830691099167,True,0
12:02:36.139,5,-11.855329513549805,0.0013128840364515781,0.0012835207162424922,0.029253069311380386,True,0
12:02:36.153,6,-11.856306076049805,0.0,0.0001108231081161648,0.024687066674232483,True,0
12:02:36.523,5,-11.85468578338623,-2.9103830456733704e-11,-0.0006318980013020337,-0.03947192430496216,True,0
12:02:36.530,6,-11.856136322021484,0.0,2.4870385459507816e-05,-0.004327695816755295,True,0
12:02:36.897,5,-11.854097366333008,0.0,0.0024972024839371443,0.01838129386305809,True,0
12:02:36.903,6,-11.856412887573242,-1.4551915228366852e-11,9.711828170111403e-06,-0.03190449997782707,True,0
12:02:37.266,5,-11.853567123413086,0.00048570195212960243,-0.0007394145941361785,0.05170777812600136,True,0
12:02:37.273,6,-11.856367111206055,0.00024014704104047269,-4.388973684399389e-05,0.04470548778772354,True,0
12:02:37.636,5,-11.854592323303223,0.0,0.0002502762363292277,0.007230954244732857,True,0
12:02:37.643,6,-11.855809211730957,4.693847586167976e-05,-0.00027674276498146355,-0.027516739442944527,True,0
12:02:38.000,5,-11.854992866516113,0.00794683862477541,0.004303943365812302,0.0017549395561218262,True,0
12:02:38.006,6,-11.855778694152832,0.0,-0.00015470800281036645,0.0009187012910842896,True,0
12:02:38.397,5,-11.85439395904541,0.0,-0.0008000332163646817,-0.0035252124071121216,True,0
12:02:38.404,6,-11.855622291564941,0.00037467540823854506,0.0008165434701368213,-0.05279083549976349,True,0
12:02:38.792,5,-11.85379409790039,0.0,-0.00020435304031707346,-0.03629475086927414,True,0
12:02:38.798,6,-11.855314254760742,0.000569914816878736,-7.754840044071898e-05,0.034845609217882156,True,0
12:02:39.178,5,-11.853157997131348,0.002988480031490326,0.0027635921724140644,0.0008233041735365987,True,0
12:02:39.185,6,-11.8554048538208,0.0,0.0001167051013908349,-0.019956013187766075,True,0
12:02:39.566,5,-11.853083610534668,0.002057288307696581,-2.7858726753038354e-05,0.013084761798381805,True,0
12:02:39.573,6,-11.854966163635254,0.0006866901530884206,0.0006384362350217998,0.03597409650683403,True,0
12:02:39.951,5,-11.853602409362793,0.00027859743568114936,0.0006225247052498162,0.022573046386241913,True,0
12:02:39.957,6,-11.854927062988281,0.0,0.0007243012660183012,-0.007108250632882118,True,0
12:02:40.324,5,-11.853391647338867,0.0,0.0023706809151917696,-0.024760596454143524,True,0
12:02:40.330,6,-11.855179786682129,0.0019655891228467226,-0.00048655105638317764,-0.01685389131307602,True,0
12:02:40.704,5,-11.85421085357666,0.0011885995045304298,-2.0577155737555586e-05,0.001249946653842926,True,0
12:02:40.711,6,-11.854939460754395,0.0,-0.0008447967120446265,-0.0014810934662818909,True,0
12:02:41.087,5,-11.853553771972656,0.0,0.0007326373597607017,-0.044289104640483856,True,0
12:02:41.096,6,-11.854869842529297,0.00031563069205731153,0.0010605108691379428,-0.01820388250052929,True,0
12:02:41.459,5,-11.854065895080566,0.0026976573280990124,0.0010770253138616681,-0.05600679665803909,True,0
12:02:41.466,6,-11.855026245117188,0.0,0.0007958134519867599,0.022147294133901596,True,0
12:02:41.826,5,-11.853859901428223,0.001973893726244569,0.0006958810845389962,-0.034823257476091385,True,0
12:02:41.836,6,-11.854475021362305,0.0,-0.001004883786663413,-0.0033026114106178284,True,0
12:02:42.192,5,-11.853107452392578,0.0,-0.00048061294364742935,0.014921207912266254,True,0
12:02:42.199,6,-11.854445457458496,0.0,-8.956506644608453e-05,0.013415681198239326,True,0
12:02:42.576,5,-11.853564262390137,0.0005745410453528166,0.001579055329784751,0.025723358616232872,True,0
12:02:42.583,6,-11.854249000549316,1.856431845226325e-05,0.00019923340005334467,0.006604264490306377,True,0
12:02:42.960,5,-11.852720260620117,0.0,0.0001516687188996002,0.0157613605260849,True,0
12:02:42.968,6,-11.854046821594238,0.0007299399003386497,-0.00019014150893781334,0.01040762010961771,True,0
12:02:43.348,5,-11.85307502746582,0.0009699281654320657,-0.0004258760600350797,0.046225786209106445,True,0
12:02:43.355,6,-11.854134559631348,0.00020598276751115918,0.00013208232121542096,-0.028377715498209,True,0
12:02:43.722,5,-11.853995323181152,0.0012433102820068598,0.0018152412958443165,0.041177898645401,True,0
12:02:43.738,6,-11.854203224182129,7.52263076719828e-05,0.0005797522026114166,0.07268299907445908,True,0
12:02:44.110,5,-11.85204029083252,0.0029675678815692663,0.0024769410956650972,-0.05441952869296074,True,0
12:02:44.117,6,-11.85411548614502,0.0,-0.0012722881510853767,-0.007556729018688202,True,0
12:02:44.484,5,-11.852917671203613,0.0003463169850874692,-0.00015755349886603653,-0.0065198857337236404,True,0
12:02:44.494,6,-11.853991508483887,0.0006703152903355658,0.0003830928180832416,0.004626287147402763,True,0
12:02:44.862,5,-11.851873397827148,0.0033152634277939796,-7.261110295075923e-05,0.031522370874881744,True,0
12:02:44.869,6,-11.853801727294922,0.0010145925916731358,-0.0006611049175262451,-0.012793788686394691,True,0
12:02:45.233,5,-11.852622985839844,0.0,0.0023602640721946955,0.07747506350278854,True,0
12:02:45.240,6,-11.853779792785645,2.267347736051306e-05,2.123274862242397e-05,-0.025324612855911255,True,0
12:02:45.599,5,-11.851953506469727,0.0,-0.0010007437085732818,0.051868535578250885,True,0
12:02:45.606,6,-11.853720664978027,0.0,5.5186850659083575e-05,0.009588897228240967,True,0
12:02:45.994,5,-11.851794242858887,0.008634468540549278,0.0013083273079246283,0.04034723341464996,True,0
12:02:46.000,6,-11.853736877441406,0.0,0.004185476806014776,-0.009285641834139824,True,0
12:02:46.390,5,-11.853536605834961,0.0048049199394881725,0.005244455300271511,0.05596213415265083,True,0
12:02:46.397,6,-11.853492736816406,0.0,4.278812866687076e-06,-0.015133228152990341,True,0
12:02:46.780,5,-11.659627914428711,0.013408763334155083,0.011346007697284222,-0.032078854739665985,True,0
12:02:46.787,6,-11.648202896118164,0.00044823309872299433,-0.0008873509359546006,0.046437643468379974,True,0
12:02:47.171,5,-11.360036849975586,0.0032805937808007,0.005182832945138216,0.05169907957315445,True,0
12:02:47.180,6,-11.34351921081543,0.023301556706428528,0.008606774732470512,0.006888829171657562,True,0
12:02:47.575,5,-10.417747497558594,0.011233302764594555,0.009897265583276749,-0.010677054524421692,True,0
12:02:47.582,6,-10.397579193115234,0.0,-0.002933837939053774,0.0608288012444973,True,0
12:02:47.963,5,-9.466082572937012,0.021567389369010925,0.02064606361091137,-0.028231315314769745,True,0
12:02:47.971,6,-9.451169967651367,0.009701099246740341,-0.027566321194171906,0.0025834087282419205,True,0
12:02:48.353,5,-8.528380393981934,0.005235146731138229,0.013887797482311726,0.014804985374212265,True,0
12:02:48.360,6,-8.499502182006836,0.017041904851794243,0.02229750156402588,0.004686214029788971,True,0
12:02:48.737,5,-7.590131759643555,0.007171147037297487,0.0016564314719289541,-0.0027920901775360107,True,0
12:02:48.749,6,-7.54797887802124,0.0075091212056577206,-0.003891157219186425,0.03784972429275513,True,0
12:02:49.142,5,-6.6191725730896,0.008065944537520409,-0.011565528810024261,0.004026683978736401,True,0
12:02:49.150,6,-6.578583240509033,0.0,-0.0019071554997935891,-0.01955374889075756,True,0
12:02:49.540,5,-5.650630950927734,0.0,0.024355033412575722,-0.056368421763181686,True,0
12:02:49.551,6,-5.603942394256592,0.0,-0.0020463713444769382,0.02963903546333313,True,0
12:02:49.924,5,-4.7128167152404785,0.0,0.012761665508151054,0.008954845368862152,True,0
12:02:49.931,6,-4.700227737426758,0.001528141088783741,-0.0001342294563073665,0.029756372794508934,True,0
12:02:50.319,5,-4.623764991760254,0.0,0.0005350103601813316,0.04038344323635101,True,0
12:02:50.327,6,-4.620871067047119,0.000715178030077368,0.0013078023912385106,0.01845734193921089,True,0
12:02:50.760,5,-3.874270439147949,0.005343333352357149,-0.013007374480366707,0.03570602089166641,True,0
12:02:50.769,6,-3.866201400756836,0.0017686644569039345,0.026699231937527657,0.022034017369151115,True,0
12:02:51.157,5,-2.913489818572998,0.0,0.00544505100697279,0.03171028569340706,True,0
12:02:51.167,6,-2.89169979095459,0.0,0.01771622523665428,0.024436132982373238,True,0
12:02:51.617,5,-1.8505375385284424,0.03001386672258377,0.021674171090126038,0.010645212605595589,True,0
12:02:51.625,6,-1.8203437328338623,9.313225746154785e-10,0.004116331692785025,0.03487517684698105,True,0
12:02:52.034,5,-0.7788493633270264,2.3283064365386963e-10,-0.0040036472491919994,0.05789468437433243,True,0
12:02:52.044,6,-0.7560942769050598,0.015294685028493404,0.023799914866685867,0.03033830039203167,True,0
12:02:52.438,5,0.191606342792511,0.0,0.026798076927661896,0.06026932969689369,True,0
12:02:52.447,6,0.20947390794754028,0.0,0.0075140222907066345,0.011525634676218033,True,0
12:02:52.834,5,1.1716456413269043,0.03475740924477577,0.021545177325606346,-0.04032222926616669,True,0
12:02:52.843,6,1.1898350715637207,0.04634007439017296,0.06035767123103142,0.08357875049114227,True,0
12:02:53.229,5,1.7721319198608398,0.0010753130773082376,0.000731437758076936,0.06738464534282684,True,0
12:02:53.236,6,1.7743186950683594,0.001125472248531878,0.0011960419360548258,0.01585661806166172,True,0
12:02:53.623,5,2.3991894721984863,0.04130261391401291,0.028710832819342613,0.05298372358083725,True,0
12:02:53.630,6,2.4170889854431152,0.0,-0.013522537425160408,-0.018448416143655777,True,0
12:02:54.014,5,2.7763264179229736,0.004725179634988308,0.001946762204170227,0.017032504081726074,True,0
12:02:54.021,6,2.780561685562134,0.0014604274183511734,-0.002967503387480974,-0.02156922034919262,True,0
12:02:54.412,5,3.3524255752563477,0.0022318449337035418,0.005041127093136311,0.0003094587300438434,True,0
12:02:54.419,6,3.356419563293457,0.0,6.467432103818282e-05,-0.013522632420063019,True,0
12:02:54.795,5,3.639456033706665,0.0,0.010113277472555637,0.04305300489068031,True,0
12:02:54.802,6,3.6497597694396973,0.0,-0.0022801554296165705,0.006276816129684448,True,0
12:02:55.189,5,3.7021026611328125,0.0,0.00026401685317978263,0.034758713096380234,True,0
12:02:55.195,6,3.703545331954956,0.0,-0.00015411154890898615,6.608478724956512e-05,True,0
12:02:55.570,5,3.702233076095581,0.0,0.0037004321347922087,0.03629671037197113,True,0
12:02:55.581,6,3.7047455310821533,0.005506419111043215,0.002389006083831191,0.04375533014535904,True,0
12:02:55.951,5,3.70184326171875,0.004484707489609718,0.0016362773021683097,-0.024613838642835617,True,0
12:02:55.958,6,3.7032320499420166,0.0005002853577025235,0.0034916256554424763,0.0036267340183258057,True,0
12:02:56.331,5,3.701723098754883,0.0,-0.0010518758790567517,-0.031736306846141815,True,0
12:02:56.339,6,3.7033612728118896,0.0,0.0005879186210222542,-0.004994131624698639,True,0
12:02:56.706,5,3.702042579650879,0.0,-0.0007891261484473944,-0.007530100643634796,True,0
12:02:56.713,6,3.704582452774048,0.014662755653262138,0.01115414034575224,-0.01591317355632782,True,0
12:02:57.078,5,3.7017011642456055,0.0,8.677702862769365e-05,0.03984744846820831,True,0
12:02:57.085,6,3.7028725147247314,0.0005543035222217441,-4.429435284691863e-05,-0.06260661035776138,True,0
12:02:57.447,5,3.7013137340545654,-5.820766091346741e-11,-0.0011322980280965567,0.0034976161550730467,True,0
12:02:57.454,6,3.7027413845062256,0.0,0.0004801166651304811,-0.011055130511522293,True,0
12:02:57.841,5,3.7015223503112793,9.972718544304371e-06,0.00013886047236155719,-0.025419779121875763,True,0
12:02:57.850,6,3.702165365219116,8.445465937256813e-05,-0.00013073616719339043,-0.013551425188779831,True,0
12:02:58.233,5,3.700974941253662,0.0,-0.0005579920252785087,-0.04926344007253647,True,0
12:02:58.240,6,3.702317237854004,0.0002863124245777726,-7.279179953911807e-06,-0.01680978573858738,True,0
12:02:58.631,5,3.9989023208618164,0.0,0.0007390244281850755,0.03193305432796478,True,0
12:02:58.640,6,3.9980287551879883,0.0,0.00024371013569179922,0.02451220341026783,True,0
12:02:59.025,5,4.089780807495117,0.0,0.011267737485468388,-0.03254271298646927,True,0
12:02:59.032,6,4.0948710441589355,0.010143451392650604,-0.0012788297608494759,0.032789960503578186,True,0
12:02:59.420,5,4.751795291900635,0.014049092307686806,-0.011757204309105873,0.0144483158364892,True,0
12:02:59.427,6,4.764188289642334,0.0,0.001245035557076335,0.05740782618522644,True,0
12:02:59.806,5,4.977987289428711,0.0001329905353486538,0.008245175704360008,-0.02357705868780613,True,0
12:02:59.812,6,4.97456693649292,0.0005011191824451089,-0.0020574063528329134,-0.01938687078654766,True,0
12:03:00.206,5,4.979313850402832,0.0005721194320358336,6.553605544468155e-06,0.014323998242616653,True,0
12:03:00.213,6,4.975541114807129,0.0,0.0010402478510513902,0.031154224649071693,True,0
12:03:00.599,5,4.978800296783447,0.00030321371741592884,-0.0006769715109840035,0.009290918707847595,True,0
12:03:00.607,6,4.975118160247803,0.0,-0.0026905678678303957,-0.02581850439310074,True,0
12:03:00.987,5,4.979118347167969,0.0,0.0002791967708617449,-0.01663237437605858,True,0
12:03:00.996,6,4.975984573364258,0.0044520264491438866,0.0022701816633343697,-0.01743379980325699,True,0
12:03:01.386,5,5.351290702819824,0.005091895814985037,0.006321217864751816,0.0123240165412426,True,0
12:03:01.393,6,5.355491638183594,0.0,0.0009505061316303909,-0.021188996732234955,True,0
12:03:01.822,5,5.473379135131836,0.009924542158842087,0.008860360831022263,0.05438500642776489,True,0
12:03:01.829,6,5.48335599899292,0.0,0.0019591720774769783,0.020788634195923805,True,0
12:03:02.210,5,5.780152797698975,0.0,0.002948649227619171,0.01495371013879776,True,0
12:03:02.218,6,5.787557601928711,0.0010636122897267342,-0.0016536896582692862,-0.01626082882285118,True,0
12:03:02.613,5,5.869678020477295,0.006755010224878788,-0.0007132632890716195,-0.03593350201845169,True,0
12:03:02.620,6,5.871535778045654,0.0,-0.0022634724155068398,0.02621019072830677,True,0
12:03:03.006,5,6.0630412101745605,0.0054975952953100204,0.004702569451183081,-0.010302848182618618,True,0
12:03:03.015,6,6.065872669219971,0.005417363252490759,0.0020453438628464937,-0.016243329271674156,True,0
12:03:03.397,5,6.205765247344971,0.0005903944838792086,-0.003066216828301549,0.007854626514017582,True,0
12:03:03.404,6,6.210241317749023,0.0008452803012914956,-0.001788743888027966,0.0056909844279289246,True,0
12:03:03.788,5,6.307366371154785,0.0,0.0023767820093780756,0.03308074548840523,True,0
12:03:03.796,6,6.309028625488281,0.004805950913578272,-0.0006514914566650987,-0.0032399632036685944,True,0
12:03:04.189,5,6.373873233795166,0.0011990652419626713,-0.0005178182618692517,0.012648658826947212,True,0
12:03:04.197,6,6.37681770324707,0.0,0.003547834465280175,-0.00018118321895599365,True,0
12:03:04.578,5,6.401486873626709,0.0,0.004130346700549126,0.02103930152952671,True,0
12:03:04.588,6,6.407050609588623,5.528493784368038e-05,-0.0005518509424291551,-0.014158007688820362,True,0
12:03:04.971,5,6.427453994750977,0.0,-0.0005760214407928288,-0.013094604015350342,True,0
12:03:04.979,6,6.420571327209473,0.0025458151940256357,0.0013564700493589044,-0.0378895178437233,True,0
12:03:05.392,5,6.323103904724121,0.0,0.005479170009493828,-0.07530584186315536,True,0
12:03:05.406,6,6.325228214263916,1.1007212918912046e-08,-4.5627290091942996e-05,-0.05166618898510933,True,0
12:03:05.812,5,6.363690376281738,0.0,0.001678723725490272,0.06775644421577454,True,0
12:03:05.820,6,6.369048595428467,0.0018707833951339126,-0.002042672596871853,0.06475894153118134,True,0
12:03:06.204,5,6.39015007019043,0.0008415012853220105,0.0008969400660134852,0.03391097113490105,True,0
12:03:06.211,6,6.395907878875732,0.0,0.0005648647784255445,0.003973307088017464,True,0
12:03:06.595,5,6.389986038208008,0.004584096372127533,-0.00022681881091557443,-0.017761923372745514,True,0
12:03:06.602,6,6.396764755249023,7.753862155368552e-05,2.802721064654179e-05,0.0008252467960119247,True,0
12:03:06.988,5,6.389934539794922,0.0030132292304188013,0.004295480903238058,0.018617067486047745,True,0
12:03:06.997,6,6.396633148193359,0.0,0.0014973990619182587,0.03003132902085781,True,0
12:03:07.378,5,6.390316009521484,0.0,0.002129793632775545,-0.008687919937074184,True,0
12:03:07.385,6,6.396158695220947,0.0003833012015093118,0.0007812323165126145,0.011160168796777725,True,0
12:03:07.752,5,6.390401840209961,0.0002817234490066767,-0.002240939298644662,-0.003929613158106804,True,0
12:03:07.771,6,6.395975112915039,3.339864997542463e-05,-0.00014695976278744638,0.016759954392910004,True,0
12:03:08.150,5,6.389857292175293,0.002180402399972081,-0.0010813040426000953,0.05222760885953903,True,0
12:03:08.157,6,6.395948886871338,0.0005006465362384915,-2.095435411320068e-05,0.02236779034137726,True,0
12:03:08.533,5,6.390174388885498,0.0,-0.002479204908013344,0.0029792338609695435,True,0
12:03:08.540,6,6.3957037925720215,0.0,0.0001676555402809754,0.0050122421234846115,True,0
12:03:08.905,5,6.390551567077637,0.0,-0.0012894760584458709,-0.034279100596904755,True,0
12:03:08.912,6,6.395646572113037,0.0,0.0002375266922172159,0.0030438080430030823,True,0
12:03:09.276,5,6.389558792114258,0.0,0.009441358968615532,0.03928471356630325,True,0
12:03:09.283,6,6.395301818847656,0.002845686860382557,0.0003681603993754834,-0.01063547469675541,True,0
12:03:09.643,5,6.390157222747803,0.0,-0.0006100271129980683,0.012918442487716675,True,0
12:03:09.649,6,6.395178318023682,0.00017475016647949815,0.001196760218590498,0.00891649629920721,True,0
12:03:10.032,5,6.389925479888916,0.0027584973722696304,0.0028068909887224436,0.01682536117732525,True,0
12:03:10.039,6,6.395208358764648,0.0,0.0004854975559283048,0.0672178715467453,True,0
12:03:10.427,5,6.389988422393799,0.002955799922347069,-0.00045827787835150957,0.028964372351765633,True,0
12:03:10.433,6,6.394708633422852,0.0,-0.00024427875177934766,0.03312351554632187,True,0
12:03:10.813,5,6.389867782592773,0.002909829607233405,0.0021419483236968517,0.07752276211977005,True,0
12:03:10.821,6,6.395012855529785,0.0,0.0009245590190403163,0.018241383135318756,True,0
12:03:11.210,5,6.389619827270508,0.0064232200384140015,0.0019110753200948238,-0.05628903582692146,True,0
12:03:11.217,6,6.394707679748535,0.00039770061266608536,-2.1077670680824667e-05,-0.01761990785598755,True,0
12:03:11.602,5,6.389941215515137,0.0016991019947454333,1.5711171727161855e-05,0.04694075882434845,True,0
12:03:11.609,6,6.3946309089660645,0.0,-0.00013871825649403036,-0.03098166361451149,True,0
12:03:11.997,5,6.389686584472656,0.0,0.001921122195199132,0.025589782744646072,True,0
12:03:12.004,6,6.394294738769531,0.0010268371552228928,-0.0007546639535576105,0.007729686796665192,True,0
12:03:12.384,5,6.389885425567627,0.0,0.0008693624404259026,0.02842647209763527,True,0
12:03:12.392,6,6.394135475158691,0.0,1.9286564565845765e-05,0.048802487552165985,True,0
12:03:12.759,5,6.390007972717285,0.00026399106718599796,0.00018955711857415736,-0.0019186194986104965,True,0
12:03:12.770,6,6.394073009490967,0.0002591449592728168,-0.00037846225313842297,0.009655596688389778,True,0
12:03:13.146,5,6.389946937561035,0.0,0.00114943808875978,-0.00516105443239212,True,0
12:03:13.153,6,6.393747806549072,6.508524529635906e-05,2.5558745619491674e-05,-0.029991650953888893,True,0
12:03:13.520,5,6.389680862426758,7.570449088234454e-05,-0.001170374802313745,-0.00912123080343008,True,0
12:03:13.527,6,6.393742561340332,-1.1368683772161603e-13,-3.896752969012596e-05,0.00038123875856399536,True,0
12:03:13.898,5,6.3896942138671875,0.0,0.00030051564681343734,0.05046265199780464,True,0
12:03:13.905,6,6.393514156341553,0.0,0.00024174120335374027,-0.010609935969114304,True,0
12:03:14.266,5,6.3890509605407715,0.0,0.0003638213383965194,-0.019535524770617485,True,0
12:03:14.273,6,6.39340353012085,0.0,0.0005745405214838684,0.013565009459853172,True,0
12:03:14.630,5,6.389043807983398,0.003153141587972641,1.5592100680805743e-05,-0.025866016745567322,True,0
12:03:14.638,6,6.393080711364746,0.0007442064234055579,-0.0004582979890983552,-0.006999146193265915,True,0
12:03:15.016,5,6.389366149902344,0.0001383504131808877,-0.0008018913795240223,-0.010042920708656311,True,0
12:03:15.023,6,6.392979145050049,0.00013107033737469465,-0.00019580537627916783,-0.008556653745472431,True,0
12:03:15.396,5,6.389066696166992,0.0,0.007004571612924337,-0.04492910951375961,True,0
12:03:15.403,6,6.392805099487305,0.0,-8.473723028146196e-06,-0.0657772421836853,True,0
12:03:15.781,5,6.389585494995117,0.00027901853900402784,0.0002456814981997013,0.010548938065767288,True,0
12:03:15.788,6,6.392539024353027,2.839787703123875e-05,0.0005506172310560942,0.0017354600131511688,True,0
12:03:16.169,5,6.389512538909912,0.0,0.00017702644981909543,0.006518125534057617,True,0
12:03:16.176,6,6.392505645751953,0.0,-0.001106934156268835,0.00411604717373848,True,0
12:03:16.554,5,6.389273166656494,0.0,-0.0008099190890789032,0.021667491644620895,True,0
12:03:16.561,6,6.391944885253906,0.0008065118454396725,0.0005492102354764938,0.003357548266649246,True,0
12:03:16.944,5,6.389389514923096,0.0013224073918536305,0.000936801778152585,0.006977906450629234,True,0
12:03:16.950,6,6.391702175140381,0.0,0.0006673895986750722,0.0011425912380218506,True,0
12:03:17.322,5,6.389211654663086,0.0005545926978811622,-0.0008181454613804817,0.026923177763819695,True,0
12:03:17.330,6,6.391861438751221,0.000293681921903044,0.0006447245832532644,0.018818752840161324,True,0
12:03:17.700,5,6.38869571685791,0.0,0.0027214798610657454,0.02211063727736473,True,0
12:03:17.708,6,6.391680717468262,7.252596697071567e-05,0.0004243195871822536,-0.04595191776752472,True,0
12:03:18.080,5,6.067361831665039,0.002941756509244442,0.003254794981330633,0.022199252620339394,True,0
12:03:18.091,6,6.0621747970581055,0.00030202080961316824,-0.0009945441270247102,-0.0013563688844442368,True,0
12:03:18.458,5,5.577857494354248,0.0,-0.009668692015111446,-0.016129307448863983,True,0
12:03:18.466,6,5.557977676391602,0.0,-0.0021193919237703085,-0.02902248501777649,True,0
12:03:18.828,5,5.42997932434082,0.0001398567110300064,-0.00019571361190173775,-0.009569449350237846,True,0
12:03:18.835,6,5.424424171447754,0.0006321762339212,-0.0008655490237288177,0.007976017892360687,True,0
12:03:19.220,5,5.429172992706299,0.0,-0.0011121152201667428,-0.006461935117840767,True,0
12:03:19.227,6,5.423584938049316,0.0,6.252849561860785e-05,-0.003460681065917015,True,0
12:03:19.614,5,5.4289422035217285,0.0,-3.196071338606998e-05,-0.017813242971897125,True,0
12:03:19.621,6,5.423443794250488,0.0,3.921269581041997e-06,-0.001885831356048584,True,0
12:03:19.997,5,4.787689208984375,0.0,0.002592878881841898,-0.07094371318817139,True,0
12:03:20.004,6,4.765392303466797,0.007416702341288328,0.003802904626354575,-0.03352103382349014,True,0
12:03:20.383,5,3.8465657234191895,0.0,-0.01408469770103693,-0.001845445018261671,True,0
12:03:20.390,6,3.829697847366333,0.027290986850857735,-0.001940877758897841,0.028637563809752464,True,0
12:03:20.777,5,2.888915777206421,0.03757929056882858,-0.010708075016736984,-0.02466115728020668,True,0
12:03:20.784,6,2.8702714443206787,0.0,-0.0028901896439492702,-0.04737791419029236,True,0
12:03:21.153,5,1.969287633895874,0.015267684124410152,0.016695551574230194,0.04802968353033066,True,0
12:03:21.172,6,1.9512869119644165,0.004602921660989523,0.01002450194209814,0.04599032551050186,True,0
12:03:21.548,5,1.0086894035339355,0.0,0.0006940315943211317,-0.04547490179538727,True,0
12:03:21.555,6,0.9935302734375,0.025802485644817352,0.04815029725432396,0.08730682730674744,True,0
12:03:21.943,5,0.05380767583847046,0.024867907166481018,0.040495216846466064,-0.0302751325070858,True,0
12:03:21.950,6,0.034252017736434937,0.007266348227858543,0.01494665164500475,0.008736219257116318,True,0
12:03:22.333,5,-0.4517703056335449,8.648232324048877e-05,-0.0003821145510300994,-0.05262991413474083,True,0
12:03:22.340,6,-0.4508824348449707,0.004175879061222076,0.0006072515388950706,0.010779198259115219,True,0
12:03:22.724,5,-0.05350673198699951,0.0009698854410089552,-0.0004256342654116452,0.025213180109858513,True,0
12:03:22.732,6,-0.051197201013565063,0.0,0.002278095344081521,-0.04407989978790283,True,0
12:03:23.116,5,0.09184926748275757,0.0,-0.009893825277686119,0.028343895450234413,True,0
12:03:23.128,6,0.10614269971847534,-2.3283064365386963e-10,-0.0019860626198351383,0.014617790468037128,True,0
12:03:23.514,5,0.18386125564575195,0.0,-0.00026742578484117985,-0.05291066691279411,True,0
12:03:23.523,6,0.1833774447441101,0.0002793202584143728,0.0007464999216608703,-0.011065911501646042,True,0
12:03:23.904,5,0.06616276502609253,0.0,-7.805162749718875e-05,0.003392694517970085,True,0
12:03:23.912,6,0.06702181696891785,0.002115914598107338,-0.00034739921102300286,0.025556880980730057,True,0
12:03:24.277,5,-0.0142669677734375,2.1868880139663815e-05,0.000389120657928288,0.025167949497699738,True,0
12:03:24.283,6,-0.01161569356918335,0.0023647011257708073,0.003745110472664237,-0.01935797929763794,True,0
12:03:24.648,5,0.008189082145690918,0.0008731494308449328,0.001031194580718875,-0.0059219105169177055,True,0
12:03:24.657,6,0.003044217824935913,1.4551915228366852e-11,-0.0015037228586152196,0.0076515451073646545,True,0
12:03:25.013,5,0.008844882249832153,0.0003747798327822238,0.0004464618396013975,-0.005976378917694092,True,0
12:03:25.020,6,0.003860682249069214,0.0031509692780673504,0.00012055900151608512,0.035362645983695984,True,0
12:03:25.402,5,0.008089005947113037,0.003923546522855759,0.00155743770301342,-0.048444245010614395,True,0
12:03:25.410,6,0.004142284393310547,0.001501664286479354,-0.0010274903615936637,0.04358167201280594,True,0
12:03:25.793,5,0.008733808994293213,0.0,-6.843381561338902e-05,0.009231770411133766,True,0
12:03:25.803,6,0.0046198368072509766,2.3283064365386963e-10,0.0001488244452048093,0.03248044475913048,True,0
12:03:26.182,5,0.00917595624923706,0.0,7.504546374548227e-05,0.01872180588543415,True,0
12:03:26.189,6,0.004772692918777466,0.0013889692490920424,-0.0015305520500987768,-0.023366214707493782,True,0
12:03:26.572,5,0.0095253586769104,0.00047772860853001475,-0.00039551989175379276,0.013146685436367989,True,0
12:03:26.579,6,0.005075931549072266,0.0014647754142060876,-0.000410334556363523,0.03367974981665611,True,0
12:03:26.964,5,0.009040236473083496,0.0,0.0027212416753172874,-0.020090408623218536,True,0
12:03:26.971,6,0.005938678979873657,0.0,-6.599949119845405e-05,-0.01853693276643753,True,0
12:03:27.349,5,0.009468019008636475,0.0,-0.0005232573603279889,-0.0016957807820290327,True,0
12:03:27.355,6,0.00597795844078064,7.443875801982358e-05,0.00017285470676142722,-0.02953098900616169,True,0
12:03:27.721,5,0.00884324312210083,0.0027204419020563364,0.0028780559077858925,-0.02149803936481476,True,0
12:03:27.728,6,0.006063103675842285,0.0,0.0009566385415382683,-0.014974932186305523,True,0
12:03:28.107,5,0.008746445178985596,0.0,-0.0004104458203073591,-0.007699309848248959,True,0
12:03:28.115,6,0.006271421909332275,0.000617404468357563,-0.00047893510782159865,0.002182288793846965,True,0
12:03:28.489,5,0.00965699553489685,0.0,-0.0004685259482357651,-0.018490223214030266,True,0
12:03:28.496,6,0.006721794605255127,0.00012773250637110323,4.258273111190647e-05,-0.041268326342105865,True,0
12:03:28.872,5,0.00994071364402771,0.0,-0.000399296754039824,0.0820755809545517,True,0
12:03:28.879,6,0.00731128454208374,0.0010424426291137934,0.00010388161899754778,-0.0036669056862592697,True,0
12:03:29.252,5,0.010168612003326416,0.0001345706987194717,0.0012003242736682296,0.011120941489934921,True,0
12:03:29.260,6,0.007120698690414429,0.0006170354317873716,0.002701256889849901,-0.030616749078035355,True,0
12:03:29.631,5,0.009464621543884277,0.002792834537103772,0.0015846106689423323,0.009065317921340466,True,0
12:03:29.640,6,0.007856607437133789,9.700396731204819e-06,-1.1881820682901889e-05,-0.0060760341584682465,True,0
12:03:30.002,5,0.010790854692459106,0.00020275426504667848,0.004710691515356302,-0.02114725485444069,True,0
12:03:30.009,6,0.007879316806793213,0.0,-0.00010156357893720269,0.04145151749253273,True,0
12:03:30.388,5,0.010210961103439331,2.838249201886356e-06,-0.000442722492152825,-0.04459154233336449,True,0
12:03:30.394,6,0.008029699325561523,-2.9103830456733704e-11,-0.00026286515640094876,-0.013920964673161507,True,0
12:03:30.775,5,0.010080188512802124,0.0,0.00048066835734061897,-0.043309833854436874,True,0
12:03:30.781,6,0.008020848035812378,0.0028890594840049744,0.0015622895443812013,0.03212590888142586,True,0
12:03:31.156,5,0.010844618082046509,0.00015766256547067314,-0.0003029812651220709,0.06700505316257477,True,0
12:03:31.163,6,0.008566051721572876,0.0,-0.0013749737991020083,-0.06208949163556099,True,0
12:03:31.544,5,0.010869234800338745,0.0,0.0005335792084224522,0.0373162180185318,True,0
12:03:31.551,6,0.009107053279876709,7.275957614183426e-12,0.00043917150469496846,-0.0035697929561138153,True,0
12:03:31.950,5,0.010617852210998535,4.858136526308954e-05,0.0031542102806270123,0.03503859415650368,True,0
12:03:31.957,6,0.009375691413879395,5.7969868066720665e-05,1.4013647842148202e-06,-0.0059542302042245865,True,0
12:03:32.347,5,0.010328680276870728,0.0014937995001673698,0.0044691720977425575,-0.025846384465694427,True,0
12:03:32.353,6,0.008957535028457642,0.0,0.0005528319743461907,0.0046391561627388,True,0
12:03:32.727,5,0.011437267065048218,0.005323624704033136,0.000646596890874207,-0.03744504600763321,True,0
12:03:32.743,6,0.009200423955917358,0.0,0.0010962473461404443,0.015406736172735691,True,0
12:03:33.111,5,0.011697888374328613,0.0,0.0035670401994138956,-0.04506254196166992,True,0
12:03:33.118,6,0.00916031002998352,0.0,-0.003260371508076787,0.007208118215203285,True,0
12:03:33.492,5,0.011121690273284912,0.0,0.00016845260688569397,-0.009301303885877132,True,0
12:03:33.499,6,0.009556889533996582,0.0,0.00023823398805689067,-0.01686723344027996,True,0
12:03:33.872,5,0.011590123176574707,0.0005192306125536561,7.30501051293686e-05,0.049466587603092194,True,0
12:03:33.881,6,0.010189473628997803,0.00021425157319754362,9.618263720767573e-05,0.06279506534337997,True,0
12:03:34.248,5,0.011385709047317505,0.00023579665867146105,-3.332034611958079e-05,0.006193794310092926,True,0
12:03:34.255,6,0.010484158992767334,0.0,-9.06192944967188e-05,-0.03907225281000137,True,0
12:03:34.628,5,0.011505693197250366,0.0013781804591417313,0.0003902636526618153,-0.0009784772992134094,True,0
12:03:34.637,6,0.010428845882415771,0.0023121258709579706,-0.00035435010795481503,-0.022883279249072075,True,0
12:03:35.016,5,0.0107308030128479,0.007894010283052921,0.0035294839181005955,-0.05990096926689148,True,0
12:03:35.025,6,0.010446667671203613,1.3813614714308642e-06,-4.6032859245315194e-05,-0.007420770823955536,True,0
12:03:35.391,5,0.011216461658477783,0.0011240001767873764,6.203311932040378e-05,-0.011081008240580559,True,0
12:03:35.397,6,0.010718673467636108,0.0,0.001996304141357541,0.057053349912166595,True,0
12:03:35.776,5,0.010971635580062866,0.0,-0.0005483238492161036,-0.0019984375685453415,True,0
12:03:35.783,6,0.011019140481948853,0.0006951227551326156,4.2435443901922554e-05,0.022235196083784103,True,0
12:03:36.166,5,0.012109100818634033,0.0012548437807708979,0.0042591579258441925,0.018645400181412697,True,0
12:03:36.174,6,0.010824829339981079,3.3397270726709394e-06,-0.0008955650846473873,0.006246339529752731,True,0
12:03:36.566,5,0.010828107595443726,0.0,0.0012854108354076743,-0.016196763142943382,True,0
12:03:36.573,6,0.010909587144851685,0.00032567838206887245,-0.0009809138718992472,-0.006459999829530716,True,0
12:03:36.949,5,0.011076390743255615,0.0003509495290927589,-0.0009683413663879037,-0.012378767132759094,True,0
12:03:36.956,6,0.011635392904281616,0.0,5.010197128285654e-05,-0.0246896855533123,True,0
12:03:37.323,5,0.010916650295257568,0.0035297537688165903,-0.0013871880946680903,-0.016246577724814415,True,0
12:03:37.340,6,0.011873394250869751,0.0014210601802915335,0.00048595111002214253,-0.022272683680057526,True,0
12:03:37.709,5,0.010958969593048096,6.0969752667006105e-05,0.0006142405327409506,-0.031486235558986664,True,0
12:03:37.716,6,0.011595219373703003,0.0007366506615653634,0.0011738146422430873,-0.02787499502301216,True,0
12:03:38.092,5,0.010626226663589478,0.007625151891261339,0.006488061510026455,0.0489957220852375,True,0
12:03:38.104,6,0.012139201164245605,0.0,-0.0004175884823780507,-0.009030550718307495,True,0
12:03:38.471,5,0.01103883981704712,0.002154626650735736,0.0009093800908885896,0.04465511068701744,True,0
12:03:38.477,6,0.01220676302909851,7.073926099110395e-05,0.000535932369530201,-0.016554854810237885,True,0
12:03:38.849,5,0.012083351612091064,0.0,0.0003512543626129627,0.025370121002197266,True,0
12:03:38.857,6,0.012299448251724243,0.0,0.00030594971030950546,0.060002103447914124,True,0
12:03:39.217,5,0.012016713619232178,0.0006334075587801635,0.0006192328874021769,-0.004729308187961578,True,0
12:03:39.223,6,0.011573970317840576,0.0004984448896721005,0.0024200465995818377,0.010441727936267853,True,0
12:03:39.600,5,0.012121617794036865,0.000757626025006175,-0.0003244232211727649,-0.0326823815703392,True,0
12:03:39.607,6,0.012252479791641235,0.0016358807915821671,0.00010696805838961154,0.02159246802330017,True,0
12:03:39.989,5,0.011851102113723755,0.0016578432405367494,0.0002882283879444003,0.04396199434995651,True,0
12:03:39.995,6,0.011606603860855103,0.0,0.0011301315389573574,0.009851939044892788,True,0
12:03:40.380,5,0.011332303285598755,0.0,0.0009085018537007272,0.02956174686551094,True,0
12:03:40.388,6,0.0123271644115448,0.00122596207074821,0.00036128086503595114,-0.06429491937160492,True,0
12:03:40.780,5,0.011997193098068237,0.0,0.0005937172682024539,0.03648202121257782,True,0
12:03:40.787,6,0.012992709875106812,0.0,-0.0001097526474040933,-0.015536084771156311,True,0
12:03:41.166,5,0.011575877666473389,0.0011565383756533265,0.001943575101904571,0.020781831815838814,True,0
12:03:41.172,6,0.012589812278747559,0.0018449733033776283,-0.0012029216159135103,-0.04051392152905464,True,0
12:03:41.548,5,0.012270033359527588,0.00021276381448842585,-4.486005491344258e-05,-0.005054790526628494,True,0
12:03:41.559,6,0.012558847665786743,9.094947017729282e-13,0.002154467860236764,0.0013143569231033325,True,0
12:03:41.928,5,0.012021154165267944,0.0004082384111825377,0.00048503841389901936,0.02093295007944107,True,0
12:03:41.935,6,0.012829333543777466,0.00043242578976787627,0.0001471821015002206,-0.013795429840683937,True,0
12:03:42.307,5,0.011980503797531128,0.0,0.0002655932621564716,-0.013071268796920776,True,0
12:03:42.316,6,0.01265484094619751,0.0031596526969224215,-0.00044389834511093795,0.04855600371956825,True,0
12:03:42.686,5,0.012142181396484375,0.0009883953025564551,-3.5538923839339986e-05,-0.0069204773753881454,True,0
12:03:42.692,6,0.012773066759109497,0.00020867899002041668,-0.00010170821042265743,0.011955223977565765,True,0
12:03:43.055,5,0.012075990438461304,0.0010602431138977408,2.622967804200016e-05,0.03191588446497917,True,0
12:03:43.061,6,0.012655198574066162,0.0,0.001120505970902741,0.05488157644867897,True,0
12:03:43.426,5,0.012519985437393188,0.0005646445206366479,8.730757690500468e-05,0.01018548384308815,True,0
12:03:43.433,6,0.012910127639770508,0.0022720210254192352,0.00157338532153517,-0.019220413640141487,True,0
12:03:43.811,5,0.012171328067779541,0.0018236411269754171,0.0005394432810135186,0.027562301605939865,True,0
12:03:43.818,6,0.013235807418823242,0.0005171006778255105,0.00010116094927070662,-0.009675512090325356,True,0
12:03:44.203,5,0.012247294187545776,0.0,0.0005551165086217225,-0.0454510822892189,True,0
12:03:44.209,6,0.012957632541656494,0.0007228056201711297,-4.725922281068051e-06,0.007808901835232973,True,0
12:03:44.592,5,0.012431412935256958,6.47905035293661e-05,0.00038844416849315166,-0.030254891142249107,True,0
12:03:44.599,6,0.013187557458877563,4.332407479523681e-05,-0.00016583000251557678,0.0033001010306179523,True,0
12:03:44.986,5,0.01271742582321167,0.00023088231682777405,-0.0017168935155496001,0.02137010172009468,True,0
12:03:44.993,6,0.012873351573944092,5.918004171689972e-05,-0.0016480868216603994,0.007315684109926224,True,0
12:03:45.371,5,0.012364387512207031,0.0,0.0003821592254098505,-0.0013174070045351982,True,0
12:03:45.378,6,0.013311177492141724,0.0,-5.757281542173587e-05,0.02853567898273468,True,0
12:03:45.755,5,0.012341886758804321,0.0,-0.0008618578431196511,-0.037699323147535324,True,0
12:03:45.769,6,0.013213098049163818,6.603548536077142e-05,0.001816973788663745,0.0349549762904644,True,0
12:03:46.139,5,0.012143641710281372,7.158378139138222e-05,-0.0002116549148922786,-0.020111901685595512,True,0
12:03:46.146,6,0.013726741075515747,0.0,-8.351440192200243e-05,-0.01242072880268097,True,0
12:03:46.525,5,0.012452274560928345,0.0,5.9563077229540795e-05,-0.0010843425989151,True,0
12:03:46.533,6,0.013159960508346558,0.0018853291403502226,0.0007598293595947325,0.016127007082104683,True,0
12:03:46.902,5,0.012214720249176025,0.0,-8.381846419069916e-05,0.044358205050230026,True,0
12:03:46.908,6,0.01332169771194458,0.0,-0.00023090897593647242,-0.016541413962841034,True,0
12:03:47.272,5,0.011829555034637451,0.0012460715370252728,0.004881783854216337,-0.00406448170542717,True,0
12:03:47.278,6,0.013421326875686646,0.00037461373722180724,1.117958390750573e-06,0.004286627750843763,True,0
12:03:47.651,5,0.011813491582870483,0.004430049564689398,0.004049249459058046,0.03258008137345314,True,0
12:03:47.657,6,0.013311386108398438,0.0029274681583046913,-0.0009015268879011273,0.001235256902873516,True,0
12:03:48.025,5,0.012041598558425903,0.00011940996773773804,4.252552389516495e-05,-0.029741479083895683,True,0
12:03:48.033,6,0.01383092999458313,2.426840364933014e-05,-0.00012012947991024703,-0.02026299014687538,True,0
12:03:48.410,5,0.013025462627410889,0.0,0.0034070953261107206,-0.0031986311078071594,True,0
12:03:48.417,6,0.013236165046691895,0.0007028011023066938,0.002818771405145526,0.014294274151325226,True,0
12:03:48.796,5,0.012498140335083008,1.6242207493633032e-05,-0.00041276487172581255,0.008165505714714527,True,0
12:03:48.803,6,0.013846516609191895,0.0,-0.00047990266466513276,0.018346354365348816,True,0
12:03:49.190,5,0.01317751407623291,-2.3283064365386963e-10,0.0006871992954984307,-0.0038122497498989105,True,0
12:03:49.197,6,0.013563781976699829,0.00013360280718188733,0.0006465771584771574,-0.00722884014248848,True,0
12:03:49.584,5,0.012358874082565308,0.0006540290778502822,0.0007039553602226079,-0.015948466956615448,True,0
12:03:49.592,6,0.013273745775222778,0.0034781594295054674,0.0008648799266666174,-0.02903367578983307,True,0
12:03:49.968,5,0.01244884729385376,0.0002485682489350438,-0.0009638222982175648,0.02927178330719471,True,0
12:03:49.974,6,0.014425307512283325,0.0,-0.0020152858924120665,0.010455731302499771,True,0
12:03:50.345,5,0.012113302946090698,0.0,-0.000897080113645643,0.001187451183795929,True,0
12:03:50.363,6,0.013462722301483154,0.0005185838090255857,0.0005169401993043721,0.015876974910497665,True,0
12:03:50.745,5,0.012440294027328491,0.0004971454618498683,0.0013475146843120456,-0.021485723555088043,True,0
12:03:50.769,6,0.014061033725738525,0.0014305961085483432,0.0004892939468845725,0.008411482907831669,True,0
12:03:51.137,5,0.01202934980392456,0.0027956455014646053,0.0019403875339776278,0.018636757507920265,True,0
12:03:51.144,6,0.013608425855636597,0.0,0.00033222182537429035,0.0626678541302681,True,0
12:03:51.513,5,0.012361764907836914,0.0008835169719532132,1.3507730727724265e-05,0.07760348916053772,True,0
12:03:51.520,6,0.013723313808441162,0.001010618987493217,0.00025734578957781196,0.008921166881918907,True,0
12:03:51.885,5,0.01335829496383667,0.0005205880152061582,-0.001345370546914637,0.03195047751069069,True,0
12:03:51.892,6,0.01350325345993042,0.0,0.0025250031612813473,0.057054921984672546,True,0
12:03:52.254,5,0.012102186679840088,0.0,0.0021198985632508993,0.042193520814180374,True,0
12:03:52.262,6,0.014133751392364502,0.0003154383157379925,-0.0011293248971924186,-0.0032730884850025177,True,0
12:03:52.622,5,0.012651264667510986,0.00017487836885266006,1.5913439710857347e-05,0.01624268852174282,True,0
12:03:52.629,6,0.013947755098342896,0.000576445076148957,0.001771960873156786,0.016031229868531227,True,0
12:03:53.013,5,0.012145429849624634,0.00039339179056696594,0.002958999015390873,0.004735054448246956,True,0
12:03:53.022,6,0.013886243104934692,0.0,0.0002524302981328219,0.018291935324668884,True,0
12:03:53.432,5,0.01262769103050232,0.0006165698287077248,-5.9866932133445516e-05,0.03382342308759689,True,0
12:03:53.440,6,0.01425597071647644,0.0,0.00042335325269959867,-0.008754957467317581,True,0
12:03:53.834,5,0.012474387884140015,0.0,0.0009745791321620345,-0.039690762758255005,True,0
12:03:53.841,6,0.014142870903015137,8.119905032799579e-07,7.928170816740021e-05,0.006421493366360664,True,0
12:03:54.316,5,0.012310832738876343,0.0011141495779156685,0.0012634184677153826,-0.005275579169392586,True,0
12:03:54.343,6,0.014533430337905884,0.0,1.785875065252185e-05,-0.026438262313604355,True,0
12:03:54.729,5,0.012987017631530762,0.00029576258384622633,-5.5935990530997515e-05,-0.03445059806108475,True,0
12:03:54.737,6,0.013733536005020142,0.0,-0.0012309487210586667,0.023787882179021835,True,0
12:03:55.106,5,0.013018399477005005,0.0,0.00020022477838210762,-0.010500820353627205,True,0
12:03:55.112,6,0.013951539993286133,0.0,0.00018975518469233066,-0.01153324544429779,True,0
12:03:55.482,5,0.01227027177810669,0.0008509478066116571,0.002991646993905306,0.030146898701786995,True,0
12:03:55.489,6,0.013708561658859253,0.0,-0.000155228452058509,0.0004864931106567383,True,0
12:03:55.863,5,0.012698650360107422,1.1641532182693481e-10,-0.0010680214036256075,0.022872112691402435,True,0
12:03:55.869,6,0.013838320970535278,0.00023966575099620968,0.00013995474728289992,0.0032636411488056183,True,0
12:03:56.248,5,0.012189775705337524,4.963645551470108e-05,-0.0027821047697216272,0.0022433167323470116,True,0
12:03:56.255,6,0.01367342472076416,0.0,-0.0012918557040393353,0.013903269544243813,True,0
12:03:56.633,5,0.012341469526290894,0.0004098450008314103,-0.0016821017488837242,-0.012161076068878174,True,0
12:03:56.639,6,0.014191865921020508,0.0,8.462802725262009e-08,-0.005867060273885727,True,0
12:03:57.025,5,0.012641280889511108,0.00027882016729563475,0.00020659105211962014,0.004887353628873825,True,0
12:03:57.031,6,0.014345169067382812,0.0004334425611887127,-0.00029465946136042476,-0.009714416228234768,True,0
12:03:57.398,5,0.012349575757980347,0.001218687160871923,0.0005661608884111047,-0.038914937525987625,True,0
12:03:57.421,6,0.013840943574905396,0.0003194278397131711,0.0013420677278190851,0.008647363632917404,True,0
12:03:57.790,5,0.013118952512741089,0.0,0.0006208426784723997,0.053046077489852905,True,0
12:03:57.797,6,0.01406756043434143,0.00013014858996029943,-0.0004713979142252356,-0.0202479287981987,True,0
12:03:58.171,5,0.013066589832305908,0.0002620076993480325,8.61906528371037e-07,0.0024656960740685463,True,0
12:03:58.177,6,0.014255225658416748,0.0,0.0007410927792079747,-0.045590512454509735,True,0
12:03:58.543,5,0.012678086757659912,0.0,0.00012519699521362782,0.0009573809802532196,True,0
12:03:58.549,6,0.014120548963546753,0.0,-0.0004576236824505031,0.02017846703529358,True,0
12:03:58.912,5,0.012090712785720825,0.004398285876959562,0.0007276834803633392,0.02005416341125965,True,0
12:03:58.919,6,0.014443159103393555,8.268073725048453e-05,-0.0005541853606700897,-0.008760237134993076,True,0
12:03:59.278,5,0.013414889574050903,0.002160987351089716,-0.0024312103632837534,-0.020956186577677727,True,0
12:03:59.285,6,0.01419752836227417,0.0007682041614316404,9.772409248398617e-05,0.01022206712514162,True,0
12:03:59.666,5,0.012056320905685425,0.004136935342103243,0.0018460385035723448,0.039923328906297684,True,0
12:03:59.674,6,0.014584779739379883,0.00045894895447418094,0.0015181144699454308,0.01523931510746479,True,0
12:04:00.060,5,0.012722760438919067,0.0,0.0020940834656357765,-0.04332792013883591,True,0
12:04:00.068,6,0.0141143798828125,0.0036231682170182467,-0.0002716256713028997,0.03266075253486633,True,0
12:04:00.445,5,0.012848883867263794,0.0021127162035554647,-0.0007607787847518921,0.005520494654774666,True,0
12:04:00.452,6,0.014475911855697632,0.0,-0.0003193198353983462,-0.042339637875556946,True,0
12:04:00.851,5,0.013255685567855835,0.0,-8.696741133462638e-05,0.010157771408557892,True,0
12:04:00.859,6,0.014602988958358765,3.501369064906612e-05,-0.0011908297892659903,0.05360519886016846,True,0
12:04:01.236,5,0.013436734676361084,1.8986691429745406e-05,0.0006152662099339068,-0.03073357418179512,True,0
12:04:01.242,6,0.014488428831100464,0.0002030241012107581,0.0006100615137256682,-0.03089119866490364,True,0
12:04:01.622,5,0.012985408306121826,3.1553790904581547e-06,9.70916426012991e-06,0.018444683402776718,True,0
12:04:01.631,6,0.014297157526016235,0.0,-2.484535980329383e-05,0.02058623731136322,True,0
12:04:02.007,5,0.013377755880355835,0.0002939868427347392,0.00022159144282341003,0.05158432945609093,True,0
12:04:02.014,6,0.01384812593460083,0.0,-0.0006908772047609091,0.051626112312078476,True,0
12:04:02.388,5,0.0133495032787323,0.00041429002885706723,1.3322544873517472e-05,0.01651303842663765,True,0
12:04:02.395,6,0.014363378286361694,3.3075426472350955e-05,-0.0001959688524948433,0.01652541570365429,True,0
12:04:02.784,5,0.01258307695388794,0.0,0.002141346922144294,-0.03059198334813118,True,0
12:04:02.793,6,0.014304310083389282,0.0006239464273676276,0.0005104562733322382,0.0037117796018719673,True,0
12:04:03.168,5,0.012550413608551025,0.004686612170189619,-0.000774806656409055,0.020773395895957947,True,0
12:04:03.175,6,0.013890087604522705,0.0016181778628379107,0.0006918147555552423,0.011098980903625488,True,0
12:04:03.542,5,0.012900024652481079,0.0,0.00017389273853041232,0.037894755601882935,True,0
12:04:03.550,6,0.014426767826080322,0.0,0.0007455963641405106,-0.042351339012384415,True,0
12:04:03.912,5,0.01267164945602417,0.0004407038213685155,0.00030219712061807513,0.028449570760130882,True,0
12:04:03.919,6,0.013914942741394043,0.00015842553693801165,0.0008595988037995994,0.022004496306180954,True,0
12:04:04.278,5,0.013318866491317749,0.0,-0.0006917054415680468,0.01963447406888008,True,0
12:04:04.285,6,0.014170736074447632,0.0,-0.00035643207957036793,0.023730048909783363,True,0
12:04:04.670,5,0.0140114426612854,0.0,-0.0008643421460874379,0.05656123161315918,True,0
12:04:04.676,6,0.014253795146942139,0.00029957538936287165,-0.000967533967923373,0.012223081663250923,True,0
12:04:05.051,5,0.013079643249511719,0.0007935755420476198,5.227699875831604e-05,0.0411306731402874,True,0
12:04:05.059,6,0.014659702777862549,0.0003980543406214565,-0.0003047108475584537,-0.013015410862863064,True,0
12:04:05.436,5,0.013340562582015991,0.0,0.0004336958809290081,0.024253495037555695,True,0
12:04:05.443,6,0.013867884874343872,0.000893480028025806,0.003976813517510891,0.04128369316458702,True,0
12:04:05.823,5,0.012722015380859375,0.004480550531297922,0.001217470970004797,0.054532285779714584,True,0
12:04:05.830,6,0.013912677764892578,0.0011131307110190392,-0.0008010314195416868,-0.00463324086740613,True,0
12:04:06.198,5,0.01194995641708374,0.005672391038388014,0.004851244855672121,-0.0005075037479400635,True,0
12:04:06.205,6,0.014018267393112183,0.001304186531342566,0.0006841515423730016,-0.011003030464053154,True,0
12:04:06.589,5,0.013631254434585571,0.0,0.0010858660098165274,0.0029449090361595154,True,0
12:04:06.596,6,0.014016807079315186,0.0014189856592565775,0.0008463945123367012,-0.05237672105431557,True,0
12:04:06.970,5,0.012716978788375854,0.0,-0.00011574287054827437,-0.007421740330755711,True,0
12:04:06.977,6,0.013854891061782837,0.0008763518999330699,0.00025487563107162714,0.0024216696619987488,True,0
12:04:07.342,5,0.013099312782287598,2.5580543479009066e-06,0.0002440570533508435,0.011007159948348999,True,0
12:04:07.349,6,0.014525055885314941,0.0,-0.0006113222916610539,-0.006347633898258209,True,0
12:04:07.712,5,0.013075411319732666,0.0,-0.0002487506717443466,-0.0033381320536136627,True,0
12:04:07.718,6,0.014301121234893799,0.0,-1.835778311942704e-05,0.03367333859205246,True,0
12:04:08.079,5,0.013743937015533447,0.0,-0.0005280287005007267,0.00634852796792984,True,0
12:04:08.085,6,0.015353292226791382,8.518301183357835e-05,0.002479004906490445,-0.0311313234269619,True,0
12:04:08.468,5,0.012282520532608032,0.007046446669846773,0.00560951791703701,-0.028476063162088394,True,0
12:04:08.475,6,0.014023691415786743,0.0,5.863505975867156e-06,-0.03940028324723244,True,0
12:04:08.866,5,0.01274457573890686,0.0,0.0008304528309963644,0.004434911534190178,True,0
12:04:08.872,6,0.013614416122436523,0.0,0.0021051433868706226,0.009627333842217922,True,0
12:04:09.257,5,0.012414395809173584,0.0,0.0014475856442004442,0.03161562606692314,True,0
12:04:09.263,6,0.014259368181228638,0.0,0.0002394137845840305,0.012831579893827438,True,0
12:04:09.642,5,0.01256626844406128,0.0,0.0011528714094311,-0.012219174765050411,True,0
12:04:09.649,6,0.014896780252456665,0.0,0.0030396869406104088,0.06297753006219864,True,0
12:04:10.025,5,0.012793004512786865,0.002275496255606413,-9.60713587119244e-05,0.026984550058841705,True,0
12:04:10.031,6,0.014340996742248535,2.0503510313574225e-05,-2.1990690584061667e-05,0.020815670490264893,True,0
12:04:10.420,5,0.012955516576766968,0.0012283851392567158,2.6407878976897337e-05,0.054240044206380844,True,0
12:04:10.427,6,0.014081418514251709,0.0,1.3860361832485069e-05,-0.003166716080158949,True,0
12:04:10.816,5,0.012513458728790283,0.0004988819709978998,0.00015697130584158003,0.012873470783233643,True,0
12:04:10.823,6,0.014316290616989136,0.0,-0.00022584325051866472,-0.011421755887567997,True,0
12:04:11.190,5,0.013379454612731934,5.852190588484518e-05,0.002029747236520052,0.017575906589627266,True,0
12:04:11.210,6,0.014746904373168945,0.0012059299042448401,0.0014360217610374093,0.04377099871635437,True,0
12:04:11.582,5,0.012969523668289185,0.0015242036897689104,4.517003446835588e-07,-0.03320459648966789,True,0
12:04:11.589,6,0.014360696077346802,0.0,-0.0002650477981660515,-0.028057416900992393,True,0
12:04:11.967,5,0.012734055519104004,0.0023171664215624332,0.0017281902255490422,0.0053337449207901955,True,0
12:04:11.974,6,0.013920694589614868,0.0,-0.0015771111939102411,0.03852136433124542,True,0
12:04:12.340,5,0.013086974620819092,0.00018179511243943125,-0.001980980159714818,0.03026842512190342,True,0
12:04:12.348,6,0.014340907335281372,6.817420216975734e-05,-1.473587781219976e-05,-0.026279358193278313,True,0
12:04:12.713,5,0.013031989336013794,0.0,-0.0009952501859515905,0.04756449535489082,True,0
12:04:12.719,6,0.014372438192367554,0.0008916969527490437,-0.0001375948777422309,-0.01058105006814003,True,0
12:04:13.079,5,0.013104885816574097,0.0,-0.0005580779979936779,0.031613774597644806,True,0
12:04:13.086,6,0.014375865459442139,0.0019646305590867996,-0.00020384870003908873,-0.007844755426049232,True,0
12:04:13.475,5,0.011601299047470093,0.006342692766338587,0.011600538156926632,0.047406695783138275,True,0
12:04:13.482,6,0.014239698648452759,0.0003692926256917417,3.552899579517543e-05,0.03219911456108093,True,0
12:04:13.864,5,0.01323401927947998,6.618759653065354e-05,0.0006519615999422967,0.0390295684337616,True,0
12:04:13.871,6,0.01449441909790039,0.0,-6.809002661611885e-05,0.019735533744096756,True,0
12:04:14.254,5,0.013399958610534668,-7.275957614183426e-12,0.00014605940668843687,0.01614081673324108,True,0
12:04:14.261,6,0.014276325702667236,0.00018268809071741998,0.0007034624577499926,0.026850154623389244,True,0
12:04:14.637,5,0.012947618961334229,0.005758516024798155,0.0025377455167472363,0.031279176473617554,True,0
12:04:14.644,6,0.014573425054550171,0.0,0.00018783178529702127,-0.015448659658432007,True,0
12:04:15.041,5,0.0127144455909729,0.0,0.004252033308148384,-0.006709752604365349,True,0
12:04:15.050,6,0.014217108488082886,0.0015262399101629853,3.379586269147694e-05,0.008150149136781693,True,0
12:04:15.441,5,0.013075053691864014,0.0008148642373271286,-0.002043216722086072,0.018862124532461166,True,0
12:04:15.447,6,0.013783395290374756,0.0025371070951223373,-0.0003370247140992433,0.006238155998289585,True,0
12:04:15.834,5,0.012603700160980225,0.003604820230975747,-0.0007441817433573306,-0.02391177974641323,True,0
12:04:15.841,6,0.014185279607772827,4.027434624731541e-05,0.0006266331183724105,0.011471913196146488,True,0
12:04:16.216,5,0.012888312339782715,0.0,-0.0005599429714493454,0.01266407035291195,True,0
12:04:16.225,6,0.013785034418106079,0.0013792613754048944,0.0020964036229997873,0.06572297215461731,True,0
12:04:16.600,5,0.013430118560791016,0.00015521068417001516,0.0007280113641172647,0.00979757122695446,True,0
12:04:16.606,6,0.01443055272102356,0.0,-0.00020612032676581293,0.016975464299321175,True,0
12:04:16.982,5,0.0131455659866333,4.323891971580451e-06,-0.00014804897364228964,-0.007180109620094299,True,0
12:04:16.988,6,0.013694465160369873,0.0045780339278280735,0.0026343981735408306,-0.06927864998579025,True,0
12:04:17.356,5,0.013891875743865967,0.0007371517713181674,0.00429370766505599,0.016997169703245163,True,0
12:04:17.365,6,0.014060407876968384,5.548224726226181e-05,0.001025966601446271,0.005763623863458633,True,0
12:04:17.731,5,0.012055754661560059,0.0071383449248969555,0.012321608141064644,-0.04794669151306152,True,0
12:04:17.739,6,0.014047771692276001,-2.9103830456733704e-11,9.485692862654105e-05,-0.03142832964658737,True,0
12:04:18.103,5,0.01350429654121399,5.219050217419863e-05,-2.1675969037460163e-05,-0.031061038374900818,True,0
12:04:18.110,6,0.013803631067276001,0.0,-0.002099383855238557,-0.031210213899612427,True,0
12:04:18.474,5,0.013264358043670654,0.0,0.0019884000066667795,0.04717395454645157,True,0
12:04:18.481,6,0.014121264219284058,0.0,-2.6906668608717155e-06,0.0029194867238402367,True,0
12:04:18.872,5,0.013288110494613647,0.0005982325528748333,-0.0007726134499534965,-0.024055832996964455,True,0
12:04:18.880,6,0.014319181442260742,0.0,-0.0005370473372749984,0.014836207032203674,True,0
12:04:19.263,5,0.012418627738952637,0.003776087425649166,0.0009280333761125803,0.03786502778530121,True,0
12:04:19.270,6,0.014122247695922852,0.0006809870828874409,0.00030169339152053,0.013968903571367264,True,0
12:04:19.650,5,0.013380944728851318,0.0009615834569558501,-9.368718747282401e-05,-0.01381669007241726,True,0
12:04:19.657,6,0.014685750007629395,0.002061936305835843,-0.0006130581605248153,0.036839354783296585,True,0
12:04:20.037,5,0.01324552297592163,0.0,0.0006332623888738453,0.000542251393198967,True,0
12:04:20.043,6,0.01427912712097168,0.0,-0.00011028406879631802,0.014503005892038345,True,0
12:04:20.424,5,0.013362348079681396,0.00028482830384746194,2.164588113373611e-05,0.038139522075653076,True,0
12:04:20.431,6,0.014361351728439331,0.0006527145742438734,-8.448953303741291e-05,0.010997714474797249,True,0
12:04:20.817,5,0.01224401593208313,0.0,0.0030642866622656584,0.00012579606845974922,True,0
12:04:20.824,6,0.01374143362045288,0.004150907043367624,0.0040657673962414265,-0.011324048973619938,True,0
12:04:21.191,5,0.013639599084854126,0.0007629678584635258,0.00014168542111292481,-0.038192328065633774,True,0
12:04:21.208,6,0.013734638690948486,0.0,0.00119596510194242,-0.004246282856911421,True,0
12:04:21.585,5,0.012618601322174072,0.0,0.0008021369576454163,0.04517113417387009,True,0
12:04:21.591,6,0.013936668634414673,0.0019456176087260246,0.00029236689442768693,-0.012510513886809349,True,0
12:04:21.975,5,0.01295742392539978,0.001530518289655447,-0.00037755758967250586,0.0023599674459546804,True,0
12:04:21.981,6,0.01416829228401184,0.0,0.00021325002308003604,-0.00371570885181427,True,0
12:04:22.349,5,0.013058394193649292,0.0,0.002047138288617134,-0.008841435424983501,True,0
12:04:22.358,6,0.01396489143371582,0.0002354446769459173,0.0005649587837979198,0.0028975345194339752,True,0
12:04:22.727,5,0.012807518243789673,0.002066552173346281,0.001564293634146452,0.021914809942245483,True,0
12:04:22.735,6,0.014327406883239746,0.0,0.00024136311549227685,-0.012294668704271317,True,0
12:04:23.110,5,0.013667553663253784,0.0,0.0006793810753151774,0.0028231479227542877,True,0
12:04:23.119,6,0.01410222053527832,0.0,0.001443621818907559,-0.03959625959396362,True,0
12:04:23.482,5,0.012948542833328247,0.0,-0.00023964440333656967,-0.007414720952510834,True,0
12:04:23.489,6,0.014194369316101074,0.0005151201039552689,-0.0001059092755895108,-0.004145328886806965,True,0
12:04:23.861,5,0.013157099485397339,4.293643360142596e-05,0.00017741591727826744,0.042666319757699966,True,0
12:04:23.869,6,0.01432773470878601,0.0,-0.0004742805613204837,0.0017696209251880646,True,0
12:04:24.250,5,0.013096272945404053,0.001599103445187211,-0.00011654490663204342,-0.0003078822046518326,True,0
12:04:24.257,6,0.014080256223678589,-7.275957614183426e-12,0.0001288003259105608,-0.014444440603256226,True,0
12:04:24.636,5,0.013282418251037598,0.00037217108183540404,-3.64441780220659e-06,0.013708002865314484,True,0
12:04:24.642,6,0.014629840850830078,0.0,-6.961937469895929e-05,0.08423677086830139,True,0
12:04:25.033,5,0.013155370950698853,0.0,-0.0008259497117251158,0.023303724825382233,True,0
12:04:25.039,6,0.01417773962020874,0.0,0.00018976825231220573,-0.018630018457770348,True,0
12:04:25.417,5,0.013799786567687988,0.0009193261503241956,0.0008359026396647096,0.022981906309723854,True,0
12:04:25.424,6,0.0143948495388031,0.0,6.336640944937244e-05,0.030134843662381172,True,0
12:04:25.807,5,0.013008326292037964,0.0,1.808966408134438e-05,-0.0067936135455966,True,0
12:04:25.815,6,0.01414373517036438,0.000286022579530254,-8.413240720983595e-05,0.007339620962738991,True,0
12:04:26.186,5,0.01347053050994873,0.0,0.00623799255117774,-0.004655199125409126,True,0
12:04:26.202,6,0.014360308647155762,0.0,-0.00050369679229334,0.0163634791970253,True,0
12:04:26.581,5,0.013130724430084229,2.9103830456733704e-11,0.0004073810705449432,0.04970450699329376,True,0
12:04:26.588,6,0.014067471027374268,9.833765216171741e-05,0.00010580004163784906,0.02964061126112938,True,0
12:04:26.975,5,0.012289732694625854,0.0,0.0030852514319121838,-0.009085375815629959,True,0
12:04:26.982,6,0.014260947704315186,9.5042196335271e-08,-0.00039511811337433755,0.017415352165699005,True,0
12:04:27.357,5,0.013102829456329346,0.0001924451207742095,0.0025958926416933537,-0.02943454496562481,True,0
12:04:27.365,6,0.01427847146987915,0.0004499589849729091,-3.695198756759055e-05,0.005818501114845276,True,0
12:04:27.745,5,0.01295045018196106,0.00026398536283522844,0.0019292114302515984,-0.014560330659151077,True,0
12:04:27.753,6,0.014224737882614136,7.42992851883173e-05,0.0002457117079757154,0.0014606351032853127,True,0
12:04:28.117,5,0.013019144535064697,0.0,0.00017690066306386143,-0.04429297894239426,True,0
12:04:28.124,6,0.014027923345565796,0.0,-8.738903125049546e-05,0.03171144053339958,True,0
12:04:28.486,5,0.012740075588226318,0.001079619862139225,0.001210659509524703,-0.034466493874788284,True,0
12:04:28.494,6,0.01448357105255127,0.0011177806882187724,-8.752802386879921e-05,-0.0005719773471355438,True,0
12:04:28.853,5,0.01265805959701538,0.0003650477447081357,0.003838056931272149,0.0037578679621219635,True,0
12:04:28.860,6,0.013865023851394653,0.0007634483044967055,-0.002161669312044978,-0.030419524759054184,True,0
12:04:29.245,5,0.01306656002998352,0.000299363920930773,-4.9149803089676425e-05,0.03121475875377655,True,0
12:04:29.252,6,0.014525026082992554,-3.637978807091713e-12,-0.00021771652973257005,0.024232903495430946,True,0
12:04:29.640,5,0.012520134449005127,0.0017711460823193192,0.002951979637145996,0.006192110478878021,True,0
12:04:29.647,6,0.014392256736755371,0.00013330020010471344,-0.0001471815339755267,-0.023063551634550095,True,0
12:04:30.029,5,0.012816578149795532,0.0008113561198115349,0.0016823139740154147,0.003437228500843048,True,0
12:04:30.035,6,0.014209061861038208,0.00016844809579197317,0.00023435895855072886,0.020072871819138527,True,0
12:04:30.414,5,0.013248205184936523,0.0004753833927679807,-4.802710100193508e-05,0.011101892217993736,True,0
12:04:30.421,6,0.014181554317474365,3.5694098187377676e-05,-4.121673100598855e-06,0.03296960890293121,True,0
12:04:30.810,5,0.012750893831253052,0.0,0.0010599852539598942,-0.022027337923645973,True,0
12:04:30.816,6,0.014568746089935303,0.0002730443957261741,-0.0008197090355679393,-0.007602290250360966,True,0
12:04:31.202,5,0.013325601816177368,0.0,0.0007214760407805443,0.020649226382374763,True,0
12:04:31.210,6,0.014750123023986816,6.306594877969474e-05,0.0008121337159536779,-0.021995631977915764,True,0
12:04:31.584,5,0.012376844882965088,0.0,0.002672516508027911,-0.0025824084877967834,True,0
12:04:31.593,6,0.014841675758361816,0.0,0.001321166637353599,0.013093218207359314,True,0
12:04:31.963,5,0.011627137660980225,0.005959019530564547,0.00796795915812254,-0.036719731986522675,True,0
12:04:31.970,6,0.014254868030548096,0.0004699357086792588,0.00010353135439800099,-0.028978386893868446,True,0
12:04:32.359,5,0.013188570737838745,0.0,0.0003890670195687562,0.0009929211810231209,True,0
12:04:32.365,6,0.014274686574935913,0.0011401957599446177,0.0010238715913146734,0.0333745963871479,True,0
12:04:32.741,5,0.013282209634780884,0.0005503611755557358,-8.783975499682128e-05,-0.039545513689517975,True,0
12:04:32.748,6,0.01430019736289978,0.0,0.00040927581721916795,-0.005540200509130955,True,0
12:04:33.112,5,0.012510448694229126,0.0005808350397273898,0.0009938445873558521,0.007211726158857346,True,0
12:04:33.119,6,0.014046013355255127,0.0,0.0016346190823242068,0.02637105993926525,True,0
12:04:33.482,5,0.012993276119232178,0.0,0.00021065310284029692,0.010368645191192627,True,0
12:04:33.490,6,0.013950139284133911,0.0002895832876674831,0.0014715102734044194,0.034796714782714844,True,0
12:04:33.851,5,0.013905256986618042,8.055836951825768e-05,-0.000515265273861587,-0.0018284562975168228,True,0
12:04:33.859,6,0.014485955238342285,0.00025967738474719226,0.0008447200525552034,-0.0066140564158558846,True,0
12:04:34.237,5,0.013114333152770996,0.0,0.00014178994752001017,0.037274107336997986,True,0
12:04:34.243,6,0.014020800590515137,0.00026049307780340314,0.0014598849229514599,0.0002465769648551941,True,0
12:04:34.624,5,0.014437615871429443,0.0013826682697981596,0.003418253967538476,-0.0197658222168684,True,0
12:04:34.631,6,0.014504194259643555,0.00020598039554897696,-7.423480838042451e-06,0.023619933053851128,True,0
12:04:35.029,5,0.01349860429763794,0.0005720356712117791,0.0006659179925918579,-0.012718950398266315,True,0
12:04:35.037,6,0.013788223266601562,0.0,0.0003861521545331925,-0.019835177809000015,True,0
12:04:35.412,5,0.013052016496658325,0.0,0.0003017351555172354,-0.044684045016765594,True,0
12:04:35.419,6,0.013916879892349243,0.0,0.000669164932332933,-0.0027534887194633484,True,0
12:04:35.797,5,0.01329764723777771,1.910356877488084e-05,-0.00019132961460854858,0.0531194694340229,True,0
12:04:35.804,6,0.013739347457885742,0.0,0.005290289409458637,-0.02226378582417965,True,0
12:04:36.173,5,0.013121545314788818,0.0007610969478264451,-0.0001323364704148844,0.02768060378730297,True,0
12:04:36.188,6,0.01401171088218689,0.0,-0.0005031703040003777,0.005951071158051491,True,0
12:04:36.566,5,0.012798190116882324,0.0015068680513650179,0.001477880054153502,-0.014292425476014614,True,0
12:04:36.572,6,0.0138111412525177,0.0008627861388958991,0.00044468307169154286,-0.03784458339214325,True,0
12:04:36.958,5,0.012678533792495728,0.0003278582589700818,-0.0034126269165426493,7.630884647369385e-05,True,0
12:04:36.965,6,0.014323294162750244,9.33584597078152e-05,-0.0004126852145418525,-0.00048801396042108536,True,0
12:04:37.331,5,0.013166099786758423,0.0017486191354691982,0.00010515478061279282,-0.022152958437800407,True,0
12:04:37.340,6,0.01391640305519104,0.0027776912320405245,0.002679487457498908,-0.06418566405773163,True,0
12:04:37.705,5,0.012846380472183228,0.00028516160091385245,0.0002799203502945602,0.031974080950021744,True,0
12:04:37.712,6,0.014121085405349731,0.0005854770424775779,0.00015081747551448643,0.03507140278816223,True,0
12:04:38.074,5,0.013505041599273682,0.0011011239839717746,0.0002536470128688961,0.03236985579133034,True,0
12:04:38.080,6,0.013596683740615845,0.002132250228896737,-0.0004796330467797816,0.019684841856360435,True,0
12:04:38.439,5,0.012943267822265625,0.0017997127724811435,-0.00038979342207312584,-0.0456782728433609,True,0
12:04:38.446,6,0.013705939054489136,0.002210373291745782,-0.0023985018488019705,-0.036338482052087784,True,0
12:04:38.827,5,0.013128072023391724,-1.1641532182693481e-10,0.0016977210761979222,-0.010730892419815063,True,0
12:04:38.834,6,0.014389604330062866,0.00010275956447003409,-0.00033328105928376317,-0.01777455396950245,True,0
12:04:39.225,5,0.013888508081436157,0.003631795523688197,-0.0004904130473732948,-0.00891139730811119,True,0
12:04:39.234,6,0.013684093952178955,0.0,0.0032343550119549036,-0.026816390454769135,True,0
12:04:39.622,5,0.01358187198638916,0.0,6.606755778193474e-05,0.01550575252622366,True,0
12:04:39.629,6,0.014449089765548706,0.0,0.0002949241315945983,0.021807216107845306,True,0
12:04:40.013,5,0.012995600700378418,0.0006173882284201682,0.0014232932589948177,0.015509400516748428,True,0
12:04:40.019,6,0.014073818922042847,7.526999979745597e-05,0.00035256973933428526,0.0009255222976207733,True,0
12:04:40.395,5,0.013370305299758911,5.2753384807147086e-05,-0.00024291774025186896,0.0031235013157129288,True,0
12:04:40.402,6,0.014393657445907593,0.0002355791220907122,-8.35037644719705e-05,-0.08081203699111938,True,0
12:04:40.786,5,0.013093680143356323,0.0,5.024419806431979e-05,0.032655708491802216,True,0
12:04:40.792,6,0.014033734798431396,0.0,0.0005087711033411324,0.0054145921021699905,True,0
12:04:41.178,5,0.01341158151626587,0.0,-3.726295835804194e-05,0.025046534836292267,True,0
12:04:41.186,6,0.01405709981918335,0.0,0.00011270723916823044,-0.003047015517950058,True,0
12:04:41.556,5,0.013291627168655396,0.0,-1.3760330148215871e-05,0.029230626299977303,True,0
12:04:41.571,6,0.01435115933418274,0.0,-1.0834804925252683e-05,-0.009233154356479645,True,0
12:04:41.940,5,0.013589084148406982,0.0016596064670011401,-0.00011321037163725123,0.06499652564525604,True,0
12:04:41.946,6,0.013976871967315674,0.0006343696732074022,0.001610019477084279,-0.03303990140557289,True,0
12:04:42.314,5,0.01299053430557251,-7.275957614183426e-12,5.728465839638375e-05,0.02538386732339859,True,0
12:04:42.322,6,0.013989031314849854,0.0004731607041321695,0.001725657843053341,-0.0034582633525133133,True,0
12:04:42.698,5,0.013717412948608398,0.0020079819951206446,0.0023140995763242245,0.03569881245493889,True,0
12:04:42.706,6,0.014376908540725708,0.00014474932686425745,-0.0005572235677391291,-0.02143212966620922,True,0
12:04:43.072,5,0.012970685958862305,0.0016620957758277655,0.0030501128640025854,-0.010692703537642956,True,0
12:04:43.079,6,0.014635860919952393,0.0,0.0004667520406655967,0.000358345452696085,True,0
12:04:43.451,5,0.012532919645309448,0.0,0.0019938673358410597,0.05779719725251198,True,0
12:04:43.458,6,0.01462090015411377,1.3309807400219142e-05,-0.00010168755397899076,-0.0007536374032497406,True,0
12:04:43.829,5,0.012896180152893066,0.0,-0.0003328761667944491,-0.04062819108366966,True,0
12:04:43.835,6,0.013774693012237549,0.0009552892879582942,0.0004869762051384896,0.014163894578814507,True,0
12:04:44.221,5,0.012833058834075928,0.00027664535446092486,0.0002706361119635403,0.0020021069794893265,True,0
12:04:44.227,6,0.014451384544372559,0.00026225726469419897,0.0006107432418502867,0.02318369597196579,True,0
12:04:44.611,5,0.013200253248214722,0.0009476619306951761,0.00024639227194711566,-0.01833350397646427,True,0
12:04:44.617,6,0.014061540365219116,0.0,-3.401444337214343e-05,-0.007941934280097485,True,0
12:04:44.999,5,0.012559890747070312,0.0042583453468978405,0.0011480017565190792,-0.00013878010213375092,True,0
12:04:45.005,6,0.013932943344116211,0.0031675281934440136,-9.453245729673654e-05,0.015951236709952354,True,0
12:04:45.389,5,0.012663483619689941,0.0018792427144944668,0.005531469825655222,0.03308991715312004,True,0
12:04:45.395,6,0.013769686222076416,0.0011845143744722009,-0.0025186575949192047,0.024480270221829414,True,0
12:04:45.769,5,0.013230860233306885,0.0007892892463132739,8.995299867819995e-05,-0.012073010206222534,True,0
12:04:45.781,6,0.014764219522476196,0.0005299639888107777,0.0020812160801142454,0.03860199823975563,True,0
12:04:46.148,5,0.013018578290939331,-4.656612873077393e-10,-0.0003687789139803499,-0.03074818290770054,True,0
12:04:46.155,6,0.013931423425674438,0.0,0.0020588920451700687,-0.014671096578240395,True,0
12:04:46.533,5,0.012450188398361206,0.0,0.0017481734976172447,-0.02712658792734146,True,0
12:04:46.546,6,0.014265745878219604,0.0,0.0013555916957557201,0.00043720752000808716,True,0
12:04:46.921,5,0.012587636709213257,0.0,-0.0008923674467951059,0.038712576031684875,True,0
12:04:46.928,6,0.014090001583099365,0.0002939835540018976,2.555148421379272e-05,0.013697270303964615,True,0
12:04:47.291,5,0.013631969690322876,0.0,3.087630830123089e-05,-0.03306703269481659,True,0
12:04:47.299,6,0.013817161321640015,6.217277405085042e-05,-0.0010350061347708106,-0.039831697940826416,True,0
12:04:47.660,5,0.013024479150772095,0.0,-9.435811080038548e-05,-0.04744894430041313,True,0
12:04:47.669,6,0.014470100402832031,9.023095481097698e-05,4.3885873310500756e-05,0.04349815100431442,True,0
12:04:48.028,5,0.012818008661270142,0.0018055159598588943,0.0029080731328576803,0.05369223654270172,True,0
12:04:48.035,6,0.013845503330230713,0.0001764135085977614,0.0007310625514946878,-0.02976505644619465,True,0
12:04:48.422,5,0.013342738151550293,4.16260190831963e-05,0.0008918087114579976,-0.04520811513066292,True,0
12:04:48.429,6,0.014536887407302856,3.1460585887543857e-06,7.852835551602766e-05,0.08839481323957443,True,0
12:04:48.808,5,0.01360994577407837,0.0,-0.00018833405920304358,-0.01167210191488266,True,0
12:04:48.814,6,0.0142439603805542,0.0,-7.698914851062e-05,0.005421997979283333,True,0
12:04:49.200,5,0.013376116752624512,2.0943025447195396e-05,-0.00010018975444836542,-0.01353861391544342,True,0
12:04:49.208,6,0.013934165239334106,0.0,0.0019133955938741565,0.006127126514911652,True,0
12:04:49.597,5,0.012592971324920654,0.0016752653755247593,0.0021286597475409508,0.006930497474968433,True,0
12:04:49.604,6,0.014083057641983032,0.0006584784714505076,-0.0002511426864657551,0.04497295245528221,True,0
12:04:49.987,5,0.01321101188659668,0.0011449898593127728,0.0001029904160532169,-0.04266343265771866,True,0
12:04:49.994,6,0.014194458723068237,0.0,0.0007405496435239911,0.02893083170056343,True,0
12:04:50.387,5,0.013408035039901733,9.702807437861338e-05,0.00012331052857916802,0.0031258277595043182,True,0
12:04:50.395,6,0.014240175485610962,0.0,-0.0001506743865320459,0.046567387878894806,True,0
12:04:50.783,5,0.01285281777381897,0.00017564476002007723,-0.0012036709813401103,-0.013390676118433475,True,0
12:04:50.790,6,0.013927549123764038,0.0005140797002241015,-0.0016898273024708033,0.03662298619747162,True,0
12:04:51.173,5,0.013713926076889038,0.008445837534964085,-0.00047047811676748097,-0.018981298431754112,True,0
12:04:51.180,6,0.01379653811454773,0.0,-0.0006653332384303212,-0.007248423062264919,True,0
12:04:51.565,5,0.013548195362091064,0.002910812385380268,-0.001482805935665965,0.05027061328291893,True,0
12:04:51.576,6,0.013776779174804688,0.0017003410030156374,-0.0003778068348765373,0.002757107838988304,True,0
12:04:51.976,5,0.012948483228683472,1.2020464055240154e-05,0.001974669983610511,0.014042727649211884,True,0
12:04:51.984,6,0.01397886872291565,0.0,0.00041450883145444095,-0.044889114797115326,True,0
12:04:52.371,5,0.01361510157585144,0.0,2.38368306781922e-06,0.025522271171212196,True,0
12:04:52.378,6,0.013914376497268677,0.0,0.0030089872889220715,-0.019723737612366676,True,0
12:04:52.752,5,0.012905478477478027,3.089151869062334e-05,-0.0004077067133039236,-0.02349168434739113,True,0
12:04:52.759,6,0.014053881168365479,2.3158907424658537e-05,-3.0784351110924035e-05,0.04278240352869034,True,0
12:04:53.126,5,0.01338183879852295,0.0001691283396212384,-0.00013414010754786432,-0.006678031757473946,True,0
12:04:53.142,6,0.014282137155532837,0.0,0.0006944257766008377,0.0070288702845573425,True,0
12:04:53.511,5,0.012931585311889648,9.215399768436328e-05,-0.0005509183974936604,0.015942012891173363,True,0
12:04:53.517,6,0.014409810304641724,0.0,0.0005136005347594619,-0.011898480355739594,True,0
12:04:53.887,5,0.01221039891242981,0.0,0.005001306999474764,-0.0024024993181228638,True,0
12:04:53.894,6,0.014355242252349854,0.0,2.2221600374905393e-05,0.0016175433993339539,True,0
12:04:54.261,5,0.012953639030456543,0.0014016496716067195,0.0009832048090174794,0.010098472237586975,True,0
12:04:54.267,6,0.01413959264755249,-5.820766091346741e-11,0.000905935768969357,-0.01133301667869091,True,0
12:04:54.632,5,0.013348758220672607,0.00015952748071867973,-0.00039883088902570307,0.042493484914302826,True,0
12:04:54.640,6,0.01381772756576538,0.0,0.0012142666382715106,0.02039966732263565,True,0
12:04:55.015,5,0.012739956378936768,0.0,0.0013662620913237333,0.0026294980198144913,True,0
12:04:55.023,6,0.013718396425247192,0.0005952112842351198,0.0003077144792769104,0.0065437182784080505,True,0
12:04:55.393,5,0.013583272695541382,-5.820766091346741e-11,-0.0004885398084297776,0.013092199340462685,True,0
12:04:55.400,6,0.014538586139678955,7.27925798855722e-05,0.0013858943711966276,0.030388420447707176,True,0
12:04:55.778,5,0.013180673122406006,0.0012833025539293885,-0.0002613587712403387,-0.0034230537712574005,True,0
12:04:55.784,6,0.014418035745620728,0.0,0.00038232491351664066,0.04286547750234604,True,0
12:04:56.162,5,0.013045459985733032,-1.1641532182693481e-10,0.0006720297387801111,-0.03696810081601143,True,0
12:04:56.170,6,0.01425907015800476,0.0010834424756467342,3.7551813875325024e-05,-0.019667603075504303,True,0
12:04:56.573,5,0.013127356767654419,0.0,0.00027866821619682014,-0.01774558052420616,True,0
12:04:56.581,6,0.01404428482055664,0.0011881120735779405,9.820961713558063e-05,-0.03782886639237404,True,0
12:04:56.962,5,0.013644635677337646,9.596922609489411e-06,5.683677227352746e-05,-0.02197456732392311,True,0
12:04:56.970,6,0.013794690370559692,0.0,0.002220502123236656,-0.019879575818777084,True,0
12:04:57.348,5,0.013896346092224121,0.0025731255300343037,0.0028339510317891836,0.008531786501407623,True,0
12:04:57.355,6,0.014027297496795654,0.0009998218156397343,-0.00020657319691963494,-0.012254010885953903,True,0
12:04:57.722,5,0.013262361288070679,0.0,0.0004899847554042935,-0.002541612833738327,True,0
12:04:57.737,6,0.014137595891952515,0.0013008868554607034,0.0016614159103482962,0.0038647260516881943,True,0
12:04:58.117,5,0.012999176979064941,0.0010499870404601097,0.0006157050956971943,0.02361062541604042,True,0
12:04:58.130,6,0.014215439558029175,0.0,-0.00026989649632014334,0.017049290239810944,True,0
12:04:58.517,5,0.012723803520202637,0.0,0.0007605843129567802,0.044949766248464584,True,0
12:04:58.524,6,0.014049679040908813,0.0004882428329437971,0.000989206600934267,0.02595534734427929,True,0
12:04:58.911,5,0.013593584299087524,0.001382440677843988,0.0004685301973950118,0.003933526575565338,True,0
12:04:58.917,6,0.014487802982330322,0.0,-0.0003269854059908539,0.005893729627132416,True,0
12:04:59.288,5,0.012893915176391602,0.00016298421542160213,0.00448000431060791,-0.005312390625476837,True,0
12:04:59.295,6,0.014084726572036743,0.0,-0.00024504720931872725,0.017296724021434784,True,0
12:04:59.662,5,0.013558149337768555,0.00031812727684155107,-0.00011149078636663035,0.03269147500395775,True,0
12:04:59.669,6,0.014069676399230957,0.003617966314777732,-0.0008928922470659018,0.01096360757946968,True,0
12:05:00.033,5,0.01336514949798584,0.0,0.00023263524053618312,-0.01581617444753647,True,0
12:05:00.040,6,0.014275729656219482,1.3898374163545668e-05,0.00020417322230059654,0.027175428345799446,True,0
12:05:00.403,5,0.013157784938812256,0.0003112693957518786,-0.0002819941728375852,0.010860573500394821,True,0
12:05:00.409,6,0.01404184103012085,0.0026213594246655703,-0.0009351659100502729,-0.03269919753074646,True,0
12:05:00.802,5,0.013459324836730957,2.9103830456733704e-11,-0.0017386272083967924,0.058443084359169006,True,0
12:05:00.809,6,0.013864666223526001,0.000869921816047281,0.0005794833414256573,-0.01250440999865532,True,0
12:05:01.196,5,0.012835830450057983,0.0,-4.9778780521592125e-05,-0.001602519303560257,True,0
12:05:01.204,6,0.01411426067352295,0.0002135137765435502,-0.00068222003756091,0.04303774610161781,True,0
12:05:01.593,5,0.01382380723953247,0.0,0.0019764662720263004,0.06146617606282234,True,0
12:05:01.599,6,0.014382213354110718,0.0,4.206389803584898e-06,0.003227030858397484,True,0
12:05:01.978,5,0.01215258240699768,0.009124575182795525,0.010712925344705582,-0.0067390864714980125,True,0
12:05:01.985,6,0.014377444982528687,2.171647793147713e-06,0.00037358084227889776,-0.011648878455162048,True,0
12:05:02.371,5,0.012690633535385132,5.730352131649852e-05,-0.0012304370757192373,-0.02480820007622242,True,0
12:05:02.378,6,0.014251559972763062,0.0,-5.3843621572013944e-05,0.013386465609073639,True,0
12:05:02.769,5,0.013056159019470215,0.00012304472329560667,0.0008083542925305665,-0.02332286909222603,True,0
12:05:02.775,6,0.014143824577331543,0.0,0.000281745771644637,0.056744951754808426,True,0
12:05:03.150,5,0.013111710548400879,0.0008796637412160635,3.7410250115499366e-06,-0.037307653576135635,True,0
12:05:03.162,6,0.01439163088798523,0.0004969513975083828,-4.3638785427901894e-05,-0.028765488415956497,True,0
12:05:03.535,5,0.013278841972351074,0.0006670374423265457,0.000597612583078444,-0.019228078424930573,True,0
12:05:03.542,6,0.014342933893203735,1.8189894035458565e-12,0.000143891986226663,-0.01097027212381363,True,0
12:05:03.925,5,0.0129871666431427,0.0,-1.666094067331869e-05,-0.04986602067947388,True,0
12:05:03.931,6,0.01422157883644104,0.0,-0.0001533064933028072,0.011990286409854889,True,0
12:05:04.307,5,0.013781547546386719,0.0,0.003600647207349539,0.0298746470361948,True,0
12:05:04.314,6,0.01410222053527832,0.00011800745414802805,-0.0006266653654165566,0.0022485479712486267,True,0
12:05:04.681,5,0.013358652591705322,0.0,-4.4459487980930135e-05,0.04879120737314224,True,0
12:05:04.687,6,0.013313233852386475,0.004328034818172455,0.004607411101460457,0.015281923115253448,True,0
12:05:05.050,5,0.012837380170822144,0.0,0.0017614655662328005,-0.007516685873270035,True,0
12:05:05.056,6,0.014608293771743774,0.00046926504001021385,0.00024340748495887965,-0.0008747465908527374,True,0
12:05:05.417,5,0.013607114553451538,0.0010454070288687944,-1.3321524420462083e-05,0.007328959181904793,True,0
12:05:05.424,6,0.01400706171989441,0.0007514457684010267,0.0017754662549123168,0.011826579459011555,True,0
12:05:05.807,5,0.013698995113372803,0.00018736772472038865,0.0033802054822444916,-0.016242176294326782,True,0
12:05:05.814,6,0.014174222946166992,0.0009589000837877393,0.00016264912846963853,-0.004359692335128784,True,0
12:05:06.196,5,0.012286603450775146,0.0,0.0028549483977258205,-0.0006933249533176422,True,0
12:05:06.203,6,0.014012962579727173,0.00023188485647551715,0.00034027633955702186,0.02456456609070301,True,0
12:05:06.590,5,0.013300448656082153,0.00025712838396430016,0.0002671104739420116,0.029266417026519775,True,0
12:05:06.598,6,0.013966649770736694,0.0,0.0008836208144202828,0.03039616160094738,True,0
12:05:06.980,5,0.013124823570251465,2.9103830456733704e-11,0.0008088966133072972,-0.04105190187692642,True,0
12:05:06.991,6,0.014499187469482422,0.0005258051678538322,9.548882371746004e-05,0.003533449023962021,True,0
12:05:07.369,5,0.012784004211425781,0.0001113565158448182,0.002071426948532462,-0.013819152489304543,True,0
12:05:07.376,6,0.013967365026473999,0.0,0.0003954750136472285,0.026272937655448914,True,0
12:05:07.742,5,0.012563347816467285,0.0010562373790889978,0.0021801646798849106,-0.037368498742580414,True,0
12:05:07.758,6,0.013921201229095459,0.0,-0.0044008162803947926,0.008852720260620117,True,0
12:05:08.137,5,0.012811332941055298,0.0,-0.0019448649836704135,0.004571331664919853,True,0
12:05:08.144,6,0.01408359408378601,2.206785575253889e-05,0.00016525149112567306,0.017262756824493408,True,0
12:05:08.520,5,0.013100355863571167,0.00031965423841029406,0.0004009327676612884,0.021780531853437424,True,0
12:05:08.526,6,0.013968825340270996,0.0,0.0022100310306996107,0.037736956030130386,True,0
12:05:08.893,5,0.013121724128723145,0.0002495941298548132,0.0008208887884393334,0.026822641491889954,True,0
12:05:08.899,6,0.013863891363143921,0.0,0.000321468454785645,0.04115446284413338,True,0
12:05:09.265,5,0.01278427243232727,0.0,-1.135362072091084e-05,-0.011440720409154892,True,0
12:05:09.271,6,0.013897418975830078,0.0008346158429048955,0.0020653591491281986,0.009313024580478668,True,0
12:05:09.634,5,0.013411521911621094,0.0,-0.00030434594373218715,0.01522107608616352,True,0
12:05:09.640,6,0.014299541711807251,0.00047000969061627984,0.00014782362268306315,0.03172559663653374,True,0
12:05:10.020,5,0.012333810329437256,0.0041793156415224075,0.005423228722065687,0.023157255724072456,True,0
12:05:10.026,6,0.014088362455368042,4.3596664909273386e-05,-0.00012635687016882002,-0.055145617574453354,True,0
12:05:10.403,5,0.012978613376617432,6.042367749614641e-05,-0.0002516613167244941,-0.034891001880168915,True,0
12:05:10.409,6,0.01431196928024292,0.0,-0.00014818683848716319,-0.009538823738694191,True,0
12:05:10.804,5,0.012892365455627441,0.0,-0.00028599859797395766,0.03085099160671234,True,0
12:05:10.811,6,0.014441072940826416,0.0007384984637610614,2.945715641544666e-05,-0.01131650060415268,True,0
12:05:11.189,5,0.013212084770202637,0.0,0.00042236634180881083,-0.013125771656632423,True,0
12:05:11.196,6,0.01414191722869873,4.7314417315647006e-05,8.776306640356779e-05,-0.003135222475975752,True,0
12:05:11.590,5,0.012840181589126587,0.000622172316070646,-0.00021138910960871726,-0.006659708917140961,True,0
12:05:11.597,6,0.013871610164642334,0.0,0.0010676677338778973,-0.03805132582783699,True,0
12:05:11.983,5,0.012113988399505615,0.0,0.003953682724386454,-0.048000041395425797,True,0
12:05:11.991,6,0.013976752758026123,0.0,0.0002338849299121648,-0.012244206853210926,True,0
12:05:12.374,5,0.013194024562835693,0.00235108588822186,0.00030518253333866596,0.017814256250858307,True,0
12:05:12.381,6,0.014325231313705444,0.0,0.0002338178746867925,0.003044379875063896,True,0
12:05:12.753,5,0.012746989727020264,0.0010715556563809514,-0.0019218400120735168,0.014409917406737804,True,0
12:05:12.760,6,0.01397678256034851,2.252168269478716e-05,-0.0001431711425539106,0.035993508994579315,True,0
12:05:13.142,5,0.013394773006439209,0.001998491585254669,-0.00010938667401205748,0.04947676509618759,True,0
12:05:13.148,6,0.014041781425476074,0.0,0.0001622239506104961,0.012524966150522232,True,0
12:05:13.515,5,0.01322716474533081,0.0013682600110769272,0.0007604736019857228,-0.009755922481417656,True,0
12:05:13.522,6,0.014003336429595947,0.000189466038136743,-0.001387301366776228,-0.02595280110836029,True,0
12:05:13.886,5,0.012905418872833252,0.0012672521406784654,-0.00020789989503100514,0.03874402120709419,True,0
12:05:13.894,6,0.014100104570388794,0.0006596040329895914,0.0008682283805683255,-0.010873678140342236,True,0
12:05:14.261,5,0.012472420930862427,0.005273704882711172,0.003262096084654331,0.04982571303844452,True,0
12:05:14.270,6,0.014545053243637085,0.00013591235619969666,0.0008773840381763875,0.0039879195392131805,True,0
12:05:14.636,5,0.012946069240570068,0.0021392074413597584,3.2471729355165735e-05,-0.045061901211738586,True,0
12:05:14.642,6,0.015094012022018433,0.00014747295062988997,0.001679426641203463,-0.038043372333049774,True,0
12:05:15.023,5,0.012978196144104004,-1.4551915228366852e-11,-0.001987691270187497,-0.036138854920864105,True,0
12:05:15.031,6,0.014293462038040161,0.0003025658952537924,-3.400402420083992e-05,0.018331492319703102,True,0
12:05:15.412,5,0.01281726360321045,0.0006695026531815529,0.00016110806609503925,-0.0032393597066402435,True,0
12:05:15.419,6,0.014347761869430542,6.480042065959424e-05,0.000249856966547668,-0.010381807573139668,True,0
12:05:15.797,5,0.013296663761138916,0.0,0.0003688686992973089,-0.05237501114606857,True,0
12:05:15.804,6,0.013972610235214233,0.0006563346832990646,0.0006115636206232011,-0.020888924598693848,True,0
12:05:16.190,5,0.013779133558273315,0.0,0.0006004854803904891,0.044267378747463226,True,0
12:05:16.196,6,0.014102339744567871,0.0,3.724246425917954e-06,0.013652785681188107,True,0
12:05:16.582,5,0.01360967755317688,0.0,1.2150712791481055e-05,0.03713231533765793,True,0
12:05:16.589,6,0.014830827713012695,0.0013244638685137033,-0.0008387246634811163,0.015311714261770248,True,0
12:05:16.971,5,0.013234525918960571,0.0,6.114252028055489e-05,-0.023266270756721497,True,0
12:05:16.978,6,0.01427614688873291,3.347330493852496e-05,-0.0003242957463953644,0.00036262907087802887,True,0
12:05:17.352,5,0.01247367262840271,0.0012253255117684603,0.008571207523345947,-0.004860550165176392,True,0
12:05:17.370,6,0.014509111642837524,0.0009840360144153237,0.002264966955408454,-0.014814998023211956,True,0
12:11:05.405,5,0.01238858699798584,0.0,0.0,-0.01680176518857479,False,0
12:11:05.413,6,0.013898730278015137,0.0,0.0,-0.018278108909726143,False,0
12:11:05.780,5,0.011872529983520508,0.0,0.0,-0.01680176518857479,False,0
12:11:05.787,6,0.013982057571411133,0.0,0.0,-0.018278108909726143,False,0
12:11:06.155,5,0.012134462594985962,0.0,0.0,-0.01680176518857479,False,0
12:11:06.162,6,0.014309287071228027,0.0,0.0,-0.018278108909726143,False,0
12:11:06.529,5,0.012040793895721436,0.0,0.0,-0.01680176518857479,False,0
12:11:06.536,6,0.014023780822753906,0.0,0.0,-0.018278108909726143,False,0
12:11:06.904,5,0.012052327394485474,0.0,0.0,-0.01680176518857479,False,0
12:11:06.912,6,0.013906806707382202,0.0,0.0,-0.018278108909726143,False,0
12:11:07.279,5,0.01179194450378418,0.0,0.0,-0.01680176518857479,False,0
12:11:07.285,6,0.014157921075820923,0.0,0.0,-0.018278108909726143,False,0
12:11:07.656,5,0.011792927980422974,0.0,0.0,-0.01680176518857479,False,0
12:11:07.663,6,0.014017581939697266,0.0,0.0,-0.018278108909726143,False,0
12:11:08.039,5,0.012629956007003784,0.0,0.0,-0.01680176518857479,False,0
12:11:08.045,6,0.014249294996261597,0.0,0.0,-0.018278108909726143,False,0
12:11:08.423,5,0.011988133192062378,0.0,0.0,-0.01680176518857479,False,0
12:11:08.431,6,0.014293819665908813,0.0,0.0,-0.018278108909726143,False,0
12:11:08.810,5,0.012152791023254395,0.0,0.0,-0.01680176518857479,False,0
12:11:08.817,6,0.01411813497543335,0.0,0.0,-0.018278108909726143,False,0
12:11:09.186,5,0.011851578950881958,0.0,0.0,-0.01680176518857479,False,0
12:11:09.193,6,0.014116495847702026,0.0,0.0,-0.018278108909726143,False,0
12:11:09.582,5,0.011947065591812134,0.0,0.0,-0.01680176518857479,False,0
12:11:09.590,6,0.01429373025894165,0.0,0.0,-0.018278108909726143,False,0
12:11:09.953,5,0.011958450078964233,0.0,0.0,-0.01680176518857479,False,0
12:11:09.960,6,0.014055490493774414,0.0,0.0,-0.018278108909726143,False,0
12:11:10.330,5,0.012258052825927734,0.0,0.0,-0.01680176518857479,False,0
12:11:10.338,6,0.013789564371109009,0.0,0.0,-0.018278108909726143,False,0
12:11:10.712,5,0.01169559359550476,0.0,0.0,-0.01680176518857479,False,0
12:11:10.720,6,0.014222681522369385,0.0,0.0,-0.018278108909726143,False,0
12:11:11.090,5,0.011740416288375854,0.0006223556702025235,0.0006665189866907895,0.008940871804952621,True,0
12:11:11.099,6,0.014120221138000488,0.0,0.0,-0.018278108909726143,False,0
12:11:11.465,5,0.011870324611663818,0.0,-0.00038380781188607216,-0.028653496876358986,True,0
12:11:11.472,6,0.014190763235092163,0.0029947259463369846,-0.0007222238928079605,-0.003618583083152771,True,0
12:11:11.847,5,0.011747479438781738,0.002722246805205941,0.0008584404131397605,-0.012686955742537975,True,0
12:11:11.854,6,0.013891547918319702,0.0,0.0012569952523335814,0.0068844277411699295,True,0
12:11:12.247,5,0.012395322322845459,0.00017859786748886108,0.0032344511710107327,-0.014003463089466095,True,0
12:11:12.253,6,0.01361653208732605,0.00014667310460936278,-0.00020147715986240655,0.03903256729245186,True,0
12:11:12.639,5,0.012629181146621704,0.0006003087037242949,-0.0036812464240938425,0.046426866203546524,True,0
12:11:12.645,6,0.01357242465019226,3.237975761294365e-06,-0.0008539370028302073,0.008032843470573425,True,0
12:11:13.021,5,0.011931926012039185,0.0,0.0003882612509187311,-0.011980162933468819,True,0
12:11:13.028,6,0.013545840978622437,0.0003526922082528472,0.00013604130072053522,0.0042564598843455315,True,0
12:11:13.397,5,0.011600971221923828,0.0007197081577032804,0.0007594814524054527,-0.01432715728878975,True,0
12:11:13.407,6,0.013682961463928223,0.0,-3.759522223845124e-05,0.031142594292759895,True,0
12:11:13.789,5,0.011542201042175293,0.0003765510627999902,0.004608687944710255,-0.0028359433636069298,True,0
12:11:13.808,6,0.013939321041107178,0.00027384550776332617,1.1886770153068937e-05,-0.010289907455444336,True,0
12:11:14.181,5,0.012011498212814331,-1.1641532182693481e-10,0.0006954381242394447,0.06385790556669235,True,0
12:11:14.188,6,0.014103472232818604,0.0005071851192042232,-0.002129118889570236,-0.005212016403675079,True,0
12:11:14.555,5,0.01215311884880066,-7.275957614183426e-12,-0.0007980543305166066,-0.07846430689096451,True,0
12:11:14.564,6,0.013929575681686401,0.0,-0.000760785536840558,0.007874920964241028,True,0
12:11:14.928,5,0.01134335994720459,0.002211509272456169,-0.0005334297893568873,-0.0009581334888935089,True,0
12:11:14.935,6,0.013325929641723633,0.0,-0.0012570034014061093,-0.03549475222826004,True,0
12:11:15.296,5,0.01203685998916626,0.0,-5.9413294366095215e-05,0.002079632133245468,True,0
12:11:15.302,6,0.013775080442428589,0.00086151750292629,-0.0016076299361884594,-0.005378516390919685,True,0
12:11:15.664,5,0.011359035968780518,0.0002033000928349793,0.0020872801542282104,0.029962090775370598,True,0
12:11:15.670,6,0.013614922761917114,4.849079414270818e-05,0.0002861406246665865,-0.033425744622945786,True,0
12:11:16.053,5,0.01165357232093811,0.0,-0.0004352472606115043,0.007896382361650467,True,0
12:11:16.060,6,0.01375994086265564,4.93303123221267e-05,0.0005033970228396356,0.014101147651672363,True,0
12:11:16.455,5,0.011766046285629272,0.0,-3.4151335057686083e-06,-0.04162587225437164,True,0
12:11:16.464,6,0.014077425003051758,0.0,0.00015179731417447329,-0.03604947775602341,True,0
12:11:16.847,5,-0.0404488742351532,0.0,0.0003489972441457212,0.02407958172261715,True,0
12:11:16.855,6,-0.04276052117347717,0.0009383819997310638,0.009721215814352036,-0.0018972810357809067,True,0
12:11:17.257,5,-0.17011100053787231,-1.1641532182693481e-10,-0.0016884944634512067,0.003073662519454956,True,0
12:11:17.265,6,-0.1689363569021225,0.0,-0.001481456565670669,0.013897068798542023,True,0
12:11:17.646,5,-0.17827129364013672,0.0,0.004652128089219332,0.0007514916360378265,True,0
12:11:17.653,6,-0.17999498546123505,0.002934507094323635,0.012642370536923409,0.01514832116663456,True,0
12:11:18.045,5,-0.3248540759086609,6.931863026693463e-05,0.0011545302113518119,0.02431538514792919,True,0
12:11:18.053,6,-0.32338690757751465,0.00829580333083868,0.0008053441415540874,0.03307119756937027,True,0
12:11:18.437,5,-0.9183575510978699,0.0013429607497528195,-0.0008184768375940621,0.02525092475116253,True,0
12:11:18.445,6,-0.9138650894165039,0.0,9.524917550152168e-05,0.007127732038497925,True,0
12:11:18.834,5,-1.4889564514160156,0.021032346412539482,-0.001437727827578783,-0.04475681111216545,True,0
12:11:18.841,6,-1.5014013051986694,0.0,0.01107463426887989,-0.03540891781449318,True,0
12:11:19.230,5,-2.4015371799468994,0.0,0.0018053927924484015,-0.013138288632035255,True,0
12:11:19.237,6,-2.413700580596924,0.0,-0.0019516580505296588,-0.021598100662231445,True,0
12:11:19.621,5,-2.8982434272766113,0.0,0.004441546276211739,-0.053983673453330994,True,0
12:11:19.627,6,-2.906359910964966,0.011221827939152718,0.0006303593399934471,-0.030296064913272858,True,0
12:11:20.007,5,-3.7886300086975098,0.0,-0.0022583170793950558,-0.021947074681520462,True,0
12:11:20.016,6,-3.7978248596191406,0.0,0.021991770714521408,-0.05526086315512657,True,0
12:11:20.394,5,-4.7225728034973145,0.032546266913414,-0.00046915633720345795,-0.028779931366443634,True,0
12:11:20.401,6,-4.740250110626221,0.012858327478170395,0.003574081463739276,-0.04036475718021393,True,0
12:11:20.793,5,-5.693359375,0.047772590070962906,0.023900464177131653,0.06482543051242828,True,0
12:11:20.801,6,-5.707401752471924,0.0,0.015523402951657772,0.01474311575293541,True,0
12:11:21.192,5,-6.666858673095703,0.01950349286198616,0.006028459873050451,-0.023172330111265182,True,0
12:11:21.198,6,-6.681547164916992,0.004184546880424023,0.0032006839755922556,0.02909521386027336,True,0
12:11:21.587,5,-7.628101348876953,0.00909329578280449,-0.0073748487047851086,0.01566942036151886,True,0
12:11:21.593,6,-7.643561840057373,0.020061949267983437,0.016359802335500717,0.06938128918409348,True,0
12:11:21.964,5,-8.551168441772461,0.08378298580646515,0.03134893253445625,-0.05014544725418091,True,0
12:11:21.983,6,-8.578314781188965,0.009722045622766018,-0.00916037242859602,-0.06937288492918015,True,0
12:11:22.354,5,-9.235877990722656,0.0012985749635845423,0.001643557334318757,-0.04456676170229912,True,0
12:11:22.360,6,-9.236125946044922,0.0014620076399296522,0.0029150708578526974,0.004488606005907059,True,0
12:11:22.729,5,-9.587112426757812,0.018368789926171303,-0.00950623955577612,-0.007946230471134186,True,0
12:11:22.740,6,-9.605545997619629,0.002437554532662034,-0.0020456756465137005,-0.054640378803014755,True,0
12:11:23.116,5,-10.002785682678223,0.0,-0.002862433670088649,-0.05531777814030647,True,0
12:11:23.122,6,-10.004772186279297,0.009144140407443047,0.008328251540660858,0.039316534996032715,True,0
12:11:23.492,5,-10.5053071975708,0.0,-0.0027151850517839193,0.019283663481473923,True,0
12:11:23.501,6,-10.502310752868652,0.001030322746373713,0.0016277474351227283,-0.005619825795292854,True,0
12:11:23.871,5,-10.852330207824707,0.008047012612223625,0.011692321859300137,-0.03115459904074669,True,0
12:11:23.878,6,-10.859807014465332,0.014770346693694592,0.01451003085821867,-0.014195319265127182,True,0
12:11:24.240,5,-11.12765884399414,0.014705522917211056,0.013499562628567219,-0.02497170679271221,True,0
12:11:24.247,6,-11.138291358947754,0.001250087283551693,-0.001247396576218307,-0.021593671292066574,True,0
12:11:24.632,5,-11.434011459350586,0.0019083964871242642,8.938390237744898e-05,-0.04234851896762848,True,0
12:11:24.641,6,-11.43374252319336,0.0,0.0032066062558442354,-0.04940022900700569,True,0
12:11:25.022,5,-11.704678535461426,0.012746673077344894,-0.0006079425802454352,-0.053380485624074936,True,0
12:11:25.029,6,-11.704381942749023,0.008506282232701778,0.006873467471450567,-0.04289362579584122,True,0
12:11:25.419,5,-12.04552936553955,0.004916428588330746,0.00529174180701375,0.0108291395008564,True,0
12:11:25.426,6,-12.039886474609375,0.00045549654169008136,-0.0001702356239547953,0.0004011690616607666,True,0
12:11:25.808,5,-12.378334999084473,0.002466612495481968,5.67472270631697e-05,-0.04049711301922798,True,0
12:11:25.815,6,-12.372648239135742,0.0011038350639864802,-0.00015285529661923647,-0.006010282784700394,True,0
12:11:26.195,5,-12.516496658325195,0.002154354238882661,0.0035978227388113737,0.016859816387295723,True,0
12:11:26.202,6,-12.510284423828125,0.0,-6.081824176362716e-05,0.003831402398645878,True,0
12:11:26.588,5,-12.62592887878418,0.00034346143365837634,0.0017544772708788514,0.025325283408164978,True,0
12:11:26.596,6,-12.62051773071289,0.003643188625574112,0.004849803168326616,-0.03961924463510513,True,0
12:11:26.978,5,-13.014008522033691,0.0,0.0036787863355129957,-0.05774460360407829,True,0
12:11:26.985,6,-13.008228302001953,0.0118589261546731,0.000676544033922255,-0.033895544707775116,True,0
12:11:27.363,5,-13.365056037902832,0.0,-0.0005947060999460518,-0.021544616669416428,True,0
12:11:27.383,6,-13.366732597351074,0.00486412737518549,0.0031922271009534597,-0.03566456213593483,True,0
12:11:27.770,5,-13.55355167388916,0.0,-0.005726394709199667,0.02533116191625595,True,0
12:11:27.780,6,-13.566146850585938,0.009022963233292103,-0.0032778196036815643,-0.0013167578727006912,True,0
12:11:28.147,5,-13.711516380310059,0.0,0.0032141993287950754,-0.03749612718820572,True,0
12:11:28.158,6,-13.71583080291748,0.011532514356076717,0.0074535394087433815,-0.0357433557510376,True,0
12:11:28.560,5,-13.841107368469238,0.0,-0.00033932962105609477,-0.009568985551595688,True,0
12:11:28.569,6,-13.835328102111816,0.006187685299664736,0.0038245776668190956,-0.015656016767024994,True,0
12:11:28.944,5,-13.844908714294434,0.019310852512717247,0.004751772154122591,0.006128024309873581,True,0
12:11:28.950,6,-13.843037605285645,0.004429876804351807,-0.001560489065013826,-0.023529350757598877,True,0
12:11:29.336,5,-14.150731086730957,0.0006751958862878382,-0.0002822634414769709,0.04710380360484123,True,0
12:11:29.343,6,-14.149497032165527,0.00027333686011843383,-0.0011100709671154618,0.030118465423583984,True,0
12:11:29.716,5,-14.341497421264648,0.0,-0.0008107911562547088,-0.04029164835810661,True,0
12:11:29.723,6,-14.338104248046875,0.0006919509032741189,0.0028296762611716986,-0.08349712193012238,True,0
12:11:30.098,5,-14.519949913024902,0.0,-0.005647106096148491,-0.029244057834148407,True,0
12:11:30.107,6,-14.526293754577637,0.004051408730447292,-0.003956110682338476,0.02721102349460125,True,0
12:11:30.483,5,-14.586970329284668,0.0015687975101172924,0.002103980630636215,-0.004828764125704765,True,0
12:11:30.490,6,-14.582842826843262,0.0,-0.0024755343329161406,-0.020213261246681213,True,0
12:11:30.856,5,-14.587738990783691,0.0,0.0004681251011788845,-0.03247736766934395,True,0
12:11:30.865,6,-14.583131790161133,0.0,0.0004741884768009186,-0.009413223713636398,True,0
12:11:31.244,5,-14.587191581726074,0.0008041527471505105,-0.0021937221754342318,-0.017485417425632477,True,0
12:11:31.251,6,-14.583083152770996,-5.820766091346741e-11,0.0029384244699031115,-0.005314165260642767,True,0
12:11:31.611,5,-14.587306022644043,0.0013090186985209584,-0.00039029575418680906,-0.0012070853263139725,True,0
12:11:31.617,6,-14.583035469055176,0.003938833251595497,0.0008279953617602587,-0.013109780848026276,True,0
12:11:32.015,5,-14.58719539642334,0.0,0.0007643186254426837,0.006442651152610779,True,0
12:11:32.023,6,-14.583032608032227,0.0,-0.0002181433665100485,-0.07992745190858841,True,0
12:11:32.408,5,-14.58742904663086,0.0,0.0010112328454852104,-0.0015882402658462524,True,0
12:11:32.416,6,-14.582900047302246,0.00021142099285498261,9.057619899976999e-05,0.011990652419626713,True,0
12:11:32.803,5,-14.586451530456543,0.0009629406849853694,0.002513870829716325,-0.00029681622982025146,True,0
12:11:32.809,6,-14.582568168640137,0.0008548310142941773,0.0012173930881544948,-0.0024225041270256042,True,0
12:11:33.192,5,-14.586750030517578,0.0,6.769205356249586e-05,-0.011579715646803379,True,0
12:11:33.199,6,-14.5826416015625,0.00042313942685723305,5.8898785937344655e-05,-0.02960389479994774,True,0
12:11:33.578,5,-14.58650016784668,0.0002395008341409266,1.5591409464832395e-05,0.025544099509716034,True,0
12:11:33.588,6,-14.582581520080566,7.436511805281043e-05,-0.0008598858839832246,-0.012897217646241188,True,0
12:11:33.973,5,-14.586302757263184,-5.820766091346741e-11,-3.5935285268351436e-05,0.0011880509555339813,True,0
12:11:33.982,6,-14.581815719604492,0.001224470091983676,0.0019446888472884893,-0.030781222507357597,True,0
12:11:34.375,5,-14.586081504821777,0.000145755780977197,1.0568099924057606e-06,-0.04830193519592285,True,0
12:11:34.382,6,-14.582100868225098,0.0003194873861502856,0.00034496784792281687,-0.019559476524591446,True,0
12:11:34.761,5,-14.585957527160645,0.0,8.163629900082015e-06,0.0569317452609539,True,0
12:11:34.769,6,-14.582186698913574,0.00010937835759250447,-0.00015846888709347695,-0.06124148517847061,True,0
12:11:35.146,5,-14.585549354553223,0.0,3.5536362702259794e-05,0.0039368607103824615,True,0
12:11:35.159,6,-14.581775665283203,0.009374215267598629,0.005170381162315607,0.0035375095903873444,True,0
12:11:35.527,5,-14.5850191116333,0.0,0.0020071680191904306,0.02211795747280121,True,0
12:11:35.534,6,-14.582039833068848,0.0013328252825886011,0.0006202426156960428,0.014759097248315811,True,0
12:11:35.916,5,-14.58549690246582,0.0,-0.001440061954781413,-0.018277421593666077,True,0
12:11:35.923,6,-14.581616401672363,0.0003646212862804532,0.0006774929934181273,0.03663298115134239,True,0
12:11:36.289,5,-14.585165977478027,0.00020442897221073508,0.0008857162320055068,0.048110175877809525,True,0
12:11:36.295,6,-14.581866264343262,2.092699105560314e-05,9.32796101551503e-05,-0.0248971376568079,True,0
12:11:36.667,5,-14.584695816040039,7.281938451342285e-06,-0.00019158588838763535,-0.033937007188797,True,0
12:11:36.674,6,-14.581664085388184,0.0,5.7449040468782187e-05,-0.014319447800517082,True,0
12:11:37.037,5,-14.584285736083984,0.0,0.0005356601905077696,-0.007230979390442371,True,0
12:11:37.044,6,-14.58142375946045,0.0002682441845536232,0.0008702634950168431,0.034782152622938156,True,0
12:11:37.412,5,-14.584043502807617,0.0009238772909156978,-0.0009591408888809383,0.007967079989612103,True,0
12:11:37.419,6,-14.581300735473633,0.0008726487867534161,-0.0004632729396689683,0.01865347847342491,True,0
12:11:37.803,5,-14.584505081176758,0.0,0.002604771638289094,0.010622147470712662,True,0
12:11:37.811,6,-14.5812406539917,0.0006968963425606489,-0.00026997047825716436,0.03836330771446228,True,0
12:11:38.190,5,-14.583465576171875,0.0,5.2913012041244656e-05,-0.015659896656870842,True,0
12:11:38.197,6,-14.580610275268555,0.002089254092425108,-0.0014535319060087204,0.03215485066175461,True,0
12:11:38.585,5,-14.583756446838379,0.00015456804248970002,-0.00015426544996444136,-0.0557258203625679,True,0
12:11:38.592,6,-14.58099365234375,0.0,-2.2091835489845835e-05,-0.008680582046508789,True,0
12:11:38.973,5,-14.583831787109375,0.0,0.0004695973184425384,0.02252325788140297,True,0
12:11:38.980,6,-14.580486297607422,0.0,0.0006567559903487563,0.017552681267261505,True,0
12:11:39.352,5,-14.58336353302002,0.0,0.00020929667516611516,-0.009256299585103989,True,0
12:11:39.359,6,-14.580904960632324,7.416310836561024e-05,-0.001058956841006875,-0.04725252464413643,True,0
12:11:39.726,5,-14.583186149597168,5.056295049143955e-05,0.0008579610730521381,0.07071495801210403,True,0
12:11:39.733,6,-14.580649375915527,0.0,-0.0002927496680058539,0.0031225457787513733,True,0
12:11:40.102,5,-14.58285903930664,0.00030046480242162943,-6.513031985377893e-05,0.007560119032859802,True,0
12:11:40.111,6,-14.580120086669922,4.547473508864641e-13,-2.9496064598788507e-05,-0.01607358269393444,True,0
12:11:40.477,5,-14.582715034484863,0.0,1.7966778614209034e-05,0.025801828131079674,True,0
12:11:40.484,6,-14.580151557922363,-1.4551915228366852e-11,0.0002024214481934905,0.019510138779878616,True,0
12:11:40.848,5,-14.582258224487305,0.000921471044421196,-0.0014921793481335044,0.06720653176307678,True,0
12:11:40.855,6,-14.579732894897461,0.0002791466540656984,1.6491885617142543e-05,0.01725234091281891,True,0
12:11:41.212,5,-14.581823348999023,0.0,0.000225933370529674,0.021916430443525314,True,0
12:11:41.219,6,-14.579837799072266,0.0019001952605322003,-1.3781124835077208e-05,-0.0027037709951400757,True,0
12:11:41.598,5,-14.581950187683105,-2.9103830456733704e-11,7.606358121847734e-05,-0.03365075960755348,True,0
12:11:41.609,6,-14.579639434814453,0.0,0.00041297197458334267,0.011189707554876804,True,0
12:11:41.987,5,-14.581792831420898,0.00015288690337911248,6.180420314194635e-05,0.021983973681926727,True,0
12:11:41.994,6,-14.579679489135742,0.0010878747561946511,0.0021399124525487423,0.005105063319206238,True,0
12:11:42.376,5,-14.581686973571777,0.0006710141897201538,0.00028069739346392453,-0.008870786987245083,True,0
12:11:42.382,6,-14.579505920410156,0.0008684878703206778,5.844866973347962e-05,-0.025065522640943527,True,0
12:11:42.778,5,-14.581448554992676,2.114265225827694e-05,0.0001827500236686319,-0.0358194001019001,True,0
12:11:42.785,6,-14.579394340515137,0.0006543431663885713,0.00012973032426089048,0.009921465069055557,True,0
12:11:43.163,5,-14.580914497375488,0.0,-5.374978354666382e-05,-0.02725176140666008,True,0
12:11:43.170,6,-14.578929901123047,0.0006470163352787495,0.00021868919429834932,-0.020776383578777313,True,0
12:11:43.542,5,-14.580680847167969,0.0,6.339358515106142e-05,-0.001469343900680542,True,0
12:11:43.554,6,-14.5787992477417,0.0007743116584606469,0.0002494549844413996,-0.007692757993936539,True,0
12:11:43.922,5,-14.580345153808594,1.948538738361094e-05,0.00016230420442298055,0.01883586496114731,True,0
12:11:43.929,6,-14.578781127929688,0.0,-0.0003006626502610743,0.014648670330643654,True,0
12:11:44.295,5,-14.581039428710938,0.0,-0.0007169757154770195,-0.0028484277427196503,True,0
12:11:44.305,6,-14.578719139099121,0.0,0.0008603908936493099,-0.03723343834280968,True,0
12:11:44.674,5,-14.580292701721191,0.0,-0.00030941993463784456,-0.01678229123353958,True,0
12:11:44.680,6,-14.578278541564941,0.0,0.0001676182437222451,0.0031181154772639275,True,0
12:11:45.052,5,-14.580410957336426,0.0004483293159864843,-0.0004195163201075047,0.03548932820558548,True,0
12:11:45.059,6,-14.578592300415039,5.820766091346741e-11,-0.0003254568437114358,0.02357914298772812,True,0
12:11:45.417,5,-14.58008098602295,0.00044433603761717677,2.6800895284395665e-05,-0.03579938784241676,True,0
12:11:45.424,6,-14.578725814819336,0.0002464752469677478,4.9206314542971086e-06,-0.031703561544418335,True,0
12:11:45.802,5,-14.579771041870117,6.690947338938713e-05,-6.950367969693616e-05,-0.00033023208379745483,True,0
12:11:45.809,6,-14.578275680541992,0.0,-0.0004770306113641709,0.030849464237689972,True,0
12:11:46.190,5,-14.579743385314941,0.0004303075256757438,-0.0008614931139163673,0.009765639901161194,True,0
12:11:46.197,6,-14.578133583068848,7.555109914392233e-05,0.0006615972379222512,-0.005081384442746639,True,0
12:11:46.576,5,-14.5794095993042,0.0,-0.00026747232186608016,-0.012534961104393005,True,0
12:11:46.583,6,-14.577754974365234,5.820766091346741e-11,-0.00046992101124487817,-0.013632647693157196,True,0
12:11:46.972,5,-14.57940673828125,0.0,0.00036530502256937325,0.03058444708585739,True,0
12:11:46.978,6,-14.577820777893066,0.0,0.00012262660311535,-0.054442405700683594,True,0
12:11:47.361,5,-14.579524040222168,0.0032698733266443014,0.0013268456095829606,-0.02611963078379631,True,0
12:11:47.368,6,-14.577838897705078,0.0001698805863270536,-0.0011801079381257296,0.03787732496857643,True,0
12:11:47.755,5,-14.57882022857666,0.0,-0.0006052918033674359,-0.008829236030578613,True,0
12:11:47.762,6,-14.57761001586914,1.4551915228366852e-11,-0.00011927650484722108,-0.030736848711967468,True,0
12:11:48.130,5,-14.57926082611084,0.0005123150767758489,0.002539737382903695,-0.03672512620687485,True,0
12:11:48.143,6,-14.577404022216797,0.0,0.0001740237494232133,-0.015123449265956879,True,0
12:11:48.511,5,-14.578606605529785,0.0002769473067019135,-1.1511140655784402e-05,0.029236890375614166,True,0
12:11:48.521,6,-14.577301979064941,0.0003346189041621983,-1.5356890799012035e-06,-0.019034400582313538,True,0
12:11:48.899,5,-14.578718185424805,0.0016732928343117237,0.00011653287219814956,-0.017478788271546364,True,0
12:11:48.906,6,-14.576770782470703,0.00021982862381264567,0.0011269054375588894,-0.017178647220134735,True,0
12:11:49.274,5,-14.578455924987793,0.0006950909155420959,0.0023480139207094908,0.010641872882843018,True,0
12:11:49.281,6,-14.57682991027832,0.0003029982908628881,7.158466178225353e-05,-0.01863478496670723,True,0
12:11:49.644,5,-14.578435897827148,0.0,0.0012245255056768656,-0.0174114890396595,True,0
12:11:49.651,6,-14.576863288879395,8.250391692854464e-05,-0.0007867387030273676,0.00019847741350531578,True,0
12:11:50.014,5,-14.578207969665527,0.00048539263661950827,0.0010420950129628181,-0.016119761392474174,True,0
12:11:50.020,6,-14.57697582244873,0.0017852417659014463,0.000599813589360565,-0.04938460513949394,True,0
12:11:50.398,5,-14.57804012298584,9.094947017729282e-13,0.0013480872148647904,0.020234020426869392,True,0
12:11:50.404,6,-14.576695442199707,0.0012684442335739732,0.0005073497304692864,-0.018698977306485176,True,0
12:11:50.787,5,-14.577925682067871,0.00020752854470629245,0.0008019102970138192,0.0036735718604177237,True,0
12:11:50.794,6,-14.576544761657715,0.0,1.4391525837709196e-05,-0.03008170612156391,True,0
12:11:51.189,5,-14.57751750946045,0.0001975965715246275,-0.0011308996472507715,0.06007356941699982,True,0
12:11:51.195,6,-14.576410293579102,0.0,-0.0002875264617614448,-0.02626613900065422,True,0
12:11:51.573,5,-14.577805519104004,0.0017325032968074083,0.00037608001730404794,0.028040725737810135,True,0
12:11:51.580,6,-14.576188087463379,0.0005307047395035625,-0.0005443100235424936,-0.006420950870960951,True,0
12:11:51.954,5,-14.57707691192627,0.0,-0.0002232120605185628,-0.04121888801455498,True,0
12:11:51.961,6,-14.576726913452148,0.0,-0.00042242257040925324,-0.029766706749796867,True,0
12:11:52.328,5,-14.577136039733887,0.0,-0.00011907129373867065,0.05875987187027931,True,0
12:11:52.334,6,-14.576425552368164,0.0,0.00016681068518664688,-0.03738909587264061,True,0
12:11:52.701,5,-14.577391624450684,0.00019238425011280924,0.0001663101138547063,0.04153462499380112,True,0
12:11:52.708,6,-14.576506614685059,0.000229362296522595,0.000774089596234262,-0.01443485077470541,True,0
12:11:53.074,5,-14.576796531677246,5.820766091346741e-11,0.0010066129034385085,-0.03824443370103836,True,0
12:11:53.080,6,-14.576253890991211,0.0005223326152190566,0.0004449178231880069,-0.016109857708215714,True,0
12:11:53.441,5,-14.577005386352539,2.9103830456733704e-11,0.0007122227689251304,0.009195767343044281,True,0
12:11:53.448,6,-14.57617473602295,0.0,0.00012990791583433747,-0.009810678660869598,True,0
12:11:53.814,5,-14.57723331451416,0.00012480543227866292,0.0005260894540697336,0.019427940249443054,True,0
12:11:53.821,6,-14.57604694366455,0.0003133323625661433,-4.9571695853956044e-05,0.01602894812822342,True,0
12:11:54.197,5,-14.57650375366211,6.507275247713551e-05,7.997524517122656e-05,-0.03909241035580635,True,0
12:11:54.203,6,-14.575947761535645,0.00010663096327334642,-0.00020188056805636734,-0.01651662029325962,True,0
12:11:54.590,5,-14.577136039733887,0.0019607467111200094,-0.0004048566333949566,0.037611037492752075,True,0
12:11:54.597,6,-14.576211929321289,0.0,0.0003348721656948328,-0.015394685789942741,True,0
12:11:54.985,5,-14.576390266418457,0.0001355676504317671,8.225548663176596e-05,0.02871447242796421,True,0
12:11:54.991,6,-14.575793266296387,0.0,1.6042451534303837e-05,-0.01007707417011261,True,0
12:11:55.385,5,-14.57667350769043,0.0026444783434271812,4.6262812247732654e-05,0.04220890253782272,True,0
12:11:55.391,6,-14.575742721557617,0.0,0.00015915409312583506,-0.0077851079404354095,True,0
12:11:55.775,5,-14.57664680480957,0.0,-0.00046002957969903946,0.008428271859884262,True,0
12:11:55.782,6,-14.575446128845215,0.001343289390206337,-0.0001100122244679369,0.025342989712953568,True,0
12:11:56.161,5,-14.558450698852539,0.0,0.004876311402767897,-0.0025835195556282997,True,0
12:11:56.170,6,-14.553956031799316,0.0,-0.0006826358730904758,0.039644066244363785,True,0
12:11:56.545,5,-14.46988582611084,0.0,0.002925906563177705,-0.0403289869427681,True,0
12:11:56.553,6,-14.466118812561035,0.0,0.0014458984369412065,-0.007526282221078873,True,0
12:11:56.927,5,-14.317708969116211,0.006162725389003754,0.0023684718180447817,-0.04400038346648216,True,0
12:11:56.936,6,-14.314119338989258,0.00012289747246541083,0.001926535740494728,-0.006009707227349281,True,0
12:11:57.318,5,-14.315617561340332,0.0009261221857741475,-0.0011040865210816264,-0.0014262273907661438,True,0
12:11:57.325,6,-14.313976287841797,0.0,0.0007109965663403273,-0.022967856377363205,True,0
12:11:57.694,5,-14.315908432006836,0.0005746535025537014,0.003720106789842248,-0.036404505372047424,True,0
12:11:57.701,6,-14.312777519226074,0.0,-7.39574315957725e-05,0.045396193861961365,True,0
12:11:58.070,5,-14.315868377685547,0.0033602211624383926,0.0011563943699002266,0.011572667397558689,True,0
12:11:58.077,6,-14.312814712524414,0.0,2.5955328965210356e-05,0.00493630301207304,True,0
12:11:58.454,5,-14.315431594848633,0.0,-3.0414885259233415e-05,0.05279184877872467,True,0
12:11:58.464,6,-14.313050270080566,0.0,-0.00014086910232435912,0.02280288189649582,True,0
12:11:58.847,5,-14.357872009277344,0.01716388389468193,0.00580186303704977,-0.05775667726993561,True,0
12:11:58.856,6,-14.37190055847168,0.0,-0.00558078195899725,-0.015315803699195385,True,0
12:11:59.233,5,-14.548673629760742,0.0,0.0020134637597948313,0.01753944344818592,True,0
12:11:59.242,6,-14.553956985473633,0.010311081074178219,0.0008192281820811331,0.015799596905708313,True,0
12:11:59.735,5,-14.736902236938477,0.004764868412166834,0.0024519420694559813,0.03167629614472389,True,0
12:11:59.747,6,-14.727632522583008,0.0,-0.0023401633370667696,0.0037921592593193054,True,0
12:12:00.148,5,-14.065813064575195,0.0008640752639621496,-0.001189486705698073,-0.018971465528011322,True,0
12:12:00.167,6,-14.062453269958496,0.0001361569738946855,-0.001688026008196175,-0.014581172727048397,True,0
12:12:00.564,5,-13.565231323242188,0.015672853216528893,-0.01177650224417448,-0.014553657732903957,True,0
12:12:00.575,6,-13.543147087097168,0.0,0.008482983335852623,0.0373319648206234,True,0
12:12:00.947,5,-12.767614364624023,0.0005900824326090515,-0.0009372964850626886,-0.0396694540977478,True,0
12:12:00.957,6,-12.763162612915039,-1.1641532182693481e-10,-3.4880249586421996e-05,-0.05279168114066124,True,0
12:12:01.322,5,-12.752442359924316,0.0,-0.0012995987199246883,-0.028237730264663696,True,0
12:12:01.329,6,-12.748820304870605,0.0,0.002107847249135375,-0.021274767816066742,True,0
12:12:01.716,5,-12.463431358337402,0.0,0.0014147120527923107,-0.044689424335956573,True,0
12:12:01.727,6,-12.46036434173584,1.6978874555206858e-05,-0.0002975977840833366,0.012173599563539028,True,0
12:12:02.114,5,-11.943915367126465,0.002067811554297805,-0.00017864177061710507,0.009955880232155323,True,0
12:12:02.121,6,-11.943675994873047,0.00012594972213264555,4.607881692209048e-06,-0.042144548147916794,True,0
12:12:02.513,5,-11.546321868896484,0.011012128554284573,0.03421064093708992,-0.020942725241184235,True,0
12:12:02.520,6,-11.530076026916504,0.0350475013256073,0.003693241626024246,0.0020742472261190414,True,0
12:12:02.905,5,-10.604626655578613,0.006731653586030006,-0.0002192921965615824,0.014834143221378326,True,0
12:12:02.912,6,-10.591632843017578,0.0,0.0015330191235989332,0.012569908052682877,True,0
12:12:03.293,5,-9.801728248596191,0.01779160648584366,0.0066503663547337055,0.03736075758934021,True,0
12:12:03.302,6,-9.78582763671875,0.02617323212325573,0.027660291641950607,0.017536625266075134,True,0
12:12:03.694,5,-8.869598388671875,0.01386068295687437,0.0046736313961446285,0.005986010655760765,True,0
12:12:03.701,6,-8.857664108276367,0.021852832287549973,0.013452493585646152,-0.03951404243707657,True,0
12:12:04.081,5,-7.925223350524902,0.0,0.0038186905439943075,0.06745372712612152,True,0
12:12:04.087,6,-7.911855697631836,0.016240516677498817,0.025470895692706108,0.002802375704050064,True,0
12:12:04.469,5,-6.982193470001221,0.0,0.01168680377304554,0.05235373228788376,True,0
12:12:04.478,6,-6.96890926361084,0.009864965453743935,-0.008377079851925373,-0.004799629561603069,True,0
12:12:04.856,5,-6.480013370513916,0.0,0.00013128812133800238,0.028182126581668854,True,0
12:12:04.863,6,-6.476830005645752,0.0020197066478431225,0.0001823927159421146,0.026137061417102814,True,0
12:12:05.232,5,-6.478499412536621,0.0017035752534866333,-0.0032133674249053,-0.017172912135720253,True,0
12:12:05.245,6,-6.475733280181885,0.0,0.005385782569646835,-0.026097089052200317,True,0
12:12:05.626,5,-5.921764850616455,0.0,0.009902503341436386,-0.0045157670974731445,True,0
12:12:05.633,6,-5.905849933624268,0.0,-0.017516324296593666,0.012935474514961243,True,0
12:12:06.005,5,-5.593654155731201,0.0014966231537982821,0.005197619087994099,0.005835074000060558,True,0
12:12:06.012,6,-5.589423179626465,0.0001541037199785933,-0.0001862347562564537,0.007847924716770649,True,0
12:12:06.383,5,-4.959381580352783,0.0,0.003713008249178529,0.030333776026964188,True,0
12:12:06.389,6,-4.945060729980469,0.05724077671766281,0.07042929530143738,-0.0036470554769039154,True,0
12:12:06.754,5,-4.05571174621582,0.0018315124325454235,-0.0067971087992191315,0.013079078868031502,True,0
12:12:06.761,6,-4.037508010864258,0.0,0.001710897427983582,0.03392605111002922,True,0
12:12:07.132,5,-3.140861749649048,0.01819765195250511,0.02141321450471878,0.018902620300650597,True,0
12:12:07.140,6,-3.118069648742676,-4.656612873077393e-10,0.006163784768432379,0.0931963324546814,True,0
12:12:07.506,5,-2.2304859161376953,0.0014294112334027886,0.012483770959079266,0.020962100476026535,True,0
12:12:07.514,6,-2.2085201740264893,0.0,-0.0018480843864381313,0.028949681669473648,True,0
12:12:07.913,5,-1.2732495069503784,0.004571041092276573,0.004332142882049084,0.011983582749962807,True,0
12:12:07.922,6,-1.2506229877471924,0.0,0.01328339520841837,-0.017133641988039017,True,0
12:12:08.302,5,-0.2978459298610687,0.012231633998453617,0.0013547587441280484,-0.012031222693622112,True,0
12:12:08.309,6,-0.2818927764892578,0.0324801541864872,0.027687840163707733,0.013801943510770798,True,0
12:12:08.703,5,-0.14858663082122803,0.00012577227607835084,0.00013218002277426422,-0.000505274161696434,True,0
12:12:08.710,6,-0.14803698658943176,0.000719425908755511,0.0011755961459130049,0.010194413363933563,True,0
12:12:09.099,5,-0.14676973223686218,0.004933702293783426,1.902812255138997e-05,0.02139516919851303,True,0
12:12:09.108,6,-0.14306555688381195,0.004543072544038296,0.000705674581695348,0.0556427501142025,True,0
12:12:09.496,5,0.4125223159790039,0.0013191432226449251,-0.003881408367305994,-0.02334505319595337,True,0
12:12:09.502,6,0.42979830503463745,0.0010884851217269897,0.006561486981809139,0.032101184129714966,True,0
12:12:09.889,5,1.290649652481079,0.002433174289762974,0.004700498189777136,-0.028032168745994568,True,0
12:12:09.896,6,1.2949116230010986,0.005667283199727535,0.0008528328035026789,-0.02090860903263092,True,0
12:12:10.273,5,1.5267362594604492,0.01419786736369133,-0.004495443310588598,0.01783655770123005,True,0
12:12:10.280,6,1.5454035997390747,0.033110007643699646,0.02161848545074463,0.013121329247951508,True,0
12:12:10.664,5,1.8381342887878418,0.0004901719512417912,-3.947522054659203e-05,-0.012659172527492046,True,0
12:12:10.678,6,1.8364818096160889,0.0,-8.725668158149347e-05,0.02622292749583721,True,0
12:12:11.067,5,1.8387231826782227,0.0,0.0008051343029364944,0.00437829177826643,True,0
12:12:11.075,6,1.8369115591049194,0.0,0.0005486735608428717,-0.07126942276954651,True,0
12:12:11.461,5,1.8383862972259521,0.0,-0.0003498604637570679,-0.010672791860997677,True,0
12:12:11.468,6,1.8367911577224731,0.000698762945830822,-0.001013139495626092,0.00671941414475441,True,0
12:12:11.844,5,1.8386201858520508,0.0,-7.433383143506944e-05,0.04633525013923645,True,0
12:12:11.854,6,1.8373433351516724,0.00033725821413099766,0.00019666377920657396,0.04519640654325485,True,0
12:12:12.224,5,1.8382902145385742,0.0,-2.7220299671171233e-05,0.029403818771243095,True,0
12:12:12.230,6,1.8368163108825684,0.0005932176136411726,0.0004667435132432729,-0.01503487303853035,True,0
12:12:12.611,5,1.8379993438720703,0.0,-9.658210910856724e-05,-0.01740981638431549,True,0
12:12:12.618,6,1.8366141319274902,7.968213321873918e-05,-3.6355152133182855e-06,-0.012998233549296856,True,0
12:12:13.004,5,1.8376432657241821,-1.4551915228366852e-11,-5.4765008826507255e-05,0.002309141680598259,True,0
12:12:13.013,6,1.8362596035003662,0.0024371184408664703,0.000610294402576983,-0.03138154000043869,True,0
12:12:13.385,5,1.8374700546264648,0.0,0.0001938791829161346,0.03982572257518768,True,0
12:12:13.393,6,1.8355568647384644,0.0,0.0007191180484369397,0.02418588660657406,True,0
12:12:13.760,5,1.8370006084442139,0.0004538436478469521,-7.522300438722596e-05,0.026898056268692017,True,0
12:12:13.767,6,1.8360129594802856,0.00035001192009076476,4.2000767280114815e-05,-0.023182783275842667,True,0
12:12:14.132,5,1.8368620872497559,0.000256341794738546,5.237056393525563e-05,-0.03681807592511177,True,0
12:12:14.139,6,1.8348233699798584,0.0,-0.0008519323891960084,0.027022190392017365,True,0
12:12:14.502,5,1.8363481760025024,0.0,-6.936720455996692e-05,0.02041550911962986,True,0
12:12:14.510,6,1.8342972993850708,0.0016042864881455898,-0.0002907983143813908,0.018574178218841553,True,0
12:12:14.912,5,1.8358803987503052,0.0,8.885058196028695e-05,-0.002971809357404709,True,0
12:12:14.919,6,1.833687424659729,0.0,-0.0001775025884853676,0.007659090682864189,True,0
12:12:15.305,5,1.6406973600387573,0.0007375239511020482,0.0011579797137528658,-0.00659814290702343,True,0
12:12:15.314,6,1.6404372453689575,0.0,-3.8266476622084156e-05,-0.060216713696718216,True,0
12:12:15.704,5,2.328855514526367,0.025719283148646355,0.024601632729172707,-0.04814796894788742,True,0
12:12:15.710,6,2.3388068675994873,0.005816911347210407,0.005805164109915495,-0.041059430688619614,True,0
12:12:16.100,5,2.709717035293579,0.00021094243857078254,0.0023739542812108994,-0.003214434487745166,True,0
12:12:16.107,6,2.730591297149658,-4.656612873077393e-10,-0.0007882937206886709,0.03356572985649109,True,0
12:12:16.500,5,3.297053098678589,0.004060231149196625,0.00019570256699807942,0.00909459963440895,True,0
12:12:16.509,6,3.3137073516845703,0.008758919313549995,-0.0072333114221692085,-0.03548586368560791,True,0
12:12:16.892,5,3.9942076206207275,0.0001682209549471736,0.004815672989934683,0.00036998093128204346,True,0
12:12:16.899,6,3.9970948696136475,0.0,0.0004153019399382174,-0.00481715053319931,True,0
12:12:17.287,5,4.5227885246276855,0.02140558883547783,0.013942671939730644,0.01904035359621048,True,0
12:12:17.294,6,4.534496784210205,0.0,-0.00015243548841681331,0.07061310857534409,True,0
12:12:17.676,5,4.763578414916992,0.00241834856569767,-0.007517827674746513,0.00546079408377409,True,0
12:12:17.683,6,4.77067232131958,0.001760638551786542,0.0016321346629410982,0.020967887714505196,True,0
12:12:18.081,5,4.789763927459717,0.0,-0.00027617509476840496,-0.0125033650547266,True,0
12:12:18.089,6,4.788944721221924,0.0,-0.002374060917645693,0.05911792814731598,True,0
12:12:18.479,5,4.789970874786377,0.00014044955605641007,0.0006939607555978,-0.015754900872707367,True,0
12:12:18.486,6,4.78923225402832,0.0,0.00018703474779613316,0.03501390665769577,True,0
12:12:18.865,5,4.992684364318848,0.00955316424369812,0.0012058798456564546,-0.04087364301085472,True,0
12:12:18.872,6,5.00067138671875,0.0026369988918304443,0.009536328725516796,0.047521717846393585,True,0
12:12:19.253,5,5.150461673736572,0.0,0.0018791697220876813,0.023486550897359848,True,0
12:12:19.260,6,5.150387287139893,0.00317183043807745,-0.0026899087242782116,0.03340805694460869,True,0
12:12:19.648,5,5.316974639892578,0.0,0.007760806940495968,-0.025956355035305023,True,0
12:12:19.654,6,5.329072952270508,0.00552686583250761,0.004570984747260809,-0.006392844021320343,True,0
12:12:20.026,5,5.4641242027282715,0.007839449681341648,0.002826654352247715,0.05318650230765343,True,0
12:12:20.033,6,5.472140312194824,0.000489486032165587,-0.00081698561552912,-0.0008292403072118759,True,0
12:12:20.418,5,5.606462001800537,0.0033965548500418663,0.002833409234881401,0.04608497396111488,True,0
12:12:20.425,6,5.611697196960449,0.0011774199083447456,5.8027620980283245e-05,-0.0077104512602090836,True,0
12:12:20.791,5,5.683852195739746,0.0,0.0077918716706335545,0.015418189577758312,True,0
12:12:20.804,6,5.691280364990234,0.010768329724669456,0.011215370148420334,0.050316642969846725,True,0
12:12:21.173,5,5.791211128234863,0.01310147624462843,0.0059053427539765835,0.006379509344696999,True,0
12:12:21.182,6,5.79879903793335,0.0,0.0006610591663047671,-0.028338231146335602,True,0
12:12:21.548,5,5.906789779663086,0.00027169298846274614,-0.00013599422527477145,0.02028077095746994,True,0
12:12:21.556,6,5.910385608673096,0.0,-0.0032130710314959288,-0.02988876961171627,True,0
12:12:21.920,5,6.06528377532959,-2.3283064365386963e-10,0.0025857998989522457,-0.008244436234235764,True,0
12:12:21.928,6,6.062410354614258,0.0,0.003960977774113417,-0.058917317539453506,True,0
12:12:22.300,5,6.0697245597839355,0.0003812385257333517,0.0003042193129658699,0.03225637972354889,True,0
12:12:22.309,6,6.0680999755859375,0.0,-0.000718362454790622,-0.04653627797961235,True,0
12:12:22.696,5,6.129859924316406,0.0005357650807127357,0.0001967236603377387,0.02701045572757721,True,0
12:12:22.704,6,6.126218318939209,0.0021582921035587788,0.0006381132989190519,-0.0064770374447107315,True,0
12:12:23.090,5,6.176380157470703,0.005258564371615648,0.0028890222311019897,0.012439306825399399,True,0
12:12:23.096,6,6.174936771392822,0.004092716611921787,0.0009827589383348823,-0.03284134715795517,True,0
12:12:23.477,5,6.21649694442749,0.0019980291835963726,-0.0022371895611286163,0.03698847442865372,True,0
12:12:23.484,6,6.21539831161499,0.0018220619531348348,0.0024216738529503345,-0.035056374967098236,True,0
12:12:23.874,5,6.288860321044922,6.0512247728183866e-05,0.0040746345184743404,0.007038552314043045,True,0
12:12:23.880,6,6.284006595611572,0.000319163576932624,-0.0006582585629075766,-0.00480775348842144,True,0
12:12:24.269,5,6.3256754875183105,0.00023714033886790276,-0.0016882949275895953,-0.042377009987831116,True,0
12:12:24.276,6,6.322299957275391,0.0017456174828112125,-0.0007942152442410588,-0.03987196832895279,True,0
12:12:24.663,5,6.324882507324219,0.014786492101848125,0.028896184638142586,0.03122371807694435,True,0
12:12:24.671,6,6.323566913604736,0.0,0.0008610927616246045,-0.017352916300296783,True,0
12:12:25.050,5,6.326955318450928,0.012515231035649776,0.005626122001558542,-0.0310167595744133,True,0
12:12:25.057,6,6.324006080627441,2.356660843361169e-06,7.620806718477979e-05,0.04156026989221573,True,0
12:12:25.438,5,6.326620578765869,0.010814868845045567,0.0002479555259924382,0.06763742864131927,True,0
12:12:25.445,6,6.322742462158203,0.00017204496543854475,0.0029962670523673296,0.050603751093149185,True,0
12:12:25.815,5,6.326930999755859,0.0,-0.00020577097893692553,-0.04644767567515373,True,0
12:12:25.822,6,6.3235015869140625,0.0002488378086127341,0.00017888934235088527,0.011620189994573593,True,0
12:12:26.189,5,6.329041481018066,0.009760677814483643,0.019006993621587753,0.04619260132312775,True,0
12:12:26.201,6,6.323667049407959,0.0,-0.00021505841868929565,0.0522507019340992,True,0
12:12:26.570,5,6.328301906585693,0.0014303709613159299,0.0006169740227051079,-0.050053853541612625,True,0
12:12:26.577,6,6.323404788970947,0.0,-8.753188740229234e-05,-0.0029754750430583954,True,0
12:12:26.944,5,6.326518535614014,0.0017895700875669718,-0.0002354413882130757,-0.06769964098930359,True,0
12:12:26.950,6,6.322857856750488,0.0018147274386137724,0.0006126727676019073,0.011972066015005112,True,0
12:12:27.312,5,6.32562780380249,0.0,0.004908321425318718,0.015683824196457863,True,0
12:12:27.319,6,6.322999000549316,0.0,0.0009493747493252158,0.03478536382317543,True,0
12:12:27.705,5,6.325982570648193,0.0020846612751483917,-0.0009128876263275743,0.05380963534116745,True,0
12:12:27.712,6,6.323055744171143,0.00020365855016279966,0.0009153976570814848,0.013652297668159008,True,0
12:12:28.091,5,6.325401306152344,0.0029014989268034697,0.007626967504620552,0.04504808783531189,True,0
12:12:28.098,6,6.323376178741455,5.820766091346741e-11,-6.723991828039289e-05,-0.012044083327054977,True,0
12:12:28.488,5,6.327786445617676,0.009249198250472546,0.01509553100913763,-0.07468301802873611,True,0
12:12:28.495,6,6.322513580322266,0.0026421325746923685,-0.0007707346230745316,-0.013540234416723251,True,0
12:12:28.904,5,6.324249267578125,0.019182639196515083,0.009497630409896374,-0.03957846388220787,True,0
12:12:28.911,6,6.322816848754883,0.0006597914616577327,0.00023124070139601827,0.04869583994150162,True,0
12:12:29.291,5,6.327255725860596,0.0018414724618196487,0.00270932842977345,0.036791589111089706,True,0
12:12:29.298,6,6.322436809539795,0.0006361471023410559,-8.298811735585332e-07,-0.028025828301906586,True,0
12:12:29.689,5,6.326287269592285,0.0012891252990812063,-0.0009312840411439538,-0.003798268735408783,True,0
12:12:29.695,6,6.3223795890808105,-1.4551915228366852e-11,0.00036027500755153596,0.0020538633689284325,True,0
12:12:30.090,5,6.325879096984863,0.00021888536866754293,0.00024442822905257344,-0.028300922363996506,True,0
12:12:30.096,6,6.322225570678711,0.00024744687834754586,5.697744927601889e-05,0.041741155087947845,True,0
12:12:30.474,5,6.327550888061523,0.0018678270280361176,5.32392950844951e-05,0.09124220907688141,True,0
12:12:30.481,6,6.322361946105957,0.0,0.0020672555547207594,-0.026901040226221085,True,0
12:12:30.859,5,6.327275276184082,0.016248399391770363,0.007437609136104584,0.06093034893274307,True,0
12:12:30.866,6,6.321715354919434,0.0,-0.0003863507881760597,0.023953288793563843,True,0
12:12:31.237,5,6.326545238494873,0.0035533644258975983,-0.0004943834501318634,-0.04824211820960045,True,0
12:12:31.243,6,6.322085857391357,0.00041533622425049543,0.0017015649937093258,-0.048335038125514984,True,0
12:12:31.616,5,6.325489521026611,0.0005254654679447412,-0.0018591763218864799,-0.020341219380497932,True,0
12:12:31.623,6,6.321557998657227,0.0,0.00022086875105742365,-0.014754142612218857,True,0
12:12:31.988,5,6.325760364532471,0.00117897626478225,0.003208241192623973,0.03147191181778908,True,0
12:12:31.994,6,6.321273326873779,0.0008859650697559118,-0.00046360111446119845,0.051418956369161606,True,0
12:12:32.357,5,6.325732707977295,0.0,0.0038972096517682076,-0.023478461429476738,True,0
12:12:32.363,6,6.3214263916015625,0.0005636154673993587,-3.8306367059703916e-05,0.020165350288152695,True,0
12:12:32.732,5,6.325235366821289,0.0005028468440286815,0.0012041577138006687,0.03135332837700844,True,0
12:12:32.740,6,6.320754528045654,0.001476714271120727,-0.00110540387686342,-0.014803333207964897,True,0
12:12:33.113,5,6.326880931854248,0.010352104902267456,0.002324759028851986,0.022061942145228386,True,0
12:12:33.120,6,6.320732116699219,0.0,0.0001715098915155977,-0.04433564469218254,True,0
12:12:33.502,5,6.325693607330322,0.0016723615117371082,0.006228009704500437,-0.03112906962633133,True,0
12:12:33.509,6,6.320992946624756,2.9103830456733704e-11,-0.00011834265751531348,0.027324432507157326,True,0
12:12:33.887,5,6.325467586517334,0.0011979672126471996,-0.00033613378764130175,0.07310565561056137,True,0
12:12:33.893,6,6.319975852966309,0.0020990928169339895,0.0005401688977144659,-0.01792561635375023,True,0
12:12:34.270,5,6.322005748748779,0.011299271136522293,0.022159496322274208,-0.03985518962144852,True,0
12:12:34.277,6,6.320462226867676,0.0,0.0013028669636696577,-0.07797952741384506,True,0
12:12:34.662,5,6.325107574462891,0.0026367967948317528,-0.0003600128402467817,0.0545492023229599,True,0
12:12:34.669,6,6.320103645324707,0.0004930997965857387,0.00012067524949088693,0.009542744606733322,True,0
12:12:35.037,5,6.323886394500732,0.0028179828077554703,5.0672024372033775e-05,-0.04764662683010101,True,0
12:12:35.050,6,6.3203535079956055,0.0012107774382457137,-0.0003007982450071722,0.009928509593009949,True,0
12:12:35.430,5,6.323265075683594,0.0011945900041610003,0.0030983558390289545,0.057225678116083145,True,0
12:12:35.437,6,6.320088863372803,0.0005785084213130176,5.821977083542151e-06,0.03983302786946297,True,0
12:12:35.810,5,6.323551177978516,0.00037892116233706474,-0.0009157850872725248,0.05678761005401611,True,0
12:12:35.816,6,6.3202128410339355,0.0,0.0015343724517151713,0.00716947577893734,True,0
12:12:36.181,5,6.322098731994629,0.0059519074857234955,0.013170302845537663,0.09051448851823807,True,0
12:12:36.188,6,6.319305896759033,0.00011041312973247841,-0.0004422652709763497,-0.031711604446172714,True,0
12:12:36.550,5,6.322549343109131,0.005611487198621035,0.011631141416728497,0.08132224529981613,True,0
12:12:36.557,6,6.319517135620117,0.0,0.001211758004501462,0.022764287889003754,True,0
12:12:36.915,5,6.323465824127197,0.004544922150671482,-0.0014272973639890552,-0.10762584209442139,True,0
12:12:36.922,6,6.3186845779418945,0.0,-0.004016085062175989,-0.06525001674890518,True,0
12:12:37.308,5,6.323256492614746,0.003969877026975155,0.001064647687599063,-0.008867168799042702,True,0
12:12:37.315,6,6.31966495513916,0.0004195828514639288,-0.00038254595710895956,-0.029248960316181183,True,0
12:12:37.697,5,6.323145866394043,0.0,-0.0005888224113732576,-0.020567849278450012,True,0
12:12:37.703,6,6.3193488121032715,0.0001862597418949008,-0.00032228906638920307,-0.0027645016089081764,True,0
12:12:38.085,5,6.321699142456055,0.00934559665620327,0.00046296310028992593,0.03341124206781387,True,0
12:12:38.092,6,6.319009304046631,-7.275957614183426e-12,-0.00041144495480693877,0.03852192685008049,True,0
12:12:38.472,5,6.3230814933776855,0.00024304943508468568,-0.0003756428195629269,-0.03914658725261688,True,0
12:12:38.478,6,6.318877220153809,0.0,-3.7304974398466584e-07,0.006073974072933197,True,0
12:12:38.852,5,6.3234686851501465,0.0,0.00044553031329996884,0.05287778005003929,True,0
12:12:38.858,6,6.318615913391113,0.0,0.001313983928412199,0.0686412900686264,True,0
12:12:39.225,5,6.323143005371094,0.005298918578773737,0.000335749879013747,-0.03519421070814133,True,0
12:12:39.231,6,6.318032264709473,0.0007956965710036457,0.0004627100133802742,0.026448801159858704,True,0
12:12:39.596,5,6.322778224945068,0.003697456791996956,-0.000389194960007444,-0.08277447521686554,True,0
12:12:39.605,6,6.318658828735352,0.00017665424093138427,0.0006217820919118822,0.012065958231687546,True,0
12:12:39.976,5,6.324699878692627,0.014125591143965721,0.006062154192477465,0.038389239460229874,True,0
12:12:39.982,6,6.318624973297119,0.0021415185183286667,0.0007024123915471137,0.009717155247926712,True,0
12:12:40.344,5,6.322960376739502,0.00019509125559125096,0.00015533935220446438,0.0818869099020958,True,0
12:12:40.350,6,6.3188066482543945,0.0,-0.0006427029729820788,-0.010989799164235592,True,0
12:12:40.710,5,6.322287559509277,-5.820766091346741e-11,-0.0006789472536183894,-0.00695597380399704,True,0
12:12:40.717,6,6.31814432144165,0.0,-0.00036740093491971493,0.0018497239798307419,True,0
12:12:41.097,5,6.320144176483154,0.03521745651960373,0.03172104433178902,-0.012761788442730904,True,0
12:12:41.104,6,6.317686557769775,0.0017142992001026869,0.0007197051891125739,-0.02053649351000786,True,0
12:12:41.476,5,6.322943210601807,0.005851199384778738,-0.00025498727336525917,0.08163350075483322,True,0
12:12:41.484,6,6.3180365562438965,0.0,-0.00029554133652709424,-0.032986585050821304,True,0
12:12:41.878,5,6.320675849914551,0.00801741424947977,0.018023382872343063,-0.01988884061574936,True,0
12:12:41.885,6,6.31728458404541,0.003025324083864689,0.0014681911561638117,0.017110683023929596,True,0
12:12:42.279,5,6.323632717132568,0.013924711383879185,-0.0007108425488695502,-0.026954960078001022,True,0
12:12:42.286,6,6.318220615386963,0.001266389386728406,0.002303698332980275,0.014740326441824436,True,0
12:12:42.662,5,6.3217453956604,0.0009203413501381874,0.008936514146625996,0.06540251523256302,True,0
12:12:42.668,6,6.317759990692139,0.0003971864643972367,-8.952260395744815e-05,-0.0660199299454689,True,0
12:12:43.035,5,6.320857048034668,0.0029907571151852608,0.01256356667727232,0.0309026800096035,True,0
12:12:43.055,6,6.318030834197998,0.0020339328330010176,0.000492491468321532,-0.0021242909133434296,True,0
12:12:43.423,5,6.320716857910156,0.01215697918087244,0.00966642890125513,0.05278060585260391,True,0
12:12:43.430,6,6.317299842834473,0.0,-0.0002285236696479842,-0.002906475216150284,True,0
12:12:43.796,5,6.320829391479492,0.0019086189568042755,0.00045190469245426357,0.018699541687965393,True,0
12:12:43.803,6,6.317200660705566,1.4551915228366852e-11,0.0005663495976477861,0.04056926071643829,True,0
12:12:44.169,5,6.319825649261475,0.012578846886754036,0.0024432609789073467,-0.07036777585744858,True,0
12:12:44.178,6,6.317478179931641,0.0004215568187646568,0.0001294778339797631,-0.04259861633181572,True,0
12:12:44.543,5,6.323055744171143,0.0,-0.00019253765640314668,-0.002610071562230587,True,0
12:12:44.550,6,6.318052768707275,0.0,-2.9846692996216007e-05,0.01027178019285202,True,0
12:12:44.919,5,6.320889472961426,0.012101301923394203,0.005151176825165749,-0.007411174476146698,True,0
12:12:44.925,6,6.317468643188477,0.0,-0.00026707997312769294,-0.031369537115097046,True,0
12:12:45.307,5,6.322148323059082,0.000522203859873116,0.0012843732256442308,0.014432781375944614,True,0
12:12:45.314,6,6.317409515380859,0.0,0.0008056889637373388,0.061317078769207,True,0
12:12:45.700,5,6.321340084075928,0.0010025885421782732,0.0021447043400257826,-0.037115760147571564,True,0
12:12:45.708,6,6.317595958709717,0.0024721927475184202,0.0015356639632955194,-0.0069974930956959724,True,0
12:12:46.090,5,6.320384979248047,0.0,0.009071205742657185,0.016732409596443176,True,0
12:12:46.096,6,6.316799163818359,6.221198418643326e-05,0.0008660226594656706,0.04947701096534729,True,0
12:12:46.482,5,6.321155071258545,0.003633595537394285,0.0018558265874162316,-0.0159030482172966,True,0
12:12:46.489,6,6.316896438598633,0.0,0.00013576570199802518,-0.035616982728242874,True,0
12:12:46.863,5,6.323549270629883,0.008411809802055359,0.007855257950723171,-0.012773631140589714,True,0
12:12:46.870,6,6.317030906677246,0.0001858996256487444,0.0009192932047881186,0.032636579126119614,True,0
12:12:47.249,5,6.322498321533203,0.002061281818896532,4.6818222472211346e-05,0.11610652506351471,True,0
12:12:47.257,6,6.316606044769287,0.000538177671842277,0.001342094736173749,-0.006228648126125336,True,0
12:12:47.624,5,6.323737621307373,0.020122095942497253,0.030725087970495224,0.027528420090675354,True,0
12:12:47.631,6,6.3167548179626465,8.25189272291027e-06,0.00038349535316228867,0.006359294056892395,True,0
12:12:48.004,5,6.32225227355957,0.0003008279309142381,0.00039238797035068274,-0.024067077785730362,True,0
12:12:48.011,6,6.317161560058594,0.0028419066220521927,-0.0011379827046766877,-0.01260814443230629,True,0
12:12:48.376,5,6.323428630828857,0.0072819082997739315,0.006895231083035469,0.02172199636697769,True,0
12:12:48.383,6,6.316758155822754,0.0003807049652095884,4.549284130916931e-05,0.047756463289260864,True,0
12:12:48.746,5,6.322213649749756,0.0,-0.0006767336744815111,0.008585948497056961,True,0
12:12:48.752,6,6.317158222198486,0.004140797071158886,0.0013171060709282756,0.023098792880773544,True,0
12:12:49.119,5,6.321585655212402,0.00032441396615467966,-7.897646355559118e-06,0.04719019681215286,True,0
12:12:49.125,6,6.316488742828369,1.376287946186494e-05,-3.089158417424187e-05,-0.015826454386115074,True,0
12:12:49.502,5,6.319980144500732,0.007488299161195755,0.01715492270886898,-0.021591834723949432,True,0
12:12:49.509,6,6.316380977630615,0.0,0.00017028710863087326,0.020446140319108963,True,0
12:12:49.900,5,6.319244861602783,0.004113101400434971,0.007617337163537741,-0.02721506357192993,True,0
12:12:49.908,6,6.316651344299316,0.0,0.000309560913592577,-0.055237866938114166,True,0
12:12:50.290,5,6.322582244873047,0.0054229553788900375,0.00887524988502264,-0.049687787890434265,True,0
12:12:50.297,6,6.316311836242676,7.275957614183426e-12,1.36540020321263e-05,-0.03531767800450325,True,0
12:12:50.693,5,6.31881046295166,0.013193681836128235,0.019733045250177383,-0.05181943252682686,True,0
12:12:50.700,6,6.316291809082031,3.6216650187270716e-05,-8.477820665575564e-05,0.012802045792341232,True,0
12:12:51.075,5,6.319545745849609,0.004293790552765131,0.0042138537392020226,-0.029555290937423706,True,0
12:12:51.081,6,6.316313743591309,0.000692459347192198,0.00019463106582406908,0.03068603202700615,True,0
12:12:51.456,5,6.320534706115723,1.8543098121881485e-05,0.0008213832625187933,-0.0037875010166317225,True,0
12:12:51.462,6,6.316295623779297,1.4551915228366852e-11,-3.706271309056319e-05,-0.014753032475709915,True,0
12:12:51.828,5,6.319723129272461,0.009749460965394974,0.006478004157543182,-0.030514804646372795,True,0
12:12:51.841,6,6.3158860206604,2.3496237190556712e-05,-0.0001489958813181147,0.028135113418102264,True,0
12:12:52.211,5,6.320741176605225,9.342904263576202e-07,0.0007416143780574203,0.007957439869642258,True,0
12:12:52.217,6,6.316694736480713,0.0019928312394768,0.0034969805274158716,0.04282154142856598,True,0
12:12:52.586,5,6.320244312286377,0.001226060907356441,-0.0001854438305599615,-0.046319831162691116,True,0
12:12:52.593,6,6.316327095031738,0.0012640123022720218,0.0009842084255069494,0.05481373891234398,True,0
12:12:52.960,5,6.320167541503906,0.0,0.0005529960035346448,0.032228440046310425,True,0
12:12:52.967,6,6.316203594207764,0.0,-0.0010269349440932274,0.0064926352351903915,True,0
12:12:53.339,5,6.320659160614014,5.399029760155827e-05,0.0010650207987055182,0.032964594662189484,True,0
12:12:53.345,6,6.315698146820068,0.0,-0.003369065932929516,0.06558120250701904,True,0
12:12:53.704,5,6.320767402648926,0.0,0.0006634177989326417,-0.03242875635623932,True,0
12:12:53.711,6,6.316283226013184,0.0,-0.0002758027403615415,0.017778391018509865,True,0
12:12:54.090,5,6.320466995239258,0.0,0.001131750177592039,0.039324574172496796,True,0
12:12:54.096,6,6.316088676452637,0.0,0.0005858666845597327,-0.004434719681739807,True,0
12:12:54.474,5,6.320431709289551,0.00012200576748000458,0.002579330001026392,0.036528367549180984,True,0
12:12:54.480,6,6.315688610076904,0.00012481483281590044,0.00021356585784815252,0.02557668834924698,True,0
12:12:54.853,5,6.31846809387207,0.01743929460644722,0.010932096280157566,-0.013537555932998657,True,0
12:12:54.859,6,6.316059589385986,0.0,0.0005781715153716505,0.01313444972038269,True,0
12:12:55.226,5,6.320611953735352,0.0003172418801113963,0.0007432549609802663,0.062061112374067307,True,0
12:12:55.239,6,6.316006660461426,0.0,0.0006646040710620582,0.019265292212367058,True,0
12:12:55.614,5,6.320190906524658,0.0010044004302471876,-0.0003381285350769758,-0.002993006259202957,True,0
12:12:55.621,6,6.315971374511719,0.00042948476038873196,0.0005030203610658646,0.010379021987318993,True,0
12:12:56.003,5,6.319450855255127,0.01687047816812992,0.000683783960994333,-0.07125403732061386,True,0
12:12:56.012,6,6.315709590911865,0.0,5.178303035791032e-05,-0.023352958261966705,True,0
12:12:56.388,5,6.320764541625977,0.0011581310536712408,-8.81970627233386e-05,0.03284354507923126,True,0
12:12:56.396,6,6.315821647644043,4.959213038091548e-05,-5.61215820198413e-05,0.0643736720085144,True,0
12:12:56.768,5,6.321577072143555,0.00184436677955091,0.0037919534370303154,0.01864328235387802,True,0
12:12:56.774,6,6.316044330596924,0.00010462369391461834,0.0031679573003202677,-0.021990101784467697,True,0
12:12:57.135,5,6.3208394050598145,0.0,5.816736120323185e-06,0.01923460327088833,True,0
12:12:57.142,6,6.3156585693359375,0.00144904013723135,0.0004188728635199368,0.017049072310328484,True,0
12:12:57.503,5,6.321316242218018,0.0018748216098174453,-0.0005067999591119587,0.040028758347034454,True,0
12:12:57.514,6,6.315752983093262,0.0,0.0003185486129950732,0.009778739884495735,True,0
12:12:57.898,5,6.32063627243042,0.0,-0.0018564764177426696,-0.03528890013694763,True,0
12:12:57.904,6,6.315703868865967,0.00019785390759352595,1.4801073120906949e-05,0.022524770349264145,True,0
12:12:58.280,5,6.320537090301514,0.0,0.00028967048274353147,0.004505738615989685,True,0
12:12:58.289,6,6.315402984619141,0.0005332892178557813,-5.0536451453808695e-05,-0.002182476222515106,True,0
12:12:58.670,5,6.319080829620361,0.018870407715439796,0.017886554822325706,0.04025787487626076,True,0
12:12:58.677,6,6.315585136413574,0.0010131164453923702,0.0002446624275762588,0.04218767583370209,True,0
12:12:59.058,5,6.320405960083008,0.0,0.003387675154954195,0.033739764243364334,True,0
12:12:59.064,6,6.316130638122559,0.000548510579392314,-0.00039888278115540743,0.011779021471738815,True,0
12:12:59.444,5,6.320040702819824,0.0008191126398742199,0.0007005609222687781,0.04397169128060341,True,0
12:12:59.456,6,6.315735340118408,0.0,-0.00037634457112289965,0.0028328867629170418,True,0
12:12:59.847,5,6.31957483291626,0.021279700100421906,-0.0007955495384521782,-0.07123275101184845,True,0
12:12:59.854,6,6.315401554107666,0.0,0.0009089147788472474,-0.008081266656517982,True,0
12:13:00.220,5,6.3200883865356445,0.0016717561520636082,0.0003926991194020957,0.0033349357545375824,True,0
12:13:00.227,6,6.315408706665039,0.0,0.00020335715089458972,-0.07915578782558441,True,0
12:13:00.602,5,6.319240570068359,0.002100330078974366,0.004379191901534796,-0.028482947498559952,True,0
12:13:00.609,6,6.31574010848999,0.0003115606086794287,-0.00016997700731735677,-0.015692776069045067,True,0
12:13:00.974,5,6.319622039794922,0.012132581323385239,0.0020908014848828316,0.0008860006928443909,True,0
12:13:00.980,6,6.315559387207031,0.0,-5.463942898131791e-07,-0.020449817180633545,True,0
12:13:01.349,5,6.320723056793213,0.0,-0.0005207779468037188,0.008408013731241226,True,0
12:13:01.356,6,6.31535530090332,0.0002226523356512189,-0.00020116937230341136,-0.02354426681995392,True,0
12:13:01.716,5,6.320621967315674,0.0,-0.00020067018340341747,0.012673509307205677,True,0
12:13:01.724,6,6.315770149230957,0.000817152380477637,-0.0007163293194025755,0.025498757138848305,True,0
12:13:02.083,5,6.320694923400879,0.0,-0.0009318714146502316,0.00895736925303936,True,0
12:13:02.089,6,6.315357685089111,3.1566451070830226e-05,-0.0011206867638975382,0.04623173922300339,True,0
12:13:02.474,5,6.319979190826416,0.003923387266695499,1.0411744369775988e-05,0.005558403208851814,True,0
12:13:02.480,6,6.315649509429932,0.0,-0.0004689432098530233,0.04276711493730545,True,0
12:13:02.855,5,6.319031238555908,0.006022205576300621,0.0013137892819941044,0.008384611457586288,True,0
12:13:02.862,6,6.315746307373047,0.003166426671668887,0.0008460449753329158,-0.025677550584077835,True,0
12:13:03.238,5,6.321979999542236,0.005722051486372948,0.0033343255054205656,0.01690146140754223,True,0
12:13:03.244,6,6.315472602844238,0.0013687866739928722,2.8011771064484492e-05,-0.05980740860104561,True,0
12:13:03.612,5,6.319355010986328,0.0,0.003733815858140588,0.05323806032538414,True,0
12:13:03.624,6,6.3154072761535645,0.0,-5.4679148888681084e-05,0.013902585953474045,True,0
12:13:03.996,5,6.3188862800598145,0.00837477296590805,0.007001888006925583,-0.0151453772559762,True,0
12:13:04.003,6,6.315549850463867,0.0,0.0005788368289358914,0.018603987991809845,True,0
12:13:04.374,5,6.320154666900635,0.0005393674364313483,-0.0009726607822813094,0.002787955105304718,True,0
12:13:04.383,6,6.315557479858398,0.001109040342271328,0.0003367041645105928,0.020119693130254745,True,0
12:13:04.746,5,6.319155216217041,0.009116137400269508,0.014404895715415478,-0.03391748666763306,True,0
12:13:04.753,6,6.315163612365723,0.00013218472304288298,0.00030941623845137656,0.016800373792648315,True,0
12:13:05.120,5,6.320693492889404,0.0,1.0167045729758684e-05,0.0017463529948145151,True,0
12:13:05.127,6,6.3155107498168945,0.0,0.0017388917040079832,-0.04334796592593193,True,0
12:13:05.497,5,6.3208136558532715,-2.3283064365386963e-10,-0.0004416822048369795,0.034281421452760696,True,0
12:13:05.508,6,6.315160751342773,0.0009306167485192418,0.000601890089455992,0.00830107368528843,True,0
12:13:05.891,5,6.320293426513672,0.0,-0.0010330885415896773,0.015793949365615845,True,0
12:13:05.899,6,6.31517219543457,0.0008609551005065441,-0.00045790491276420653,0.013282094150781631,True,0
12:13:06.279,5,6.320533275604248,0.0,0.0008471380569972098,0.01874407008290291,True,0
12:13:06.286,6,6.315483093261719,0.0,-0.00020697270520031452,-0.01345566101372242,True,0
12:13:06.678,5,6.317943572998047,0.01390683650970459,0.03582131490111351,0.0008041486144065857,True,0
12:13:06.687,6,6.315546989440918,0.00017601222498342395,0.0007828673115000129,-0.038682688027620316,True,0
12:13:07.071,5,6.32036828994751,0.0001419339096173644,-0.0012787168379873037,0.07134700566530228,True,0
12:13:07.077,6,6.315342903137207,0.0005389029392972589,-3.6340952647151425e-05,-0.009349105879664421,True,0
12:13:07.465,5,6.320682048797607,0.000996530638076365,0.00017923457198776305,0.00414032768458128,True,0
12:13:07.471,6,6.316056728363037,0.0025139600038528442,0.002878511557355523,-0.06419377028942108,True,0
12:13:07.855,5,6.320130825042725,0.000571476761251688,0.0024158814921975136,0.0519280880689621,True,0
12:13:07.862,6,6.315127372741699,0.0009453639504499733,-4.7249846829799935e-05,0.005946481600403786,True,0
12:13:08.254,5,6.320052146911621,0.0,0.003272679401561618,0.10502120852470398,True,0
12:13:08.260,6,6.315004348754883,0.0008003668626770377,4.809310212294804e-06,-0.020227137953042984,True,0
12:13:08.639,5,6.318265914916992,0.008705507963895798,0.01777915470302105,-0.05680236965417862,True,0
12:13:08.648,6,6.315491676330566,0.0,0.00036376938805915415,0.03329286724328995,True,0
12:13:09.043,5,6.31907320022583,0.010157255455851555,0.00227579683996737,0.03797517716884613,True,0
12:13:09.050,6,6.31523323059082,2.191809835494496e-05,-7.770236697979271e-05,-0.0026144427247345448,True,0
12:13:09.427,5,6.320314407348633,0.005448758136481047,-0.0002619746373966336,-0.01517146360129118,True,0
12:13:09.433,6,6.316046237945557,-5.820766091346741e-11,-0.0004124676634091884,0.01123139075934887,True,0
12:13:09.812,5,6.3198771476745605,0.0033008784521371126,0.0012491861125454307,-0.0016666390001773834,True,0
12:13:09.821,6,6.315352916717529,4.3994805309921503e-07,0.0005289018154144287,-0.0015307944267988205,True,0
12:13:10.202,5,6.321852684020996,0.008713912218809128,-0.0002734616573434323,0.03328010067343712,True,0
12:13:10.208,6,6.314959526062012,6.577158637810498e-05,-0.000288861570879817,0.03301431983709335,True,0
12:13:10.574,5,6.318538188934326,0.0026891659945249557,0.012699680402874947,-0.035875387489795685,True,0
12:13:10.581,6,6.314998626708984,0.0019923478830605745,-0.0002027294394792989,-0.010135289281606674,True,0
12:13:10.944,5,6.320275783538818,0.0,-1.9750215869862586e-05,-0.06590890139341354,True,0
12:13:10.950,6,6.315495014190674,0.0,0.0019164022523909807,0.016825927421450615,True,0
12:13:11.312,5,6.320109844207764,0.00012117133155697957,-9.376645903103054e-05,-0.029653532430529594,True,0
12:13:11.319,6,6.315420627593994,0.0,4.628425449482165e-05,-0.0031723221763968468,True,0
12:13:11.683,5,6.321276664733887,0.009182614274322987,0.0022257601376622915,0.03284338116645813,True,0
12:13:11.691,6,6.315873622894287,0.0008562692091800272,-0.0011797905899584293,0.020900443196296692,True,0
12:13:12.072,5,6.32036018371582,0.0,3.32147792505566e-05,0.01875026524066925,True,0
12:13:12.079,6,6.315434455871582,0.00016466616943944246,-2.5702209313749336e-05,0.04773178696632385,True,0
12:13:12.459,5,6.3189897537231445,0.010055727325379848,0.0036966281477361917,0.06894240528345108,True,0
12:13:12.466,6,6.315325736999512,1.9147129933116958e-05,-0.0001317677815677598,0.0031550973653793335,True,0
12:13:12.853,5,6.320061683654785,0.0,0.006697372999042273,0.010170042514801025,True,0
12:13:12.861,6,6.315359115600586,0.0,0.0009529221570119262,-0.007968423888087273,True,0
12:13:13.262,5,6.31929349899292,0.0005968264304101467,0.0027519974391907454,0.031369637697935104,True,0
12:13:13.270,6,6.314896583557129,0.0,-0.00010363711771788076,0.03499449044466019,True,0
12:13:13.651,5,6.3201904296875,0.0003228682035114616,-1.1887838127222494e-06,0.042802758514881134,True,0
12:13:13.658,6,6.315317153930664,6.759809912182391e-05,0.00016813093679957092,0.04531330242753029,True,0
12:13:14.034,5,6.320315361022949,0.0005149047938175499,0.0015293536707758904,-0.017648521810770035,True,0
12:13:14.042,6,6.315201759338379,0.0028526082169264555,0.0005432274774648249,0.029678180813789368,True,0
12:13:14.422,5,6.3212361335754395,0.0,-0.0020268152002245188,0.07701694220304489,True,0
12:13:14.431,6,6.315550804138184,3.7000652810093015e-05,-0.0015858443221077323,0.008046239614486694,True,0
12:13:14.799,5,6.319655418395996,0.002945916960015893,0.002743150107562542,0.0010342923924326897,True,0
12:13:14.805,6,6.315219879150391,0.00016002642223611474,0.0011903909035027027,-0.01251419261097908,True,0
12:13:15.171,5,6.320200443267822,0.0,-0.0007818933227099478,-0.012014813721179962,True,0
12:13:15.179,6,6.315199851989746,5.767377297161147e-05,4.9929851229535416e-05,0.011012989096343517,True,0
12:13:15.560,5,6.320034980773926,0.0,-0.0011986559256911278,0.07964469492435455,True,0
12:13:15.568,6,6.314985752105713,0.00020760497136507183,0.0005197067512199283,-0.06806690990924835,True,0
12:13:15.958,5,6.319958686828613,0.0,1.2107650945836212e-05,0.029644807800650597,True,0
12:13:15.967,6,6.315539836883545,0.0,0.0006022575544193387,-0.043066080659627914,True,0
12:13:16.348,5,6.320344924926758,5.820766091346741e-11,-0.0003521978505887091,-0.025623081251978874,True,0
12:13:16.354,6,6.315119743347168,3.463621760602109e-05,-0.00013549445429816842,-0.0026963036507368088,True,0
12:13:16.723,5,6.320799827575684,0.0021138491574674845,-0.0007296057301573455,0.008441086858510971,True,0
12:13:16.729,6,6.3149638175964355,0.0,0.0005325363017618656,-0.039926230907440186,True,0
12:13:17.089,5,6.318742752075195,0.013666590675711632,0.007479469291865826,-0.07515265047550201,True,0
12:13:17.096,6,6.314542770385742,0.0008924917783588171,0.004971982445567846,-0.016999438405036926,True,0
12:13:17.475,5,6.320777893066406,0.0014348180266097188,0.00019549338321667165,0.05889134109020233,True,0
12:13:17.483,6,6.315335750579834,0.0,-8.004769188119099e-05,-0.006900355685502291,True,0
12:13:17.869,5,6.320664882659912,0.000739524548407644,6.517716974485666e-05,0.009800543077290058,True,0
12:13:17.876,6,6.315545082092285,1.1641532182693481e-10,0.00040941749466583133,0.02045953832566738,True,0
12:13:18.248,5,6.319492340087891,0.0013844798086211085,0.0016705329762771726,0.006102383136749268,True,0
12:13:18.255,6,6.3152289390563965,3.7489757232833654e-05,0.0009204309317283332,0.0031615945044904947,True,0
12:13:18.646,5,6.319202423095703,0.0014700880274176598,0.004499303642660379,0.0574219673871994,True,0
12:13:18.652,6,6.314937591552734,0.0,0.0012217776384204626,0.026708167046308517,True,0
12:13:19.041,5,6.319186210632324,0.0014789230190217495,0.008704056963324547,-0.029527775943279266,True,0
12:13:19.048,6,6.315093994140625,0.0,-0.000788925914093852,-0.0572391152381897,True,0
12:13:19.425,5,6.320778846740723,0.005458705127239227,0.000985406688414514,0.023696860298514366,True,0
12:13:19.432,6,6.315542697906494,0.0010186894796788692,0.0014503593556582928,0.006340544670820236,True,0
12:13:19.817,5,6.319866180419922,0.0,0.00899916235357523,-0.04078521206974983,True,0
12:13:19.825,6,6.315267086029053,0.0,-0.0003414300736039877,0.0040044039487838745,True,0
12:13:20.196,5,6.3189287185668945,0.006346466951072216,0.011157129891216755,-0.0020634792745113373,True,0
12:13:20.210,6,6.315494537353516,0.001657536718994379,-0.0005453950143419206,0.02214277908205986,True,0
12:13:20.577,5,6.320424556732178,-5.820766091346741e-11,0.00015178887406364083,-0.019144326448440552,True,0
12:13:20.585,6,6.3151397705078125,0.0006643469096161425,-4.551339316094527e-06,-0.03125584125518799,True,0
12:13:20.953,5,6.319198131561279,0.01023843977600336,0.0021302204113453627,0.0027012526988983154,True,0
12:13:20.960,6,6.314981460571289,0.0,-0.0001029569175443612,0.0024144835770130157,True,0
12:13:21.328,5,6.3208208084106445,0.0,-0.0014411183074116707,0.040250811725854874,True,0
12:13:21.337,6,6.315230369567871,0.0005092773935757577,-1.5045015061332379e-05,-0.008151361718773842,True,0
12:13:21.700,5,6.3304901123046875,0.0018538115546107292,0.0026968405582010746,0.03034590184688568,True,0
12:13:21.707,6,6.3259077072143555,0.004056934267282486,0.00044394872384145856,0.00011684931814670563,True,0
12:13:22.077,5,6.367503643035889,0.000582307402510196,0.0001496712793596089,0.03929352015256882,True,0
12:13:22.085,6,6.3609089851379395,0.0007831559050828218,-0.0004535385814961046,0.021841218695044518,True,0
12:13:22.468,5,6.199122428894043,0.0014587548794224858,-0.004510995000600815,-0.02559216506779194,True,0
12:13:22.474,6,6.183642864227295,0.0,-0.0014286655932664871,0.020725427195429802,True,0
12:13:22.869,5,5.284220218658447,0.0,-0.003683383110910654,-0.0192360058426857,True,0
12:13:22.878,6,5.2700886726379395,0.00429763738065958,-0.005679825786501169,0.008302361704409122,True,0
12:13:23.268,5,4.910121917724609,0.026243135333061218,0.006135890726000071,0.026422791182994843,True,0
12:13:23.275,6,4.88662576675415,0.014467003755271435,0.011981786228716373,0.002118203788995743,True,0
12:13:23.664,5,3.9562935829162598,0.0,-0.012588459067046642,0.021516095846891403,True,0
12:13:23.671,6,3.9374051094055176,0.003930628765374422,-0.003539679106324911,0.028348809108138084,True,0
12:13:24.053,5,3.516383647918701,0.0,0.0006297680083662271,0.024202659726142883,True,0
12:13:24.059,6,3.5111453533172607,-1.4551915228366852e-11,-0.0007554356125183403,-0.054854683578014374,True,0
12:13:24.435,5,2.769502639770508,-9.313225746154785e-10,0.0011424378026276827,-0.019197991117835045,True,0
12:13:24.443,6,2.747711658477783,0.01054181344807148,0.038565196096897125,-0.018466085195541382,True,0
12:13:24.829,5,1.8083064556121826,0.01638970337808132,0.038718633353710175,0.01461682841181755,True,0
12:13:24.836,6,1.7848773002624512,0.007995965890586376,0.002399957040324807,-0.02222222462296486,True,0
12:13:25.216,5,0.8839057087898254,0.0,0.001378281507641077,0.008187556639313698,True,0
12:13:25.223,6,0.8415026664733887,0.008871062658727169,0.0016484021907672286,-0.015645066276192665,True,0
12:13:25.602,5,0.09794670343399048,0.0,9.399910777574405e-05,-0.02163095399737358,True,0
12:13:25.616,6,0.09345415234565735,0.0,-0.0006993815768510103,-0.03886451572179794,True,0
12:13:25.999,5,0.019073933362960815,0.0,-0.001782016595825553,0.01818827912211418,True,0
12:13:26.007,6,0.01171576976776123,0.00021319348888937384,0.0004607974551618099,-0.021119417622685432,True,0
12:13:26.401,5,0.012424498796463013,0.000507483899127692,-0.0010191152105107903,-0.07140824943780899,True,0
12:13:26.409,6,0.00419268012046814,0.00022563862148672342,3.1643594411434606e-05,-0.012434050440788269,True,0
12:13:26.804,5,0.013112306594848633,0.0,-0.0011025014100596309,0.005437090992927551,True,0
12:13:26.826,6,0.004016280174255371,0.0,0.00011808682029368356,-0.001904851756989956,True,0
12:13:27.203,5,0.01167529821395874,0.00028499405016191304,0.0009808676550164819,-0.000879114493727684,True,0
12:13:27.216,6,0.003786325454711914,0.00018753443146124482,0.00018464744789525867,-0.011803831905126572,True,0
12:13:27.763,5,0.01290246844291687,0.0,0.001251781010068953,-0.04384278506040573,True,0
12:13:27.780,6,0.0036251842975616455,0.00018412145436741412,-0.0009247065172530711,-0.018249284476041794,True,0
12:13:28.191,5,0.01270642876625061,0.008462416008114815,0.003672454971820116,-0.0013200603425502777,True,0
12:13:28.200,6,0.004091173410415649,2.91995529551059e-05,0.0001000330739771016,-0.002211194485425949,True,0
12:13:28.580,5,0.01290428638458252,0.0015796356601640582,0.006073314230889082,0.02276277169585228,True,0
12:13:28.592,6,0.004208236932754517,0.0007845847285352647,-1.997329127334524e-05,0.035060446709394455,True,0
12:13:28.958,5,0.012330114841461182,0.001023158198222518,0.00023925545974634588,0.04693448171019554,True,0
12:13:28.965,6,0.004305422306060791,0.0,0.0003208531124982983,0.029831474646925926,True,0
12:13:29.326,5,0.011429131031036377,0.0024717466440051794,0.002868032781407237,0.02745002880692482,True,0
12:13:29.333,6,0.004243284463882446,1.1177247870364226e-05,3.6969369830330834e-05,0.025079699233174324,True,0
12:13:29.701,5,0.012231677770614624,5.255584983387962e-05,-0.002147356513887644,-0.07424052059650421,True,0
12:13:29.708,6,0.004461884498596191,0.0,6.255169137148187e-05,-0.032744150608778,True,0
12:13:30.086,5,0.012782782316207886,0.0,0.0012522811302915215,-0.021345146000385284,True,0
12:13:30.092,6,0.00442168116569519,0.00017429020954295993,9.336425137007609e-05,0.028126131743192673,True,0
12:13:30.469,5,0.01199871301651001,0.0,3.0367960789590143e-05,-0.016470257192850113,True,0
12:13:30.476,6,0.004561692476272583,0.00023774791043251753,0.001404555980116129,-0.027753431349992752,True,0
12:13:30.851,5,0.012022733688354492,0.004010155331343412,0.004171863663941622,0.025796018540859222,True,0
12:13:30.858,6,0.004558205604553223,0.0,-0.00020950232283212245,0.00491766631603241,True,0
12:13:31.231,5,0.012250840663909912,0.0009894092800095677,-0.00017931005277205259,0.006096012890338898,True,0
12:13:31.241,6,0.005024254322052002,1.651336788199842e-05,0.00026606727624312043,0.02587733045220375,True,0
12:13:31.616,5,0.012169599533081055,0.00029545160941779613,-0.00037566974060609937,-0.04870224371552467,True,0
12:13:31.622,6,0.005337804555892944,0.0007357212598435581,0.0004604365094564855,0.002802230417728424,True,0
12:13:31.991,5,0.012944400310516357,0.00010377407306805253,-0.00019079366757068783,-0.027867255732417107,True,0
12:13:31.997,6,0.004869550466537476,0.0,-0.0004942999803461134,-0.031330280005931854,True,0
12:13:32.370,5,0.012782961130142212,4.218141839373857e-05,6.680698425043374e-05,-0.007144581526517868,True,0
12:13:32.378,6,0.005432486534118652,0.0,1.545805935165845e-05,0.027997981756925583,True,0
12:13:32.744,5,0.012951016426086426,0.0016035862499848008,0.001280633732676506,-0.015717938542366028,True,0
12:13:32.751,6,0.005397498607635498,0.0,0.00025625649141147733,0.015484148636460304,True,0
12:13:33.120,5,0.012947618961334229,0.0014421975938603282,0.0033797817304730415,0.048524096608161926,True,0
12:13:33.127,6,0.005626499652862549,0.0,-0.0004216740489937365,0.004220851697027683,True,0
12:13:33.511,5,0.012921750545501709,0.0,-0.0011443574912846088,-0.030063873156905174,True,0
12:13:33.519,6,0.005587399005889893,0.00031088481773622334,0.0012283072574064136,-0.06003233417868614,True,0
12:13:33.913,5,0.013486683368682861,0.002072336617857218,0.0005903923884034157,0.04869665205478668,True,0
12:13:33.920,6,0.005516022443771362,4.248437471687794e-05,-0.000367628934327513,0.001385638490319252,True,0
12:13:34.309,5,0.013101905584335327,0.0,-2.660814243427012e-05,0.002720627933740616,True,0
12:13:34.317,6,0.00596126914024353,0.0,8.524151053279638e-05,-0.02149413712322712,True,0
12:13:34.698,5,0.013078629970550537,0.00035312294494360685,-0.00012214822345413268,-0.038921453058719635,True,0
12:13:34.705,6,0.0059926509857177734,0.0,-2.149886313418392e-05,-0.03718267008662224,True,0
12:13:35.083,5,0.012757688760757446,0.004257991909980774,-0.0010666658636182547,0.02689376473426819,True,0
12:13:35.090,6,0.0060027241706848145,0.0,0.0004337173595558852,0.026929527521133423,True,0
12:13:35.472,5,0.013147085905075073,0.0,0.00028228096198290586,0.015537559986114502,True,0
12:13:35.479,6,0.006137102842330933,0.0,0.0002083323197439313,-0.023279573768377304,True,0
12:13:35.855,5,0.013577908277511597,0.004014528356492519,0.0038553117774426937,0.03554302081465721,True,0
12:13:35.862,6,0.006489068269729614,0.0010849547106772661,-1.9750999854295515e-05,0.013736797496676445,True,0
12:13:36.234,5,0.012917906045913696,0.0010788016952574253,-0.0003963673079852015,-0.03260931372642517,True,0
12:13:36.241,6,0.006846517324447632,0.0002327610709471628,-9.052237146534026e-05,-0.021799782291054726,True,0
12:13:36.614,5,0.012959212064743042,0.0,0.000717370247002691,-0.005633978173136711,True,0
12:13:36.621,6,0.007077276706695557,0.0005850401357747614,0.00023776371381245553,0.023029452189803123,True,0
12:13:36.990,5,0.013826191425323486,0.0,-0.0004776487476192415,-0.024639848619699478,True,0
12:13:36.997,6,0.0066866278648376465,0.0,0.00022774876561015844,0.02213568240404129,True,0
12:13:37.365,5,0.013995200395584106,0.004263854585587978,0.0007265182794071734,0.004130688961595297,True,0
12:13:37.373,6,0.006506294012069702,0.0006405906169675291,0.0008408529101870954,-0.018924223259091377,True,0
12:13:37.741,5,0.014260441064834595,0.0,0.0006098781595937908,-0.017826590687036514,True,0
12:13:37.748,6,0.007433563470840454,0.0011739620240405202,0.001052769715897739,-0.008245332166552544,True,0
12:13:38.112,5,0.014184236526489258,0.003104469273239374,0.002282423200085759,-0.029787296429276466,True,0
12:13:38.119,6,0.007426798343658447,0.0,0.00043034672853536904,-0.015558184124529362,True,0
12:13:38.494,5,0.013935089111328125,0.0007337103015743196,-0.000267043593339622,-0.0009360238909721375,True,0
12:13:38.501,6,0.007528722286224365,4.565482595353387e-05,0.0004358197620604187,0.0065863896161317825,True,0
12:13:38.885,5,0.013215512037277222,0.0,-0.0009111461113207042,-0.03335505723953247,True,0
12:13:38.893,6,0.007539510726928711,0.0,0.0002347784029552713,-0.010392226278781891,True,0
12:13:39.291,5,0.013311237096786499,0.008523859083652496,0.0023900901433080435,-0.02772739715874195,True,0
12:13:39.298,6,0.007456749677658081,0.0,-0.0004554848710540682,0.009541982784867287,True,0
12:13:39.688,5,0.013416677713394165,7.695469685131684e-05,-0.0005193740362301469,0.009176310151815414,True,0
12:13:39.694,6,0.007783770561218262,8.947587048169225e-06,-1.0779286640172359e-05,0.0033128708600997925,True,0
12:13:40.070,5,0.013281762599945068,0.0030025439336895943,0.0033042789436876774,-0.03711717575788498,True,0
12:13:40.077,6,0.007770508527755737,0.00015284400433301926,0.00011603314487729222,-0.0011800993233919144,True,0
12:13:40.444,5,0.014186859130859375,0.002762599615380168,0.0009526042267680168,-0.00023990869522094727,True,0
12:13:40.458,6,0.008344471454620361,1.3127271813573316e-05,0.00020517385564744473,0.02938833273947239,True,0
12:13:40.826,5,0.014091014862060547,0.00041784951463341713,-0.00011812021693913266,-0.028256554156541824,True,0
12:13:40.832,6,0.00806000828742981,0.0,-4.310606891522184e-05,0.002167855855077505,True,0
12:13:41.201,5,0.014308720827102661,0.0008860127418302,0.004360987339168787,0.011743016541004181,True,0
12:13:41.208,6,0.008542537689208984,0.0,0.0002786232507787645,0.012065822258591652,True,0
12:13:41.574,5,0.014332383871078491,0.0009099848684854805,-0.002461751690134406,0.00010752584785223007,True,0
12:13:41.583,6,0.008042991161346436,0.0,-0.000284093024674803,-0.049883075058460236,True,0
12:13:41.948,5,0.013471871614456177,0.0,0.00480995699763298,0.00436977855861187,True,0
12:13:41.955,6,0.008540987968444824,0.0,-0.0007558621000498533,0.025132277980446815,True,0
12:13:42.317,5,0.014484047889709473,0.0,0.0006833377992734313,0.045001059770584106,True,0
12:13:42.323,6,0.00826689600944519,0.0,-0.00044466930557973683,-0.0360802598297596,True,0
12:13:42.704,5,0.013668149709701538,0.0008906379225663841,-0.0035042488016188145,-0.017018908634781837,True,0
12:13:42.711,6,0.008754163980484009,0.0,-2.1273774109431542e-05,0.022992493584752083,True,0
12:13:43.092,5,0.01387256383895874,0.0005978705012239516,0.00034448117366991937,-0.0009631849825382233,True,0
12:13:43.098,6,0.008787870407104492,0.0,0.00011502820416353643,0.0026795370504260063,True,0
12:13:43.488,5,0.01436847448348999,0.0,-0.00030877182143740356,0.013854099437594414,True,0
12:13:43.499,6,0.009055286645889282,3.8105386920506135e-05,-0.00027476673130877316,0.004528071731328964,True,0
12:13:43.894,5,0.01422727108001709,0.0006051147938705981,-0.00018405585433356464,0.03444376960396767,True,0
12:13:43.903,6,0.008813560009002686,3.179586201440543e-05,8.993073424790055e-05,-0.026742352172732353,True,0
12:13:44.298,5,0.014479786157608032,0.0,0.0002206483477493748,0.029540633782744408,True,0
12:13:44.305,6,0.008534252643585205,0.0031766563188284636,-0.0010224998695775867,0.022561032325029373,True,0
12:13:44.695,5,0.014969795942306519,0.004276331048458815,0.0017341667553409934,0.001935387495905161,True,0
12:13:44.703,6,0.009242892265319824,5.837490607518703e-05,-6.7992623371537775e-06,-0.05904491990804672,True,0
12:13:45.082,5,0.014779776334762573,0.0,-0.0010465637315064669,0.011764243245124817,True,0
12:13:45.089,6,0.009511172771453857,0.0012820354895666242,-0.00037924639764241874,-0.017086844891309738,True,0
12:13:45.523,5,0.014833003282546997,0.0,0.0003405841125641018,-0.016635287553071976,True,0
12:13:45.551,6,0.009306609630584717,-7.275957614183426e-12,6.215614848770201e-05,0.0050065778195858,True,0
12:13:45.930,5,0.013678014278411865,0.0,-0.00022721254208590835,-0.005092117935419083,True,0
12:13:45.937,6,0.009548962116241455,0.00010467651736689731,0.00039854252827353776,-0.0011039897799491882,True,0
12:13:46.326,5,0.0138491690158844,0.00961326528340578,-0.00022807314235251397,-0.024793189018964767,True,0
12:13:46.332,6,0.009861260652542114,0.0002609899966046214,-0.0003625261888373643,0.006307711359113455,True,0
12:13:46.707,5,0.015206724405288696,-2.3283064365386963e-10,0.0012818009126931429,0.013240138068795204,True,0
12:13:46.714,6,0.009930044412612915,0.0,-0.0003748828312382102,0.026360344141721725,True,0
12:13:47.089,5,0.014602422714233398,0.0011179044377058744,7.365340570686385e-05,0.0016946326941251755,True,0
12:13:47.096,6,0.00958523154258728,6.815651431679726e-05,0.00022427838121075183,-0.03950580954551697,True,0
12:13:47.478,5,0.013973027467727661,0.0,0.003700742730870843,-0.01538537722080946,True,0
12:13:47.486,6,0.010000079870223999,4.479079507291317e-06,0.00039596069836989045,0.05550754442811012,True,0
12:13:47.864,5,0.014749377965927124,0.0018026557518169284,0.0012138839811086655,0.023957261815667152,True,0
12:13:47.874,6,0.009368062019348145,0.0003271143650636077,-0.001363260205835104,0.007538316771388054,True,0
12:13:48.241,5,0.014789313077926636,0.0007782168104313314,-0.0005625921767205,0.028250358998775482,True,0
12:13:48.255,6,0.00995299220085144,0.0,-6.174818554427475e-05,-0.005397433415055275,True,0
12:13:48.637,5,0.014417260885238647,1.7781234419089742e-05,0.0001493133750045672,-0.011808685958385468,True,0
12:13:48.644,6,0.01033201813697815,2.467961712682154e-05,0.00011773593723773956,0.028736285865306854,True,0
12:13:49.021,5,0.014547944068908691,0.00014680781168863177,0.0006173189030960202,-0.0005800388753414154,True,0
12:13:49.028,6,0.010112881660461426,0.0,5.1577462727436796e-05,0.022908613085746765,True,0
12:13:49.395,5,0.014700621366500854,0.0018879454582929611,0.00037755933590233326,0.0049900151789188385,True,0
12:13:49.402,6,0.010163217782974243,0.0,8.470800094073638e-05,0.018107667565345764,True,0
12:13:49.766,5,0.015346497297286987,0.0011718275491148233,0.002754673594608903,-0.009859252721071243,True,0
12:13:49.776,6,0.010274827480316162,0.0,-0.0005894703790545464,-0.006673209369182587,True,0
12:13:50.140,5,0.014163017272949219,0.005429964512586594,0.0016714661614969373,0.007970442995429039,True,0
12:13:50.146,6,0.01017037034034729,1.703025191091001e-06,-0.0003726134600583464,0.007593818008899689,True,0
12:13:50.534,5,0.015431374311447144,0.0,0.0002684516948647797,0.044060248881578445,True,0
12:13:50.541,6,0.010599464178085327,4.1472449083812535e-06,0.00025571740115992725,0.006984330713748932,True,0
12:13:50.925,5,0.014180302619934082,0.00026592344511300325,0.0012657690094783902,-0.007638070732355118,True,0
12:13:50.932,6,0.010439693927764893,0.0001963082904694602,1.1508345778565854e-06,-0.008305861614644527,True,0
12:13:51.326,5,0.015176147222518921,5.820766091346741e-11,-0.0008409865549765527,0.00176570238545537,True,0
12:13:51.333,6,0.010698318481445312,0.0,-2.5913690478773788e-05,0.03609447553753853,True,0
12:13:51.711,5,0.015021353960037231,0.00042789735016413033,-0.00019318930571898818,-0.009670726954936981,True,0
12:13:51.718,6,0.010580986738204956,0.0,3.743249544641003e-05,-0.03681785613298416,True,0
12:13:52.097,5,0.01490110158920288,0.0,0.00021744100376963615,0.05492067709565163,True,0
12:13:52.104,6,0.010669171810150146,0.001972578465938568,-0.00016208135639317334,0.029212573543190956,True,0
12:13:52.486,5,0.014437675476074219,0.0,-0.004195821471512318,0.001359257847070694,True,0
12:13:52.496,6,0.010556578636169434,0.0008624066831544042,-7.365061901509762e-05,-0.023993615061044693,True,0
12:13:52.891,5,0.014797598123550415,0.001288152765482664,0.0012161682825535536,-0.054683808237314224,True,0
12:13:52.900,6,0.01044762134552002,0.0008185062324628234,2.5634073608671315e-05,0.026321761310100555,True,0
12:13:53.295,5,0.01544255018234253,0.00036051636561751366,-0.0015045442851260304,0.04038309305906296,True,0
12:13:53.303,6,0.01073986291885376,4.133827314944938e-05,-0.00014244568592403084,0.027177419513463974,True,0
12:13:53.684,5,0.015005677938461304,0.0008384792017750442,-0.00020217739802319556,-0.03859081491827965,True,0
12:13:53.690,6,0.011702090501785278,0.0002333003794774413,0.002761525334790349,0.013844224624335766,True,0
12:13:54.057,5,0.015481382608413696,0.0017613680101931095,-7.184608693933114e-05,-0.000255487859249115,True,0
12:13:54.070,6,0.010922640562057495,0.00010206839942838997,1.2358215826679952e-05,-0.08604692667722702,True,0
12:13:54.443,5,0.015286058187484741,0.00037224500556476414,5.1355855248402804e-05,0.030961453914642334,True,0
12:13:54.450,6,0.01071879267692566,0.0,1.4854236724204384e-05,0.015574313700199127,True,0
12:13:54.817,5,0.015146255493164062,0.0,0.0017222670139744878,-0.03857355937361717,True,0
12:13:54.824,6,0.011226505041122437,4.5698405301664025e-05,2.2435173377743922e-05,0.02514667622745037,True,0
12:13:55.188,5,0.01479145884513855,0.001523913349956274,0.0012839660048484802,-0.005017219111323357,True,0
12:13:55.194,6,0.011459261178970337,0.00031033906270749867,0.0009579303441569209,-0.03934188559651375,True,0
12:13:55.555,5,0.014694780111312866,0.005056784488260746,2.1189831386436708e-05,-0.02410276234149933,True,0
12:13:55.562,6,0.010922074317932129,0.0,-0.0002293917932547629,-0.01572296768426895,True,0
12:13:55.922,5,0.014795273542404175,0.002000252017751336,-0.0002771809813566506,0.05971381813287735,True,0
12:13:55.929,6,0.011235207319259644,0.0,0.000868222676217556,-0.03221888095140457,True,0
12:13:56.305,5,0.015679150819778442,0.0,-7.152191392378882e-05,-0.014866188168525696,True,0
12:13:56.312,6,0.011021614074707031,0.000713008048478514,0.001583725679665804,0.0032118819653987885,True,0
12:13:56.700,5,0.015825212001800537,0.0006080988678149879,0.003208464477211237,-0.017881624400615692,True,0
12:13:56.706,6,0.011151015758514404,0.0001217821118189022,-2.4764801764831645e-07,-0.02668747305870056,True,0
12:13:57.087,5,0.01541215181350708,0.000679879158269614,0.00059295236133039,0.014362996444106102,True,0
12:13:57.093,6,0.011511176824569702,0.0,0.0004343985056038946,0.03177020326256752,True,0
12:13:57.474,5,0.01583099365234375,0.0,-9.915163536788896e-05,0.04019080102443695,True,0
12:13:57.481,6,0.01092594861984253,0.0,-0.0003641750372480601,-0.026884615421295166,True,0
12:13:57.888,5,0.016318529844284058,0.007283026352524757,0.005489477422088385,-0.007072066888213158,True,0
12:13:57.895,6,0.011130720376968384,0.0008730352856218815,-0.0002808455319609493,0.0045630112290382385,True,0
12:13:58.273,5,0.0148850679397583,0.0009901179000735283,-0.0017452022293582559,-0.018415873870253563,True,0
12:13:58.286,6,0.01128348708152771,0.0005833787145093083,-0.000930935435462743,0.01441503781825304,True,0
12:13:58.659,5,0.014613837003707886,1.4551915228366852e-11,-0.00012296174827497452,0.038759153336286545,True,0
12:13:58.680,6,0.011134296655654907,0.0,0.0010644015856087208,0.024602454155683517,True,0
12:13:59.048,5,0.01531451940536499,0.0,0.0034160574432462454,0.039909183979034424,True,0
12:13:59.055,6,0.011429280042648315,8.089748916972894e-06,5.045452326157829e-06,-0.005891747772693634,True,0
12:13:59.425,5,0.015031933784484863,0.0014058874221518636,0.006566738244146109,-0.016245312988758087,True,0
12:13:59.431,6,0.011277228593826294,0.00196470832452178,2.313748700544238e-05,-0.020989133045077324,True,0
12:13:59.796,5,0.015663981437683105,7.185484719229862e-05,0.0002742096548900008,0.019354883581399918,True,0
12:13:59.803,6,0.011317253112792969,0.0,0.000655448529869318,-0.00015604496002197266,True,0
12:14:00.170,5,0.015718728303909302,0.0,0.000439634604845196,0.0077967047691345215,True,0
12:14:00.177,6,0.01115870475769043,8.617160347057506e-05,0.00010896992171183228,0.007124938070774078,True,0
12:14:00.536,5,0.01538655161857605,0.00024495410616509616,-0.0001663777802605182,0.004445124417543411,True,0
12:14:00.542,6,0.011363774538040161,0.0,-0.0001248278858838603,-0.010369505733251572,True,0
12:14:00.926,5,0.015554934740066528,0.0004705152241513133,-0.0011309345718473196,-0.008932416327297688,True,0
12:14:00.933,6,0.011485844850540161,0.0,0.00040233833715319633,-0.038770124316215515,True,0
12:14:01.314,5,0.01555982232093811,6.681707418465521e-06,-1.95793454622617e-05,0.015313845127820969,True,0
12:14:01.320,6,0.011005491018295288,1.0962777196255047e-05,0.003060513874515891,0.004012939054518938,True,0
12:14:01.705,5,0.015312612056732178,0.0,0.00015422141586896032,0.01605549454689026,True,0
12:14:01.711,6,0.01115301251411438,0.00035579490941017866,0.0002795495674945414,0.02792169526219368,True,0
12:14:02.086,5,0.015363216400146484,0.0,-0.0007155078346841037,0.03916563838720322,True,0
12:14:02.093,6,0.01136288046836853,0.0001105248011299409,0.001033232663758099,-0.021965857595205307,True,0
12:14:02.460,5,0.015463143587112427,0.00029639428248628974,0.0009711271268315613,-0.012559451162815094,True,0
12:14:02.484,6,0.011715501546859741,4.321113010519184e-05,-3.340905095683411e-05,0.027640052139759064,True,0
12:14:02.858,5,0.015577733516693115,0.0,0.0012138929450884461,-0.009862020611763,True,0
12:14:02.872,6,0.011790096759796143,0.0007987084100022912,-0.0007705730386078358,-0.02200367860496044,True,0
12:14:03.239,5,0.015039443969726562,5.409098230302334e-05,-0.0009446532931178808,-0.0034925881773233414,True,0
12:14:03.245,6,0.011198043823242188,0.0,-0.0002439991367282346,0.019196227192878723,True,0
12:14:03.612,5,0.014209955930709839,0.004327436909079552,0.0007745588081888855,0.04598904773592949,True,0
12:14:03.619,6,0.011148005723953247,1.1641532182693481e-10,0.001440009567886591,0.002183474600315094,True,0
12:14:03.982,5,0.01537659764289856,0.0,0.00021759839728474617,-0.005761129781603813,True,0
12:14:03.989,6,0.012029469013214111,0.0016517149051651359,0.0021052355878055096,0.0018789712339639664,True,0
12:14:04.354,5,0.015180259943008423,0.0031975465826690197,0.004160064272582531,-0.015474635176360607,True,0
12:14:04.361,6,0.011478573083877563,3.824896703008562e-05,-1.5730096492916346e-05,0.04689040407538414,True,0
12:14:04.731,5,0.01564738154411316,0.0,-0.0016563646495342255,-0.012836731970310211,True,0
12:14:04.738,6,0.011854976415634155,0.0,9.28251538425684e-05,0.03550538420677185,True,0
12:14:05.114,5,0.01573750376701355,0.0,-0.00011005474516423419,-0.0046057794243097305,True,0
12:14:05.121,6,0.011448830366134644,0.0,0.001000160351395607,0.02239694446325302,True,0
12:14:05.511,5,0.015891581773757935,0.0002729932311922312,-0.00031070844852365553,-0.023946600034832954,True,0
12:14:05.517,6,0.011665582656860352,0.0,-0.00012212712317705154,0.011498332023620605,True,0
12:14:05.893,5,0.015650629997253418,0.0,0.00044901433284394443,0.007969805970788002,True,0
12:14:05.900,6,0.011043548583984375,0.00016481115017086267,0.0011247104266658425,0.005323108285665512,True,0
12:14:06.274,5,0.016067922115325928,0.00161735899746418,0.0010730036301538348,-0.02962086722254753,True,0
12:14:06.285,6,0.0117226243019104,6.877830310259014e-05,-7.862768711675017e-07,0.02534553036093712,True,0
12:14:06.653,5,0.015551924705505371,0.000438162125647068,0.00014491158071905375,-0.02739453688263893,True,0
12:14:06.659,6,0.011707931756973267,-1.4551915228366852e-11,-0.0003015095426235348,0.005457397550344467,True,0
12:14:07.027,5,0.01605600118637085,0.0,-0.0005562202422879636,-0.0014074064092710614,True,0
12:14:07.033,6,0.011261433362960815,0.001922131865285337,4.172428452875465e-05,0.021993715316057205,True,0
12:14:07.400,5,0.01586461067199707,6.484668119810522e-06,-0.0004069026617798954,-0.0349479615688324,True,0
12:14:07.407,6,0.011196494102478027,0.002037748694419861,0.0017738454043865204,-0.018992366269230843,True,0
12:14:07.768,5,0.015508681535720825,0.0,0.0011549368500709534,-0.006254863925278187,True,0
12:14:07.775,6,0.011663436889648438,0.0,3.754319186555222e-05,-0.06876169145107269,True,0
12:14:08.139,5,0.015990793704986572,0.0,-0.0009913108078762889,0.03399965539574623,True,0
12:14:08.146,6,0.011670857667922974,0.0,-0.00015763362171128392,-0.027898740023374557,True,0
12:14:08.515,5,0.016178488731384277,0.00010296209075022489,-1.1481393812573515e-05,0.08654847741127014,True,0
12:14:08.521,6,0.011588752269744873,0.0,0.0005123891169205308,-0.003371107392013073,True,0
12:14:08.899,5,0.0163649320602417,0.0017562976572662592,8.402662933804095e-05,0.04411572217941284,True,0
12:14:08.906,6,0.011484265327453613,-1.4551915228366852e-11,0.00033279418130405247,0.04926835373044014,True,0
12:14:09.288,5,0.015023380517959595,0.004507036413997412,-0.002240169793367386,-0.008213682100176811,True,0
12:14:09.295,6,0.011506319046020508,0.0,1.5243429515976459e-05,0.006396237760782242,True,0
12:14:09.670,5,0.015266597270965576,0.0007105567492544651,-0.0010383134940639138,0.009902442805469036,True,0
12:14:09.680,6,0.011244237422943115,0.0,-0.0015187679091468453,-5.017966032028198e-06,True,0
12:14:10.077,5,0.016407102346420288,0.0,0.0009120132308453321,0.04151696339249611,True,0
12:14:10.084,6,0.0116213858127594,0.0,-0.0011831287993118167,-0.03275517746806145,True,0
12:14:10.451,5,0.015531092882156372,4.187368540442549e-05,0.0008537359535694122,0.012040570378303528,True,0
12:14:10.468,6,0.011641263961791992,0.0,-7.520405051764101e-05,0.011029757559299469,True,0
12:14:10.835,5,0.015704184770584106,0.0007886128732934594,0.0008800467476248741,0.027142366394400597,True,0
12:14:10.841,6,0.011867702007293701,0.0,0.0003648477722890675,-0.030141524970531464,True,0
12:14:11.207,5,0.016164839267730713,3.909165388904512e-05,0.001678389380685985,-0.04501372575759888,True,0
12:14:11.213,6,0.011719614267349243,0.0,-2.7650798074319027e-05,0.02246204763650894,True,0
12:14:11.576,5,0.015506625175476074,0.003513824427500367,-0.0016335149994120002,-0.0014543309807777405,True,0
12:14:11.582,6,0.011789590120315552,0.0,0.0002063196006929502,0.03393487632274628,True,0
12:14:11.971,5,0.01611107587814331,7.4644478445407e-05,-0.0005588628118857741,0.04500940442085266,True,0
12:14:11.977,6,0.01179555058479309,7.292795089597348e-06,0.0004420009208843112,-0.008942097425460815,True,0
12:14:12.348,5,0.015598088502883911,5.820766091346741e-11,0.0006426912732422352,-0.007149131968617439,True,0
12:14:12.355,6,0.011861294507980347,0.0011290321126580238,0.00041039788629859686,0.02164670079946518,True,0
12:14:12.711,5,0.016338586807250977,0.004036412108689547,0.00028035734430886805,0.01412879303097725,True,0
12:14:12.718,6,0.011629760265350342,0.0,-0.00022845275816507638,0.026770487427711487,True,0
12:14:13.096,5,0.015895754098892212,0.0006134725408628583,0.0006662154919467866,0.014164749532938004,True,0
12:14:13.103,6,0.012066692113876343,0.0,4.752280074171722e-05,0.0766596868634224,True,0
12:14:13.488,5,0.016613095998764038,0.0014598257839679718,8.313761645695195e-05,-0.005267051514238119,True,0
12:14:13.495,6,0.011518478393554688,0.0,0.002100482350215316,0.008308282122015953,True,0
12:14:13.885,5,0.016828805208206177,0.0006229778518900275,-0.000563590438105166,0.005173541605472565,True,0
12:14:13.896,6,0.011229127645492554,0.0,0.0019232180202379823,-0.03910093754529953,True,0
12:14:14.287,5,0.016566365957260132,0.0,-0.0007038971525616944,-0.0033141770400106907,True,0
12:14:14.294,6,0.01146775484085083,0.0,1.2185835657874122e-05,0.00993053987622261,True,0
12:14:14.681,5,0.01525503396987915,0.002708383370190859,0.0007841956685297191,-0.013128915801644325,True,0
12:14:14.690,6,0.011662185192108154,8.09103439678438e-05,1.637802051845938e-05,0.04268146678805351,True,0
12:14:15.074,5,0.01590549945831299,0.0009980903705582023,-0.0020197241101413965,-0.028210407122969627,True,0
12:14:15.080,6,0.011778324842453003,0.0,-3.231082882848568e-05,-0.015539275482296944,True,0
12:14:15.459,5,0.01590690016746521,0.0,-0.00037258860538713634,-0.02797308936715126,True,0
12:14:15.467,6,0.011404097080230713,0.0,-0.001276605762541294,-0.007274355739355087,True,0
12:14:15.852,5,0.0159224271774292,-5.820766091346741e-11,0.004177807830274105,0.01939050480723381,True,0
12:14:15.859,6,0.011501103639602661,0.0011195782572031021,8.293418068205938e-05,0.08416911214590073,True,0
12:14:16.240,5,0.01596108078956604,9.204703383147717e-05,0.0013258772669360042,0.0687052309513092,True,0
12:14:16.248,6,0.011773109436035156,0.0,0.00013484625378623605,0.007634756155312061,True,0
12:14:16.621,5,0.016346782445907593,0.0,-0.0006127215456217527,0.028102895244956017,True,0
12:14:16.637,6,0.011349111795425415,0.00038635567761957645,-4.168685700278729e-05,0.009234405122697353,True,0
12:14:17.006,5,0.017141222953796387,0.005082406103610992,0.003089157398790121,0.03504261374473572,True,0
12:14:17.012,6,0.012201368808746338,0.0,0.0008893665508367121,-0.050815269351005554,True,0
12:14:17.385,5,0.01653343439102173,0.0007000124896876514,-6.884897447889671e-05,0.03777844086289406,True,0
12:14:17.392,6,0.011696994304656982,3.903194738086313e-06,6.14524742559297e-06,-0.01098737120628357,True,0
12:14:17.755,5,0.015894949436187744,0.0002897642261814326,0.0003306639555376023,0.03045256994664669,True,0
12:14:17.762,6,0.012014985084533691,0.0,0.0002540579007472843,-0.0717068463563919,True,0
12:14:18.131,5,0.01567155122756958,0.0012384591391310096,-0.0002507891913410276,-0.004118189215660095,True,0
12:14:18.137,6,0.01174771785736084,1.1001393431797624e-05,-0.0003894740075338632,-0.018625859171152115,True,0
12:14:18.496,5,0.016207098960876465,0.0,0.0008019430097192526,-0.012602727860212326,True,0
12:14:18.503,6,0.011429280042648315,0.0,-0.0022910158149898052,0.04443049430847168,True,0
12:14:18.891,5,0.016169488430023193,0.0008286405354738235,0.0003440869622863829,-0.02745227701961994,True,0
12:14:18.898,6,0.011858850717544556,0.0,-1.697989682725165e-05,0.02533746510744095,True,0
12:14:19.273,5,0.016253650188446045,0.00032915803603827953,-0.0007501059444621205,-0.0038715447299182415,True,0
12:14:19.280,6,0.012021541595458984,0.0,-0.002336299978196621,0.02846837230026722,True,0
12:14:19.655,5,0.016386419534683228,0.00026843001251108944,0.0002730450651142746,-0.024617085233330727,True,0
12:14:19.661,6,0.011664390563964844,0.0,-0.0004222978022880852,0.021022478118538857,True,0
12:14:20.037,5,0.016147911548614502,-7.275957614183426e-12,-0.0003249247092753649,0.0093703493475914,True,0
12:14:20.046,6,0.011752039194107056,0.00030579266604036093,0.0018674371531233191,-0.01483225729316473,True,0
12:14:20.414,5,0.01604771614074707,0.001903496333397925,0.001990070566534996,-0.06733332574367523,True,0
12:14:20.420,6,0.01182788610458374,0.0,0.00036448269383981824,0.002159791300073266,True,0
12:14:20.787,5,0.016202270984649658,8.90383162186481e-05,-1.603507189429365e-05,-0.025878069922327995,True,0
12:14:20.793,6,0.011800765991210938,3.2988132261380088e-06,0.00010628536256263033,0.013402744196355343,True,0
12:14:21.155,5,0.01599392294883728,0.0021245062816888094,0.0016891894629225135,0.02855219505727291,True,0
12:14:21.162,6,0.011828631162643433,0.0002474398643244058,7.259561971295625e-05,0.059234511107206345,True,0
12:14:21.523,5,0.015838682651519775,0.0,0.0003200955397915095,0.05945301055908203,True,0
12:14:21.529,6,0.011624693870544434,0.0,0.0008726614760234952,-0.0010627908632159233,True,0
12:14:21.894,5,0.015139609575271606,0.0022823093459010124,0.011081928387284279,-0.028940752148628235,True,0
12:14:21.901,6,0.01187896728515625,0.0,-0.00015690540021751076,0.009056195616722107,True,0
12:14:22.276,5,0.016106873750686646,0.0,0.002452458720654249,0.02705688588321209,True,0
12:14:22.283,6,0.011817872524261475,0.0024350706953555346,0.0001480436185374856,-0.040215518325567245,True,0
12:14:22.659,5,0.015556871891021729,0.0006469902582466602,0.005030856933444738,0.018385037779808044,True,0
12:14:22.666,6,0.01174899935722351,0.0,0.0022217368241399527,0.017684508115053177,True,0
12:14:23.038,5,0.015611529350280762,0.0035695123951882124,0.0015974630368873477,-0.03501441329717636,True,0
12:14:23.057,6,0.012064069509506226,0.0006926567875780165,4.328683280618861e-05,0.04353414103388786,True,0
12:14:23.453,5,0.016134679317474365,0.00017258153820876032,0.0001637657987885177,0.0220925472676754,True,0
12:14:23.459,6,0.0115184485912323,0.0,0.001077779452316463,-0.014666169881820679,True,0
12:14:23.851,5,0.01598525047302246,0.0015077899442985654,-0.0001828600506996736,-0.007757393643260002,True,0
12:14:23.858,6,0.01191258430480957,0.0,-5.7351360737811774e-05,-0.011605121195316315,True,0
12:14:24.240,5,0.016314804553985596,0.0017559007974341512,-0.0006441347068175673,0.057501982897520065,True,0
12:14:24.247,6,0.01185452938079834,9.728140139486641e-05,0.00020039798982907087,0.026806972920894623,True,0
12:14:24.618,5,0.015807628631591797,0.0,0.0012512454995885491,-0.05646086856722832,True,0
12:14:24.635,6,0.01170852780342102,0.0,-0.0004497776972129941,0.003598913550376892,True,0
12:14:25.006,5,0.015711039304733276,0.0013685288140550256,-0.0007636109367012978,0.04131671041250229,True,0
12:14:25.012,6,0.011825084686279297,2.857464278349653e-05,-5.5185300880111754e-05,0.011607992462813854,True,0
12:14:25.376,5,0.01668781042098999,3.621393989305943e-05,-0.0001565562270116061,0.02732693776488304,True,0
12:14:25.383,6,0.011527538299560547,0.0,-0.0006789174512960017,0.0021389368921518326,True,0
12:14:25.746,5,0.01707535982131958,0.0,-0.0006636722246184945,0.028385015204548836,True,0
12:14:25.755,6,0.01203852891921997,0.0003230715519748628,2.0470402887440287e-05,0.045107401907444,True,0
12:14:26.118,5,0.0164395272731781,0.0020305828657001257,-7.738908607279882e-05,-0.012958620674908161,True,0
12:14:26.125,6,0.011546790599822998,0.0,1.174848966911668e-05,0.03464346379041672,True,0
12:14:26.485,5,0.01676991581916809,9.616498573450372e-05,9.466287338000257e-06,-0.05595288425683975,True,0
12:14:26.493,6,0.011871129274368286,7.403431663988158e-05,1.1092552085756324e-06,-0.00022394955158233643,True,0
12:14:26.886,5,0.016921907663345337,0.0014410923467949033,0.0012535587884485722,0.07471726834774017,True,0
12:14:26.893,6,0.011612147092819214,0.000852833385579288,0.00020044343546032906,0.008224766701459885,True,0
12:14:27.273,5,0.015777587890625,0.0003970293328166008,0.0009102641488425434,0.01432928629219532,True,0
12:14:27.279,6,0.011866778135299683,0.0,0.00011596229887800291,-0.016306055709719658,True,0
12:14:27.654,5,0.016074031591415405,0.0,-0.00028110420680604875,0.039074260741472244,True,0
12:14:27.661,6,0.011807680130004883,0.0001309325743932277,0.0005506897578015924,0.00027029591728933156,True,0
12:14:28.041,5,0.01667177677154541,0.0,0.000617192592471838,0.027998050674796104,True,0
12:14:28.048,6,0.011960476636886597,0.0,-0.0002750028215814382,-0.01469932496547699,True,0
12:14:28.439,5,0.0166795551776886,0.0,-0.001364798634313047,-0.01846153847873211,True,0
12:14:28.445,6,0.011559784412384033,0.0,-0.0003294053312856704,0.024709919467568398,True,0
12:14:28.821,5,0.016734540462493896,0.0,0.0006696810596622527,0.021143820136785507,True,0
12:14:28.828,6,0.01171267032623291,0.00013592024333775043,0.0002621036546770483,0.010282620787620544,True,0
12:14:29.202,5,0.01613876223564148,0.0,-0.00017596773977857083,-0.05072777345776558,True,0
12:14:29.209,6,0.011542707681655884,0.0010067556286230683,0.0010947895934805274,-0.001698436215519905,True,0
12:14:29.580,5,0.016029566526412964,0.0010570379672572017,0.00026973881176672876,-0.005321897566318512,True,0
12:14:29.586,6,0.01188322901725769,0.0,0.00013245911395642906,-0.03383807837963104,True,0
12:14:29.956,5,0.01637500524520874,0.001514843781478703,0.0025094507727771997,-0.031005024909973145,True,0
12:14:29.963,6,0.011901825666427612,0.0007317594718188047,8.851115853758529e-05,0.035982437431812286,True,0
12:14:30.325,5,0.016549497842788696,0.0,0.0012609363766387105,-0.02007063291966915,True,0
12:14:30.332,6,0.012060999870300293,0.0,0.0005843675462529063,-0.006542425602674484,True,0
12:14:30.692,5,0.01655644178390503,1.9564467947930098e-05,-0.000371118396287784,-0.00584526127204299,True,0
12:14:30.699,6,0.011682212352752686,3.528215529513545e-05,-1.4953490790503565e-05,-0.003091686638072133,True,0
12:14:31.083,5,0.017279624938964844,0.003980540670454502,0.000506908749230206,-0.01540185883641243,True,0
12:14:31.090,6,0.011514037847518921,0.0005337740876711905,1.5637469914508983e-05,0.00888361781835556,True,0
12:14:31.466,5,0.01622655987739563,0.001503701787441969,-0.001369781093671918,-0.022163445129990578,True,0
12:14:31.473,6,0.01167711615562439,0.0,-2.1504471078515053e-05,-0.034091364592313766,True,0
12:14:31.868,5,0.01639285683631897,6.288778240559623e-05,1.4536675735143945e-05,0.029924817383289337,True,0
12:14:31.874,6,0.011269837617874146,0.0012610277626663446,-3.520935933920555e-05,-0.009537892416119576,True,0
12:14:32.255,5,0.016853749752044678,0.0,0.0005710854893550277,-0.008836135268211365,True,0
12:14:32.263,6,0.011964857578277588,0.0,0.00012691752635873854,0.027055636048316956,True,0
12:14:32.648,5,0.0161760151386261,0.0013015519361943007,0.001966891111806035,0.07846178114414215,True,0
12:14:32.655,6,0.011698126792907715,9.72315319813788e-06,8.518170943716541e-06,0.018746085464954376,True,0
12:14:33.032,5,0.016456246376037598,0.0,-5.016339855501428e-05,-0.01669260859489441,True,0
12:14:33.039,6,0.01197284460067749,0.0,-0.001159912091679871,0.01757757179439068,True,0
12:14:33.412,5,0.01651206612586975,0.0,9.154446161119267e-05,0.03220468387007713,True,0
12:14:33.424,6,0.011597871780395508,0.0,-0.00017501659749541432,0.035510845482349396,True,0
12:14:33.797,5,0.016355395317077637,-3.637978807091713e-12,-0.0008461545803584158,0.03549005463719368,True,0
12:14:33.803,6,0.011539965867996216,0.0,0.0006099989986978471,-0.01603981852531433,True,0
12:14:34.170,5,0.016931354999542236,0.004243946168571711,0.004359101410955191,-0.015101343393325806,True,0
12:14:34.176,6,0.011886268854141235,0.0005364494863897562,8.338508632732555e-05,-0.019495924934744835,True,0
12:14:34.539,5,0.01599922776222229,0.0006154919392429292,-0.000611744006164372,-0.03334759920835495,True,0
12:14:34.549,6,0.012113839387893677,0.0003642643569037318,0.00014628194912802428,-0.0031205990817397833,True,0
12:14:34.909,5,0.015922248363494873,0.0013115002075210214,0.00031789843342266977,0.03946463391184807,True,0
12:14:34.916,6,0.012122035026550293,0.0018328952137380838,-0.00030750926816836,-0.015448390506207943,True,0
12:14:35.290,5,0.01623547077178955,0.0,-0.00036543127498589456,-0.011068000458180904,True,0
12:14:35.297,6,0.011970996856689453,0.00015110451204236597,-3.835390816675499e-05,0.00748644582927227,True,0
12:14:35.681,5,0.016123861074447632,0.00023200170835480094,-0.0003683331306092441,0.006616903468966484,True,0
12:14:35.688,6,0.011502653360366821,3.7844260077690706e-05,-0.0004245036980137229,0.026248879730701447,True,0
12:14:36.067,5,0.01606181263923645,0.0014477208023890853,-0.00016062565555330366,0.015214234590530396,True,0
12:14:36.074,6,0.011637717485427856,0.0,-0.00014747775276191533,0.05453190952539444,True,0
12:14:36.446,5,0.016554594039916992,0.00018984847702085972,0.0010668585309758782,-0.02273402363061905,True,0
12:14:36.453,6,0.012052178382873535,0.0,-0.0010365096386522055,0.02083062194287777,True,0
12:14:36.822,5,0.016813009977340698,0.004053987096995115,0.0014552345965057611,0.016877662390470505,True,0
12:14:36.836,6,0.012063264846801758,0.0006146975210867822,-5.390785008785315e-05,-0.02254214696586132,True,0
12:14:37.203,5,0.01654788851737976,0.0,-0.0006193878361955285,-0.0002919211983680725,True,0
12:14:37.210,6,0.011271089315414429,0.0,-0.000974771159235388,-0.04344192147254944,True,0
12:14:37.576,5,0.01665934920310974,0.0002997611300088465,0.0007228055037558079,0.030265916138887405,True,0
12:14:37.584,6,0.011657565832138062,0.0014500465476885438,-0.0004334838595241308,0.03291627764701843,True,0
12:14:37.950,5,0.016421914100646973,0.0,0.0002753036096692085,0.05908549576997757,True,0
12:14:37.957,6,0.011607944965362549,0.00021298520732671022,0.0001940904912771657,-0.009190497919917107,True,0
12:14:38.316,5,0.016360849142074585,0.0,0.0017299121245741844,0.028484949842095375,True,0
12:14:38.323,6,0.01173064112663269,0.0,4.388716843095608e-05,-0.022213958203792572,True,0
12:14:38.703,5,0.01661267876625061,0.0,0.0008460284443572164,-0.03409254550933838,True,0
12:14:38.710,6,0.011710584163665771,0.0004989517037756741,1.032480849971762e-05,-0.024850066751241684,True,0
12:14:39.095,5,0.01603814959526062,0.00225076824426651,0.0011554902885109186,0.009006659500300884,True,0
12:14:39.101,6,0.011312246322631836,0.000981848337687552,0.0008305854280479252,0.016353338956832886,True,0
12:14:39.486,5,0.017448335886001587,0.0017227508360520005,0.0034065768122673035,-0.03173806518316269,True,0
12:14:39.493,6,0.011436760425567627,0.0,-0.0010574142215773463,-0.04397168383002281,True,0
12:14:39.878,5,0.01680934429168701,0.0030935746617615223,-0.0005364174139685929,-0.030242115259170532,True,0
12:14:39.885,6,0.011682331562042236,0.0008104126900434494,0.0012518313014879823,0.04315882921218872,True,0
12:14:40.267,5,0.01593625545501709,0.0,-0.0013638277305290103,0.010808024555444717,True,0
12:14:40.274,6,0.011750191450119019,8.132784569170326e-05,1.968586275324924e-06,-0.049395665526390076,True,0
12:14:40.655,5,0.01664501428604126,0.00035903541720472276,-0.0011126010213047266,-0.005287807434797287,True,0
12:14:40.661,6,0.011876195669174194,0.0,4.7290115617215633e-05,-0.012366857379674911,True,0
12:14:41.029,5,0.01670321822166443,0.001580278854817152,-6.094305354054086e-05,0.02330482378602028,True,0
12:14:41.047,6,0.011731505393981934,0.0005206945352256298,0.00044316184357739985,0.015102915465831757,True,0
12:14:41.428,5,0.015802979469299316,0.0014556514797732234,-4.738097413792275e-05,0.005919730290770531,True,0
12:14:41.448,6,0.011567503213882446,0.0005375032778829336,-0.000688182539306581,0.02171994000673294,True,0
12:14:41.826,5,0.015897035598754883,0.0036840748507529497,0.0030050603672862053,-0.03026042878627777,True,0
12:14:41.832,6,0.011848598718643188,0.0,1.4068422387936153e-05,-0.011991634964942932,True,0
12:14:42.214,5,0.016290783882141113,0.0001477702462580055,-0.0005618014838546515,0.014894775114953518,True,0
12:14:42.221,6,0.011754810810089111,2.9103830456733704e-11,-0.00024762097746133804,-0.022366540506482124,True,0
12:14:42.586,5,0.0169391930103302,0.0036951208021491766,0.0007847000379115343,-0.03529960662126541,True,0
12:14:42.593,6,0.011696040630340576,0.0008371411240659654,-0.00012668242561630905,-0.03466496989130974,True,0
12:14:42.959,5,0.01617160439491272,0.00021206209203228354,0.002589269308373332,-0.03851473703980446,True,0
12:14:42.965,6,0.011456072330474854,0.0023456618655472994,0.002428134437650442,0.01881568133831024,True,0
12:14:43.327,5,0.016714394092559814,0.004509486723691225,0.003954262472689152,0.025744188576936722,True,0
12:14:43.333,6,0.011767089366912842,0.0005221814499236643,-2.9554770662798546e-05,-0.046369343996047974,True,0
12:14:43.699,5,0.017244040966033936,0.0009390455088578165,0.0048316000029444695,0.009496379643678665,True,0
12:14:43.706,6,0.011916130781173706,0.0,-4.770054874825291e-05,0.0037788450717926025,True,0
12:14:44.083,5,0.016018182039260864,0.0,0.0018980000168085098,-0.03492904454469681,True,0
12:14:44.089,6,0.011683940887451172,0.00014096331142354757,0.00018538968288339674,-0.04175148904323578,True,0
12:14:44.477,5,0.015963643789291382,0.0,0.0012815886875614524,0.015365206636488438,True,0
12:14:44.484,6,0.011522680521011353,0.0003024302131962031,9.481275628786534e-05,-0.015993621200323105,True,0
12:14:44.868,5,0.016897588968276978,0.0001366820652037859,4.6591521822847426e-05,-0.06157524883747101,True,0
12:14:44.876,6,0.01212337613105774,0.0,0.0007855570293031633,0.04324452951550484,True,0
12:14:45.262,5,0.01726362109184265,0.0018370901234447956,0.002526902360841632,0.015500925481319427,True,0
12:14:45.269,6,0.01202496886253357,0.0007558469078503549,0.0010151815367862582,0.0164669007062912,True,0
12:14:45.650,5,0.016380012035369873,0.0,0.00010582392133073881,0.04307453706860542,True,0
12:14:45.657,6,0.011613160371780396,0.00018691604782361537,-0.0009706745040602982,0.018799185752868652,True,0
12:14:46.055,5,0.015633702278137207,0.0,0.006880227010697126,0.031680576503276825,True,0
12:14:46.062,6,0.011772125959396362,0.0,0.00013729420606978238,-0.025715554133057594,True,0
12:14:46.444,5,0.015575557947158813,0.0,0.004436861258000135,0.08531854301691055,True,0
12:14:46.451,6,0.011731207370758057,0.0,-8.828759018797427e-05,0.036074068397283554,True,0
12:14:46.823,5,0.01575532555580139,0.00022030800755601376,0.0007931340951472521,0.026533126831054688,True,0
12:14:46.830,6,0.011937171220779419,1.7675221897661686e-05,-2.114384733431507e-05,-0.009024471044540405,True,0
12:14:47.221,5,0.015233010053634644,0.0007268651388585567,-0.0009723799303174019,-0.0300582367926836,True,0
12:14:47.237,6,0.011980444192886353,0.0,2.6528126909397542e-05,-0.006947127170860767,True,0
12:14:47.623,5,0.01669248938560486,0.0,-0.0006785658188164234,0.015035782009363174,True,0
12:14:47.630,6,0.01156565546989441,3.1433366984856548e-06,0.0007078227936290205,-0.0031860200688242912,True,0
12:14:48.012,5,0.01594260334968567,0.0029606095049530268,-0.0007434154977090657,-0.015094686299562454,True,0
12:14:48.019,6,0.011750668287277222,0.0,0.00024085701443254948,-0.02812492847442627,True,0
12:14:48.388,5,0.016530901193618774,0.0009310658206231892,-0.0008257199660874903,0.0058545880019664764,True,0
12:14:48.395,6,0.012267500162124634,0.003301396267488599,-0.0008130329078994691,0.05040345340967178,True,0
12:14:48.762,5,0.016428440809249878,0.0016849020030349493,8.772010914981365e-06,-0.0017392486333847046,True,0
12:14:48.768,6,0.012028157711029053,0.0,-5.8156463637715206e-05,0.009000256657600403,True,0
12:14:49.146,5,0.015602648258209229,-1.4551915228366852e-11,0.0011885392013937235,-0.01364386361092329,True,0
12:14:49.152,6,0.011753439903259277,0.0,-0.00027702352963387966,-0.005708823911845684,True,0
12:14:49.513,5,0.016854137182235718,0.00015023493324406445,-0.0008255511056631804,0.04232761636376381,True,0
12:14:49.519,6,0.011828243732452393,0.0,8.924950634536799e-06,0.006661249324679375,True,0
12:14:49.892,5,0.01559409499168396,0.0019437673036009073,0.002194732893258333,-0.011212930083274841,True,0
12:14:49.901,6,0.011734575033187866,0.0,9.311151370638981e-05,0.0244448184967041,True,0
12:14:50.279,5,0.016774803400039673,0.004053833428770304,-0.001038215821608901,-0.005899379495531321,True,0
12:14:50.286,6,0.011605113744735718,0.0005074664950370789,0.00084212381625548,-0.03065345250070095,True,0
12:14:50.672,5,0.017380833625793457,0.0006438963464461267,0.005014538764953613,-0.019764147698879242,True,0
12:14:50.679,6,0.011883944272994995,0.001481767394579947,0.00033972732489928603,-0.005165211856365204,True,0
12:14:51.066,5,0.016578495502471924,0.0004744724719785154,-0.0005318011972121894,0.014794411137700081,True,0
12:14:51.073,6,0.011545807123184204,0.001545737381093204,0.00031567446421831846,0.008801169693470001,True,0
12:14:51.452,5,0.016214340925216675,0.00012330693425610662,-2.67757259280188e-05,0.032877277582883835,True,0
12:14:51.459,6,0.011626213788986206,5.820766091346741e-11,-0.0009987960802391171,0.02174258604645729,True,0
12:14:51.860,5,0.01616722345352173,0.00020700017921626568,-0.0022694694343954325,0.008790943771600723,True,0
12:14:51.867,6,0.011776119470596313,0.0,-2.228047014796175e-05,0.0445530079305172,True,0
12:14:52.250,5,0.016517609357833862,0.0,0.00046616190229542553,0.03187677264213562,True,0
12:14:52.257,6,0.011792689561843872,0.0,-1.7742248019203544e-05,-0.022642869502305984,True,0
12:14:52.636,5,0.015689730644226074,0.0,1.8547460058471188e-05,0.024166863411664963,True,0
12:14:52.643,6,0.011763215065002441,8.138286648318172e-05,-7.14736816007644e-05,0.031199732795357704,True,0
12:14:53.011,5,0.01634824275970459,0.0017276772996410728,-0.0016936701722443104,0.002661287784576416,True,0
12:14:53.018,6,0.011958777904510498,0.0,-0.00017696151917334646,-0.009875318966805935,True,0
12:14:53.397,5,0.017324596643447876,0.006437432952225208,0.0020222619641572237,0.04513290151953697,True,0
12:14:53.408,6,0.011979013681411743,0.0,-8.228020305978134e-05,0.007335491478443146,True,0
12:14:53.775,5,0.01605561375617981,0.0,-0.0006090777460485697,0.016353070735931396,True,0
12:14:53.782,6,0.011985182762145996,2.2813546820543706e-05,-0.00034137716284021735,0.05361315235495567,True,0
12:14:54.145,5,0.016121089458465576,0.0,-9.987453086068854e-05,0.011397607624530792,True,0
12:14:54.153,6,0.011624902486801147,0.0002380584628554061,0.0001878302136901766,-0.019345959648489952,True,0
12:14:54.520,5,0.016707271337509155,0.0,-1.5845585949136876e-05,0.009410185739398003,True,0
12:14:54.526,6,0.01173141598701477,0.0011304898653179407,0.0007442675996571779,0.02313900738954544,True,0
12:14:54.887,5,0.016481012105941772,0.0,0.0004090472066309303,0.0014474214985966682,True,0
12:14:54.894,6,0.011743158102035522,0.0,-0.00023282704933080822,0.039399757981300354,True,0
12:14:55.271,5,0.016652703285217285,0.0,0.0003829509951174259,0.006798841059207916,True,0
12:14:55.278,6,0.011961221694946289,0.00033662523492239416,3.20323342748452e-05,-0.01403517834842205,True,0
12:14:55.659,5,0.016799896955490112,0.004176076967269182,-0.00019616339704953134,-0.012083014473319054,True,0
12:14:55.665,6,0.011552155017852783,0.0,0.00212808302603662,-0.009938061237335205,True,0
12:14:56.056,5,0.016480088233947754,0.00029052773606963456,-0.00044879119377583265,-0.019708778709173203,True,0
12:14:56.062,6,0.011498570442199707,0.0016524934908375144,0.0006648180424235761,0.07903505116701126,True,0
12:14:56.438,5,0.016398370265960693,0.0,-0.00018020423885900527,0.013283992186188698,True,0
12:14:56.444,6,0.011849075555801392,0.0,0.0006442672456614673,-0.015353988856077194,True,0
12:14:56.817,5,0.01631215214729309,0.0005636312998831272,0.0008882781257852912,0.018638385459780693,True,0
12:14:56.832,6,0.011651039123535156,0.0,0.0029988361056894064,0.008740551769733429,True,0
12:14:57.208,5,0.015848994255065918,0.0033025729935616255,0.0027263364754617214,-0.008597582578659058,True,0
12:14:57.219,6,0.012457191944122314,0.0026538155507296324,0.003032128792256117,0.0171150341629982,True,0
12:14:57.597,5,0.016421884298324585,0.0,-0.0010668375762179494,0.027978790923953056,True,0
12:14:57.606,6,0.011817604303359985,0.00011608345084823668,2.253597995149903e-05,0.0016965954564511776,True,0
12:14:57.985,5,0.016407370567321777,0.0003503914922475815,-0.00010642049892339855,0.047860633581876755,True,0
12:14:57.991,6,0.012050926685333252,0.0,0.0017393319867551327,0.0001193871721625328,True,0
12:14:58.356,5,0.01671135425567627,0.0,0.0004286002949811518,0.04604385048151016,True,0
12:14:58.362,6,0.012030273675918579,0.0,6.117978773545474e-05,0.0022792061790823936,True,0
12:14:58.724,5,0.01649022102355957,0.0,-0.0006740805110894144,0.001454995945096016,True,0
12:14:58.732,6,0.011459320783615112,0.0001191289775306359,0.0005223554326221347,-0.04593180865049362,True,0
12:14:59.089,5,0.016873538494110107,0.0006711281021125615,0.0009303072583861649,0.05807073041796684,True,0
12:14:59.095,6,0.011881321668624878,0.00022443928173743188,-0.0007685164455324411,-0.03452886641025543,True,0
12:14:59.472,5,0.015703052282333374,0.002297757426276803,0.004301781766116619,-0.005802314728498459,True,0
12:14:59.479,6,0.011493802070617676,0.0,0.00027768558356910944,-0.008679680526256561,True,0
12:14:59.865,5,0.016279995441436768,0.0003577681491151452,-0.00023417110787704587,0.03819639980792999,True,0
12:14:59.873,6,0.011930197477340698,0.0010847486555576324,0.0005397326895035803,-7.570534944534302e-05,True,0
12:15:00.272,5,0.016775697469711304,0.00042541511356830597,0.0005298207979649305,0.031457509845495224,True,0
12:15:00.283,6,0.011557012796401978,0.0,-0.0004762523458339274,0.025704223662614822,True,0
12:15:00.664,5,0.01680147647857666,7.036355236778036e-05,0.0007593243499286473,-0.02637511119246483,True,0
12:15:00.670,6,0.011608511209487915,0.0,0.0002827335265465081,-0.03770012408494949,True,0
12:15:01.050,5,0.016991227865219116,0.0011950040934607387,-0.0022077858448028564,0.08588023483753204,True,0
12:15:01.056,6,0.01187184453010559,0.00010598486551316455,6.340950494632125e-05,-0.004041340202093124,True,0
12:15:01.436,5,0.016088247299194336,0.0,0.000806283438578248,0.047227539122104645,True,0
12:15:01.443,6,0.011593103408813477,0.0011446643620729446,-0.00034136921749450266,-0.02766309306025505,True,0
12:15:01.830,5,0.015513598918914795,0.00021593799465335906,0.00010304397437721491,-0.0400034599006176,True,0
12:15:01.836,6,0.0116557776927948,0.0005443322006613016,7.712834485573694e-05,-0.037198808044195175,True,0
12:15:02.214,5,0.016261041164398193,0.0022634966298937798,-0.0012241589138284326,-0.018532047048211098,True,0
12:15:02.224,6,0.011676877737045288,0.0024535134434700012,-0.0002602304157335311,0.026058219373226166,True,0
12:15:02.593,5,0.0165291428565979,0.0,-0.0001397168089170009,0.041523899883031845,True,0
12:15:02.606,6,0.011701256036758423,0.0,-0.0003471978707239032,-0.05469025298953056,True,0
12:15:02.978,5,0.016841411590576172,0.0,-0.0006859108107164502,0.06782498955726624,True,0
12:15:02.985,6,0.011415928602218628,0.0,0.0008385709952563047,-0.025036733597517014,True,0
12:15:03.349,5,0.01689070463180542,0.0014423169195652008,-0.0006369188777171075,0.013501286506652832,True,0
12:15:03.356,6,0.011933594942092896,0.00017899383965414017,-9.446796866541263e-06,0.0273478664457798,True,0
12:15:03.718,5,0.016764014959335327,0.0,-8.447928848909214e-05,0.039329610764980316,True,0
12:15:03.725,6,0.01198628544807434,0.0005502801504917443,0.00044823295320384204,0.007806617766618729,True,0
12:15:04.084,5,0.017140597105026245,0.0,0.0014757504686713219,0.020366735756397247,True,0
12:15:04.090,6,0.011694908142089844,0.0005855091148987412,4.668951441999525e-05,-0.0064850118942558765,True,0
12:15:04.478,5,0.016693562269210815,0.0,-3.7216889268165687e-06,-0.003178168088197708,True,0
12:15:04.485,6,0.01154586672782898,0.0,0.002748766215518117,0.0337185338139534,True,0
12:15:04.861,5,0.0166550874710083,0.0009641385404393077,-4.259432171238586e-05,-0.021057114005088806,True,0
12:15:04.867,6,0.011744320392608643,0.00042478833347558975,3.98913944081869e-05,0.0491294339299202,True,0
12:15:05.243,5,0.01554960012435913,0.00550276692956686,0.0013400510651990771,0.024206513538956642,True,0
12:15:05.250,6,0.012039154767990112,0.0008987454348243773,0.0007589010638184845,0.03440968692302704,True,0
12:15:05.625,5,0.017355918884277344,2.9103830456733704e-11,0.007450954057276249,0.06001407280564308,True,0
12:15:05.636,6,0.01170375943183899,0.0,0.00026345186051912606,0.0037800476420670748,True,0
12:15:06.004,5,0.016899913549423218,0.0013577018398791552,0.003018410177901387,0.008246306329965591,True,0
12:15:06.013,6,0.011858910322189331,0.0,0.0007741775480099022,0.058422401547431946,True,0
12:15:06.421,5,0.015956252813339233,0.00020729564130306244,0.0026491289027035236,-0.019392838701605797,True,0
12:15:06.428,6,0.01206141710281372,0.0,-0.0007201638072729111,-0.017310427501797676,True,0
12:15:06.799,5,0.016060739755630493,0.0018844518344849348,-0.000312731513986364,0.013797348365187645,True,0
12:15:06.806,6,0.011819839477539062,0.00013072536967229098,3.702571120811626e-05,0.04675174504518509,True,0
12:15:07.174,5,0.01699480414390564,0.001149198622442782,-0.0015234138118103147,-0.04126042127609253,True,0
12:15:07.181,6,0.011879056692123413,-1.4551915228366852e-11,0.0002722164790611714,0.029003098607063293,True,0
12:15:07.547,5,0.01602756977081299,0.0032700281590223312,0.00330461491830647,-0.02521073818206787,True,0
12:15:07.553,6,0.011513620615005493,0.0036332716699689627,-0.0019885916262865067,-0.006208479404449463,True,0
12:15:07.915,5,0.016744256019592285,0.00032961476244963706,0.0003813806688413024,0.05709025263786316,True,0
12:15:07.922,6,0.011251091957092285,0.0032424700912088156,0.003532072063535452,0.011295203119516373,True,0
12:15:08.306,5,0.016817599534988403,0.0,0.00026620732387527823,0.04332470893859863,True,0
12:15:08.314,6,0.011693507432937622,0.0030898689292371273,-0.0005370937869884074,-0.04146336019039154,True,0
12:15:08.700,5,0.01637527346611023,0.0004794146225322038,7.925700629130006e-05,-0.03324485942721367,True,0
12:15:08.706,6,0.011897951364517212,0.00037023567711003125,3.392707367311232e-05,0.016852866858243942,True,0
12:15:09.084,5,0.01662585139274597,7.275957614183426e-12,0.00012848521873820573,0.005478021688759327,True,0
12:15:09.091,6,0.012033700942993164,0.00039670284604653716,0.00028215532074682415,-0.026802122592926025,True,0
12:15:09.474,5,0.01682204008102417,0.0007457175524905324,0.0009012737427838147,0.06022762879729271,True,0
12:15:09.480,6,0.011842727661132812,8.711257396498695e-05,-0.00042842747643589973,0.058569684624671936,True,0
12:15:09.862,5,0.016573667526245117,0.0,5.580222932621837e-05,-0.029099225997924805,True,0
12:15:09.869,6,0.01179245114326477,0.0001394697610521689,-7.859612378524616e-05,0.02587760053575039,True,0
12:15:10.245,5,0.016689062118530273,0.0005196814308874309,-0.0006164673250168562,-0.01729678176343441,True,0
12:15:10.255,6,0.01183900237083435,0.0,-0.0002972084912471473,0.025120995938777924,True,0
12:15:10.626,5,0.016138851642608643,0.0,-0.0014356538886204362,0.016921089962124825,True,0
12:15:10.633,6,0.01184767484664917,-1.4551915228366852e-11,-0.0010527593549340963,0.04624204337596893,True,0
12:15:11.003,5,0.016160398721694946,0.0005272649577818811,0.004702011588960886,0.019429141655564308,True,0
12:15:11.010,6,0.011819511651992798,0.0002734693989623338,-0.0001632843050174415,-0.02232203260064125,True,0
12:15:11.378,5,0.0170290470123291,0.0,0.001119472784921527,0.021644355729222298,True,0
12:15:11.385,6,0.0117587149143219,0.0,6.81457604514435e-05,-0.024637902155518532,True,0
12:15:11.750,5,0.016535073518753052,9.81791818048805e-05,7.730342622380704e-05,-0.017825227230787277,True,0
12:15:11.758,6,0.011237949132919312,-5.820766091346741e-11,0.002665876876562834,0.02589394897222519,True,0
12:15:12.119,5,0.016186952590942383,0.004096867982298136,0.0005680242902599275,-0.03309575095772743,True,0
12:15:12.125,6,0.011684566736221313,0.0,0.0005296393646858633,-0.032757021486759186,True,0
12:15:12.512,5,0.016688495874404907,0.001249194028787315,0.00040422152960672975,0.007724344730377197,True,0
12:15:12.519,6,0.012046635150909424,0.0011818006169050932,-0.00025817734422162175,0.0007781246677041054,True,0
12:15:12.903,5,0.01649606227874756,0.00041415460873395205,-6.66169507894665e-05,0.021140411496162415,True,0
12:15:12.909,6,0.011637955904006958,0.00036448807804845273,-0.0009371779160574079,0.01852140761911869,True,0
12:15:13.282,5,0.017212599515914917,0.003371006576344371,-0.0003680222143884748,0.06991822272539139,True,0
12:15:13.288,6,0.011615186929702759,0.0,-0.00027688886621035635,-0.036700475960969925,True,0
12:15:13.674,5,0.01672378182411194,-1.1641532182693481e-10,0.00037753311335109174,-0.006094109266996384,True,0
12:15:13.680,6,0.011629194021224976,0.0,1.8643695511855185e-05,0.02050059661269188,True,0
12:15:14.062,5,0.016388148069381714,0.0,0.003733061719685793,0.046303268522024155,True,0
12:15:14.068,6,0.011890381574630737,0.0007690389174968004,-3.861329605570063e-05,0.009940437972545624,True,0
12:15:14.458,5,0.016606539487838745,0.0,-0.0013409104431048036,0.01770850457251072,True,0
12:15:14.466,6,0.011928141117095947,0.0,0.0006570519180968404,-0.04240863770246506,True,0
12:15:14.842,5,0.015753865242004395,0.007855210453271866,1.6202649533170188e-07,-0.02219993993639946,True,0
12:15:14.854,6,0.011806100606918335,0.00041215395322069526,-0.0008875197963789105,-0.004938997328281403,True,0
12:15:15.222,5,0.016207069158554077,0.0,-0.00018080441805068403,-0.014577464200556278,True,0
12:15:15.228,6,0.011859089136123657,0.00019244427676312625,-0.0005053467466495931,-0.03213703632354736,True,0
12:15:15.595,5,0.016294628381729126,0.0,-0.0003531371185090393,0.03522663563489914,True,0
12:15:15.602,6,0.011585712432861328,0.0,-0.0001381663023494184,0.01601852849125862,True,0
12:15:15.966,5,0.01664590835571289,6.877796840853989e-05,-0.00012382594286464155,0.037268370389938354,True,0
12:15:15.972,6,0.011926859617233276,0.0001184163338621147,-5.2384719310794026e-05,0.0007742308080196381,True,0
12:15:16.337,5,0.016703903675079346,0.0,0.0006933207623660564,-0.025156548246741295,True,0
12:15:16.343,6,0.012006878852844238,3.826350803137757e-05,0.0007763173198327422,0.02405441552400589,True,0
12:15:16.705,5,0.016182363033294678,0.0,0.0004719753342214972,-0.04988715425133705,True,0
12:15:16.713,6,0.011117219924926758,5.0312213716097176e-05,0.0017663149628788233,-0.012568604201078415,True,0
12:15:17.107,5,0.016815364360809326,0.0,0.0003589674015529454,0.0018621794879436493,True,0
12:15:17.116,6,0.011594027280807495,0.0019071354763582349,-0.00030184979550540447,-0.022210948169231415,True,0
12:15:17.503,5,0.016356199979782104,0.0009599484037607908,0.0012125276261940598,0.030491415411233902,True,0
12:15:17.510,6,0.011604726314544678,0.000667643966153264,0.0006250620353966951,0.06013602763414383,True,0
12:15:17.894,5,0.01673370599746704,0.0,0.00013597386714536697,-2.9299408197402954e-05,True,0
12:15:17.902,6,0.011384040117263794,0.0,0.0020301416516304016,-0.030740726739168167,True,0
12:15:18.290,5,0.016005337238311768,0.0,0.000809579505585134,-0.007205000147223473,True,0
12:15:18.297,6,0.01184922456741333,0.00032330441172234714,7.267054797921446e-07,-0.02956753596663475,True,0
12:15:18.684,5,0.01629623770713806,0.003774263197556138,-0.00016986348782666028,0.023656591773033142,True,0
12:15:18.690,6,0.011714309453964233,5.820766091346741e-11,-0.0001559938827995211,0.0527423694729805,True,0
12:15:19.084,5,0.016344130039215088,0.0037977786269038916,0.0005067980382591486,-0.0296605434268713,True,0
12:15:19.091,6,0.011679112911224365,4.162593904766254e-05,0.001117528066970408,-0.026278061792254448,True,0
12:15:19.465,5,0.01612931489944458,0.0,0.0002258389868075028,-0.056361135095357895,True,0
12:15:19.472,6,0.011868804693222046,6.362717249430716e-05,2.6475894628674723e-05,0.034340422600507736,True,0
12:15:19.840,5,0.016873806715011597,0.00016985814727377146,0.0025468175299465656,-0.025696247816085815,True,0
12:15:19.854,6,0.011961966753005981,0.00029663447639904916,-0.00039565737824887037,0.006546448450535536,True,0
12:15:20.231,5,0.016460269689559937,0.0,0.0016286778263747692,-0.01998108997941017,True,0
12:15:20.239,6,0.011602282524108887,7.00273594702594e-05,0.0006820242269895971,-0.034605156630277634,True,0
12:15:20.628,5,0.01696920394897461,0.0036337480414658785,0.0005732331774197519,0.0619107261300087,True,0
12:15:20.634,6,0.01141434907913208,0.0,2.0522902559605427e-05,0.0498582124710083,True,0
12:15:21.007,5,0.016163885593414307,0.0040135690942406654,0.003884789301082492,-0.007763408124446869,True,0
12:15:21.014,6,0.011730760335922241,0.0,-0.0004509604477789253,-0.010068792849779129,True,0
12:15:21.379,5,0.01663920283317566,-5.820766091346741e-11,-2.1418683900265023e-05,-0.016521625220775604,True,0
12:15:21.386,6,0.011765807867050171,0.00023342634085565805,1.7753412976162508e-05,0.022658348083496094,True,0
12:15:21.748,5,0.016599178314208984,5.32410922460258e-05,-0.0001330404047621414,-0.055694885551929474,True,0
12:15:21.754,6,0.011974424123764038,0.0005086533492431045,8.173402602551505e-05,-0.028633352369070053,True,0
12:15:22.113,5,0.016381382942199707,0.002278998028486967,-0.0010478890035301447,-0.028279175981879234,True,0
12:15:22.120,6,0.011706054210662842,0.0,0.001942177303135395,-0.008504431694746017,True,0
12:15:22.500,5,0.01680693030357361,0.0,-0.0003885182086378336,-0.027930444106459618,True,0
12:15:22.507,6,0.011904597282409668,0.0012742106337100267,-0.0008440329693257809,-0.009556885808706284,True,0
12:15:22.892,5,0.017276883125305176,1.4551915228366852e-11,0.003689474193379283,0.003045976860448718,True,0
12:15:22.899,6,0.011863172054290771,0.0007354429690167308,0.00032936775824055076,0.004453280940651894,True,0
12:15:23.282,5,0.017442256212234497,0.0010135882766917348,-0.0009585315710864961,-0.012047719210386276,True,0
12:15:23.289,6,0.011938422918319702,0.0,-0.0014363809023052454,0.04337301105260849,True,0
12:15:23.671,5,0.0167122483253479,0.000934146752115339,0.0007921673241071403,-0.018512984737753868,True,0
12:15:23.679,6,0.011674851179122925,0.00025090447161346674,-5.358909038477577e-05,0.003516707569360733,True,0
12:15:24.064,5,0.01681619882583618,5.7582114095566794e-05,-0.0005716142477467656,0.04135560616850853,True,0
12:15:24.071,6,0.011349469423294067,0.0,0.0014232976827770472,-0.0196687001734972,True,0
12:15:24.453,5,0.016783416271209717,0.002215002663433552,0.00240866607055068,0.03599788621068001,True,0
12:15:24.460,6,0.011607348918914795,0.0002799275971483439,3.412070145714097e-05,0.03551080450415611,True,0
12:15:24.852,5,0.017166823148727417,0.000194137726793997,0.00046060685417614877,-0.030766543000936508,True,0
12:15:24.859,6,0.01155361533164978,1.3023739484196994e-05,-0.0002332153671886772,0.022520005702972412,True,0
12:15:25.228,5,0.01673048734664917,0.0,0.0005985087482258677,0.04916398227214813,True,0
12:15:25.242,6,0.011961698532104492,0.0,-1.589233761478681e-05,-0.007220536936074495,True,0
12:15:25.610,5,0.016206085681915283,0.0009649619460105896,0.00010649361502146348,-0.03144451975822449,True,0
12:15:25.617,6,0.011852741241455078,3.487034700810909e-05,0.00039864948485046625,0.02321907877922058,True,0
12:15:25.982,5,0.016682088375091553,0.0,0.0008222092874348164,0.017324786633253098,True,0
12:15:25.988,6,0.011248916387557983,0.0009335210779681802,0.00318554206751287,0.029660407453775406,True,0
12:15:26.351,5,0.016960084438323975,0.00024636276066303253,-0.0001819794561015442,0.04020852595567703,True,0
12:15:26.358,6,0.011714398860931396,0.0,-1.5660370991099626e-05,-0.0319332517683506,True,0
12:15:26.717,5,0.016504883766174316,0.0,-0.0003286645223852247,0.004187285900115967,True,0
12:15:26.724,6,0.012700110673904419,0.0031737014651298523,0.0031140495557338,0.01823319122195244,True,0
12:15:27.104,5,0.016537249088287354,1.7309212125837803e-05,0.00027340586530044675,-0.00688578374683857,True,0
12:15:27.113,6,0.01141059398651123,0.0,1.2312919352552854e-05,-0.000300433486700058,True,0
12:15:27.489,5,0.01642310619354248,0.0009774054633453488,-3.870579166687094e-05,-0.006730992347002029,True,0
12:15:27.496,6,0.011727362871170044,0.0,6.217765076144133e-06,0.0508442260324955,True,0
12:15:27.875,5,0.016236692667007446,0.0010372763499617577,3.500155435176566e-05,-0.04180110618472099,True,0
12:15:27.882,6,0.012079328298568726,0.0004148972511757165,0.00030755935586057603,0.008554891683161259,True,0
12:15:28.260,5,0.01655462384223938,0.0,0.00040213242755271494,-0.0014803786762058735,True,0
12:15:28.266,6,0.011794954538345337,0.00011807272676378489,1.650375997996889e-05,0.0001112520694732666,True,0
12:15:28.650,5,0.016584068536758423,0.0,-0.0007240582490339875,-0.00028207525610923767,True,0
12:15:28.659,6,0.011592566967010498,0.00016891962150111794,-2.0350371414679103e-05,0.03388329967856407,True,0
12:15:29.032,5,0.016584157943725586,0.0010987407295033336,-0.00013468755059875548,0.03179508075118065,True,0
12:15:29.043,6,0.011728525161743164,9.655858593760058e-05,7.45990255381912e-05,0.0008843652904033661,True,0
12:15:29.411,5,0.016479551792144775,0.0,4.6435423428192735e-05,-0.04348740354180336,True,0
12:15:29.417,6,0.011335879564285278,0.0,-0.0017529688775539398,0.0166034959256649,True,0
12:15:29.783,5,0.017155557870864868,0.00241951085627079,0.0008027179865166545,0.028530851006507874,True,0
12:15:29.790,6,0.012014418840408325,0.0008720238110981882,-0.0003078471345361322,-0.04429406300187111,True,0
12:15:30.153,5,0.016050398349761963,0.0015540049644187093,-0.0005045828293077648,0.003740014275535941,True,0
12:15:30.160,6,0.011853992938995361,0.0,-0.00026223386521451175,-0.009452730417251587,True,0
12:15:30.521,5,0.016201525926589966,0.0,8.654566045152023e-05,0.05015988647937775,True,0
12:15:30.528,6,0.011695712804794312,0.0,0.0008278699242509902,0.020141081884503365,True,0
12:15:30.898,5,0.015943259000778198,0.001716023893095553,0.0005272416747175157,0.007996097207069397,True,0
12:15:30.905,6,0.011628299951553345,0.0004233467916492373,-0.00012261641677469015,0.03143157809972763,True,0
12:15:31.288,5,0.01641947031021118,0.0005545039311982691,0.00046334395301528275,-0.012166215106844902,True,0
12:15:31.296,6,0.011637657880783081,0.0005370854050852358,-0.00030447327299043536,0.0054695457220077515,True,0
12:15:31.688,5,0.01632988452911377,2.3766813683323562e-05,-0.001064219744876027,-0.0023712236434221268,True,0
12:15:31.695,6,0.011673331260681152,0.0,0.00016397068975493312,-0.001246824860572815,True,0
12:15:32.077,5,0.01691526174545288,0.0003639607166405767,0.0012323749251663685,0.021838031709194183,True,0
12:15:32.084,6,0.01147681474685669,0.0011352431029081345,7.573585753561929e-05,0.021537868306040764,True,0
12:15:32.468,5,0.016203343868255615,0.0005931665655225515,0.0013458762550726533,-0.04828200489282608,True,0
12:15:32.475,6,0.0119076669216156,0.0,-0.0001433515571989119,-0.03338734433054924,True,0
12:15:32.872,5,0.017136365175247192,0.00041077123023569584,0.0022055329754948616,0.06572277843952179,True,0
12:15:32.879,6,0.011665314435958862,0.0007240691338665783,-0.0002005348214879632,-0.024758189916610718,True,0
12:15:33.270,5,0.016968607902526855,0.0,0.00090036477195099,0.015841757878661156,True,0
12:15:33.278,6,0.011742979288101196,0.00023971419432200491,-0.0004359618469607085,-0.024925708770751953,True,0
12:15:33.664,5,0.016614019870758057,7.275957614183426e-12,-0.00027717812918126583,0.008677778765559196,True,0
12:15:33.672,6,0.011972039937973022,0.0007495752070099115,0.0017844866961240768,-0.013413175009191036,True,0
12:15:34.050,5,0.015850037336349487,0.0002674248826224357,-0.0010183572303503752,0.012018755078315735,True,0
12:15:34.056,6,0.011803805828094482,0.0,0.0002024163113674149,-0.004007776267826557,True,0
12:15:34.425,5,0.016278713941574097,0.0003163863730151206,-0.00032103018020279706,0.01251688227057457,True,0
12:15:34.450,6,0.011752128601074219,0.0,0.00011535618978086859,0.016965938732028008,True,0
12:15:34.821,5,0.0171949565410614,0.0,0.0008637065766379237,-0.008731033653020859,True,0
12:15:34.834,6,0.011624425649642944,0.00012112726108171046,-0.0005331231513991952,-0.004007082432508469,True,0
12:15:35.202,5,0.016392558813095093,0.0,0.00011935955262742937,0.025164028629660606,True,0
12:15:35.209,6,0.011767178773880005,0.0,0.00016189739108085632,0.021869709715247154,True,0
12:15:35.574,5,0.01640087366104126,1.5275436453521252e-06,-0.0001316399429924786,-0.03818249702453613,True,0
12:15:35.581,6,0.011890500783920288,0.0,0.00039354944601655006,0.0013703033328056335,True,0
12:15:35.952,5,0.01656895875930786,0.0,-0.0010872948914766312,-0.026658544316887856,True,0
12:15:35.959,6,0.011794745922088623,0.0,-3.499519152683206e-05,0.027464870363473892,True,0
12:15:36.324,5,0.01648774743080139,0.0005866200663149357,0.0007233329815790057,0.04089229926466942,True,0
12:15:36.331,6,0.011931419372558594,0.0,0.0005341452197171748,-0.017873525619506836,True,0
12:15:36.693,5,0.01634010672569275,0.0,-0.00026496400823816657,-0.01971050724387169,True,0
12:15:36.700,6,0.012248396873474121,4.841126792598516e-05,0.0016706973547115922,-0.007811659947037697,True,0
12:15:37.091,5,0.01672491431236267,-1.8189894035458565e-12,-8.140192221617326e-05,-0.013063997030258179,True,0
12:15:37.100,6,0.011760026216506958,0.0008358600316569209,-0.00023965895525179803,0.0150877321138978,True,0
12:15:37.487,5,0.016705423593521118,0.00016588889411650598,0.00021648603433277458,-0.024969637393951416,True,0
12:15:37.493,6,0.011658132076263428,0.0,-5.1889477617805824e-05,-0.017873568460345268,True,0
12:15:37.878,5,0.01637399196624756,0.0,-0.00029921013629063964,0.02059367299079895,True,0
12:15:37.884,6,0.011987775564193726,0.0,0.0009278249344788492,0.05199971795082092,True,0
12:15:38.262,5,0.01765650510787964,0.0006821429706178606,-0.00015342481492552906,-0.018016641959547997,True,0
12:15:38.269,6,0.01174822449684143,0.0,0.00031636422500014305,-0.012166300788521767,True,0
12:15:38.652,5,0.016536802053451538,0.0,-0.00010184683924308047,-0.05198933556675911,True,0
12:15:38.660,6,0.01149943470954895,1.9926662844227394e-06,0.0004228728939779103,0.03209064155817032,True,0
12:15:39.057,5,0.016976386308670044,0.0,-0.00080788106424734,-0.018845897167921066,True,0
12:15:39.064,6,0.012296319007873535,0.0,0.0012914469698444009,-0.004414236173033714,True,0
12:15:39.462,5,0.01684868335723877,0.0,-6.041917004040442e-06,-0.024073012173175812,True,0
12:15:39.469,6,0.011788517236709595,0.0005285725346766412,1.2087588402209803e-05,-0.04113686829805374,True,0
12:15:39.842,5,0.01642632484436035,8.709626126801595e-05,-5.8724512200569734e-05,-0.015645982697606087,True,0
12:15:39.849,6,0.011468768119812012,0.00010759741417132318,-4.9580063205212355e-05,0.0022399500012397766,True,0
12:15:40.226,5,0.01637861132621765,0.0,-2.834856331901392e-06,-0.029093947261571884,True,0
12:15:40.244,6,0.0117855966091156,0.0002901329135056585,7.026926323305815e-05,-0.0056727793999016285,True,0
12:15:40.618,5,0.01682266592979431,0.0011045532301068306,0.0005394263425841928,-0.006010100245475769,True,0
12:15:40.625,6,0.012103348970413208,0.0006871746736578643,-1.1712034392985515e-05,0.009156845510005951,True,0
12:15:40.998,5,0.016138970851898193,0.0001676222454989329,0.00012619452900253236,-0.05108390748500824,True,0
12:15:41.005,6,0.011716276407241821,4.947585694026202e-05,-0.0005813654861412942,-0.01883350871503353,True,0
12:15:41.373,5,0.016476094722747803,0.0,0.002474704058840871,-0.005663145333528519,True,0
12:15:41.381,6,0.011783987283706665,0.00011537202226463705,0.0015943627804517746,0.019753066822886467,True,0
12:15:41.747,5,0.016732215881347656,0.0,-0.00013422933989204466,-0.0006173541769385338,True,0
12:15:41.754,6,0.011489063501358032,0.001191948540508747,0.000589077768381685,0.0575246699154377,True,0
12:15:42.118,5,0.01636683940887451,0.00013276223035063595,0.00015034059470053762,0.019963020458817482,True,0
12:15:42.125,6,0.011815369129180908,0.00029346911469474435,-5.00649139212328e-06,0.024225231260061264,True,0
12:15:42.486,5,0.016485244035720825,0.0,-0.0018418210092931986,0.02640327624976635,True,0
12:15:42.493,6,0.011886775493621826,-7.275957614183426e-12,-0.0012382628628984094,-0.01319970190525055,True,0
12:15:42.885,5,0.016623228788375854,0.0018885208992287517,3.123574424535036e-05,-0.021047230809926987,True,0
12:15:42.892,6,0.012058943510055542,0.0009135091677308083,-0.00027531167143024504,-0.008780363947153091,True,0
12:15:43.274,5,0.016305625438690186,0.0005758925690315664,0.0013722388539463282,-0.010002968832850456,True,0
12:15:43.281,6,0.011949807405471802,0.0,8.34942256915383e-05,0.024569017812609673,True,0
12:15:43.664,5,0.016128838062286377,0.0,0.002577985869720578,0.017202649265527725,True,0
12:15:43.672,6,0.011609256267547607,1.4551915228366852e-11,-0.00012425694148987532,-0.031230676919221878,True,0
12:15:44.060,5,0.016942739486694336,0.0,0.00011185802577529103,-0.01660163886845112,True,0
12:15:44.067,6,0.011823892593383789,0.00014991684292908758,-1.5405250451294705e-05,0.03221668675541878,True,0
12:15:44.463,5,0.017078787088394165,-2.9103830456733704e-11,0.004367047920823097,0.051571961492300034,True,0
12:15:44.470,6,0.011485815048217773,0.0,0.0015876489924266934,0.002322815591469407,True,0
12:15:44.852,5,0.016212046146392822,0.0,0.0019594391342252493,-0.006665388122200966,True,0
12:15:44.860,6,0.011347919702529907,0.0,-0.0010342703899368644,-0.004418413620442152,True,0
12:15:45.236,5,0.01628139615058899,0.00029490605811588466,0.0027816579677164555,0.03878765180706978,True,0
12:15:45.243,6,0.011699795722961426,0.0,-0.0001647739700274542,0.013742104172706604,True,0
12:15:45.611,5,0.016141295433044434,0.003563451813533902,0.0002738200419116765,0.024461865425109863,True,0
12:15:45.617,6,0.01174113154411316,0.0,0.00026800920022651553,0.008192718029022217,True,0
12:15:45.987,5,0.01622036099433899,0.0,1.3879751350032166e-05,-0.045698750764131546,True,0
12:15:45.994,6,0.011819601058959961,1.942957896972075e-05,-0.0001918346679303795,0.014449797570705414,True,0
12:15:46.379,5,0.016883879899978638,0.0,0.0010298826964572072,-0.04955225810408592,True,0
12:15:46.389,6,0.01160740852355957,0.00011351605644449592,-2.0394674720591865e-05,0.02447693794965744,True,0
12:15:46.753,5,0.015998661518096924,0.00018776499200612307,-0.0006713300826959312,0.022286836057901382,True,0
12:15:46.761,6,0.012148112058639526,0.0006904753390699625,-0.0001972079335246235,0.009501655586063862,True,0
12:15:47.125,5,0.01590624451637268,0.0,0.0033082275185734034,0.032073941081762314,True,0
12:15:47.132,6,0.011449337005615234,0.0010792295215651393,0.002523001516237855,-0.006867477670311928,True,0
12:15:47.503,5,0.01656612753868103,0.0,0.00010560778173385188,0.03259634971618652,True,0
12:15:47.512,6,0.012298882007598877,0.0,0.0008546538301743567,0.02931714430451393,True,0
12:15:47.895,5,0.01641973853111267,0.00032446187105961144,0.00016309584316331893,0.0236949622631073,True,0
12:15:47.905,6,0.011659175157546997,0.0,0.00017771212151274085,-0.015785954892635345,True,0
12:15:48.286,5,0.016522645950317383,0.0007762174936942756,0.0004546721756923944,0.057876043021678925,True,0
12:15:48.293,6,0.012001454830169678,0.00016524619422852993,0.0013172879116609693,0.016209371387958527,True,0
12:15:48.675,5,0.016219913959503174,0.0,-0.0006843727314844728,0.013151347637176514,True,0
12:15:48.682,6,0.011825352907180786,0.0,4.780074596055783e-05,-0.025264061987400055,True,0
12:15:49.069,5,0.01646125316619873,0.0,0.0007203120039775968,-0.0028685517609119415,True,0
12:15:49.076,6,0.01202121376991272,0.0014164570020511746,-2.220639908045996e-05,0.02935302071273327,True,0
12:15:49.454,5,0.016860216856002808,0.00025406398344784975,0.0009940657764673233,0.042497552931308746,True,0
12:15:49.461,6,0.011913090944290161,8.095480006886646e-05,-1.1620656550803687e-05,0.012934950180351734,True,0
12:15:49.847,5,0.016652435064315796,0.0004631503252312541,-0.0008801085641607642,0.007140669971704483,True,0
12:15:49.854,6,0.011911451816558838,-1.1641532182693481e-10,6.65246125208796e-06,-0.003927240148186684,True,0
12:15:50.232,5,0.01621425151824951,0.0012329643359407783,-0.00039215292781591415,0.013553336262702942,True,0
12:15:50.242,6,0.011885881423950195,0.0,-0.00030192453414201736,0.007831290364265442,True,0
12:15:50.611,5,0.016636252403259277,0.001761975814588368,5.5324362620012835e-05,0.049786683171987534,True,0
12:15:50.618,6,0.011791974306106567,0.0033279508352279663,-0.00010470760753378272,-0.03535493463277817,True,0
12:15:50.983,5,0.016954630613327026,0.0005535866366699338,0.0015297081554308534,0.04083595797419548,True,0
12:15:50.990,6,0.011455774307250977,0.0007439582841470838,0.001460167346522212,0.026486152783036232,True,0
12:15:51.354,5,0.016614079475402832,0.0,-0.0005880692624486983,0.03583475947380066,True,0
12:15:51.360,6,0.011470377445220947,0.0014516356168314815,-0.00010340144945075735,0.04046103358268738,True,0
12:15:51.721,5,0.016397088766098022,0.00033422737033106387,0.00035632410435937345,0.007784198969602585,True,0
12:15:51.728,6,0.012245386838912964,0.0,-0.0011009583249688148,-0.014670134522020817,True,0
12:15:52.094,5,0.01644754409790039,0.00014932951307855546,-0.00012188163964310661,-0.048563987016677856,True,0
12:15:52.101,6,0.011654019355773926,0.0,1.585708378115669e-05,0.043344490230083466,True,0
12:15:52.485,5,0.01694008708000183,6.589756958419457e-05,-0.00026324071222916245,-0.008594047278165817,True,0
12:15:52.491,6,0.011756569147109985,0.00015223410446196795,-4.932259253109805e-05,0.02350170724093914,True,0
12:15:52.882,5,0.0164889395236969,0.0,1.011535459838342e-05,0.002445090562105179,True,0
12:15:52.890,6,0.011866867542266846,6.070031668059528e-05,0.0005712744314223528,0.00728297233581543,True,0
12:15:53.276,5,0.015622377395629883,2.3283064365386963e-10,0.0015839918050915003,0.06729342043399811,True,0
12:15:53.283,6,0.011955678462982178,0.0007090118015184999,-0.0021420049015432596,0.03399636596441269,True,0
12:15:53.667,5,0.01662498712539673,0.0,0.0006446852930821478,-0.00593123584985733,True,0
12:15:53.674,6,0.01158931851387024,3.325288707856089e-05,-0.0005597619456239045,0.0016185324639081955,True,0
12:15:54.056,5,0.016342610120773315,0.0003224308602511883,-8.64640787767712e-06,-0.03261968493461609,True,0
12:15:54.062,6,0.011559337377548218,0.0,0.0002036265068454668,-0.00968201458454132,True,0
12:15:54.454,5,0.016694605350494385,0.00024633947759866714,7.804494089214131e-06,0.046068400144577026,True,0
12:15:54.460,6,0.011918574571609497,1.632962084840983e-05,-0.0002967652108054608,0.027110779657959938,True,0
12:15:54.839,5,0.016010165214538574,0.0,0.002788843121379614,-0.01868268847465515,True,0
12:15:54.846,6,0.011363327503204346,0.00037690787576138973,0.0008896610233932734,-0.017065249383449554,True,0
12:15:55.227,5,0.01628592610359192,0.0,-7.306820043595508e-05,0.0033703865483403206,True,0
12:15:55.234,6,0.012080192565917969,0.0,0.0007747318013571203,-0.016993878409266472,True,0
12:15:55.602,5,0.017017096281051636,0.0,0.002656475640833378,0.041715383529663086,True,0
12:15:55.608,6,0.012001663446426392,0.0004164816637057811,-0.0003812343056779355,-0.025744128972291946,True,0
12:15:55.978,5,0.016110777854919434,0.0,0.0031445068307220936,0.05940708518028259,True,0
12:15:55.985,6,0.011898428201675415,0.00016318594862241298,3.7413152313092723e-05,0.044725824147462845,True,0
12:15:56.349,5,0.016728490591049194,0.0,0.00018068809004034847,-0.0026280097663402557,True,0
12:15:56.357,6,0.011505544185638428,0.0,-0.002469095401465893,-0.021346192806959152,True,0
12:15:56.728,5,0.016360938549041748,1.4551915228366852e-11,0.00014965682930778712,0.03130055591464043,True,0
12:15:56.736,6,0.011823892593383789,8.99345559446374e-06,-1.6422180124209262e-05,-0.002057146281003952,True,0
12:15:57.101,5,0.0159759521484375,0.0008346313843503594,0.00047890556743368506,-0.012862859293818474,True,0
12:15:57.107,6,0.011831969022750854,0.0,4.550329322228208e-05,0.011544862762093544,True,0
12:15:57.479,5,0.015855461359024048,0.0017124192090705037,-0.0008752403664402664,0.011892680078744888,True,0
12:15:57.485,6,0.011589258909225464,0.0005699439789168537,0.0006213982705958188,-0.041274476796388626,True,0
12:15:57.868,5,0.01698601245880127,0.0,-0.00044583354610949755,-0.022661319002509117,True,0
12:15:57.874,6,0.01203078031539917,0.0026129349134862423,0.00011036324576707557,0.05023624747991562,True,0
12:15:58.249,5,0.01577773690223694,0.0013344138860702515,0.009178435429930687,-0.10045915842056274,True,0
12:15:58.256,6,0.011542648077011108,0.0002982054720632732,0.000763196381740272,0.009111307561397552,True,0
12:15:58.655,5,0.0167086124420166,0.0008863488910719752,-2.9891387384850532e-05,0.04681744799017906,True,0
12:15:58.662,6,0.011463522911071777,0.0,0.00026318899472244084,-0.004431210458278656,True,0
12:15:59.047,5,0.016457855701446533,0.001150516327470541,0.0002118862612405792,-0.033032648265361786,True,0
12:15:59.054,6,0.012083888053894043,0.00037697007064707577,-0.00037340723793022335,-0.011645674705505371,True,0
12:15:59.437,5,0.0164012610912323,0.003459205850958824,0.0009705891134217381,0.02911335788667202,True,0
12:15:59.444,6,0.011582046747207642,0.0,-0.00015365687431767583,-0.029399652034044266,True,0
12:15:59.825,5,0.016650766134262085,0.002013177378103137,0.0014524075668305159,0.08119840174913406,True,0
12:15:59.834,6,0.011625796556472778,0.0005189389339648187,-0.00037854362744838,0.025270961225032806,True,0
12:16:00.232,5,0.01694515347480774,1.5892743249423802e-05,-0.0016106130788102746,-0.06393024325370789,True,0
12:16:00.238,6,0.012188881635665894,0.0005254093557596207,-0.0007337458082474768,-0.013180840760469437,True,0
12:16:00.616,5,0.01641380786895752,0.0,0.00013398745795711875,0.0490608811378479,True,0
12:16:00.623,6,0.01159021258354187,0.00013258490071166307,3.771088449866511e-05,0.007986960932612419,True,0
12:16:00.991,5,0.014713287353515625,0.008038905449211597,0.008686376735568047,0.0023932084441184998,True,0
12:16:00.997,6,0.012182623147964478,2.9103830456733704e-11,-0.0005599458236247301,0.022305618971586227,True,0
12:16:01.363,5,0.01662561297416687,9.596971358405426e-05,0.00017828680574893951,0.04281484708189964,True,0
12:16:01.370,6,0.011569231748580933,0.0006528303492814302,0.00042660385952331126,-0.03659658133983612,True,0
12:16:01.741,5,0.016746342182159424,0.0006147432141005993,0.00017276288417633623,0.0016654618084430695,True,0
12:16:01.748,6,0.011959314346313477,9.653741290094331e-05,-0.00010541194933466613,0.010763292200863361,True,0
12:16:02.122,5,0.01643139123916626,0.0,-0.0008914550999179482,0.06774844229221344,True,0
12:16:02.128,6,0.011763274669647217,0.0005227045621722937,-8.87540136318421e-06,0.017128601670265198,True,0
12:16:02.487,5,0.016896814107894897,0.0,0.001483085216023028,0.027565889060497284,True,0
12:16:02.494,6,0.011836856603622437,0.0,0.000832706515211612,-0.001025564968585968,True,0
12:16:02.886,5,0.01659885048866272,1.4839679352007806e-05,0.00028748129261657596,-0.012405969202518463,True,0
12:16:02.895,6,0.011477530002593994,0.0001281346194446087,0.0006035443511791527,-0.002223755232989788,True,0
12:16:03.284,5,0.01659134030342102,0.00029640994034707546,-4.118058495805599e-05,0.004985511302947998,True,0
12:16:03.294,6,0.011788785457611084,0.0016009013634175062,-0.0005643819458782673,-0.015622024424374104,True,0
12:16:03.679,5,0.016087383031845093,0.0010549292201176286,0.0029649618081748486,-0.04495444521307945,True,0
12:16:03.685,6,0.01184585690498352,3.132483107037842e-05,-0.0005737457540817559,0.032970014959573746,True,0
12:16:04.058,5,0.016238480806350708,0.002065710024908185,-0.0002586803457234055,0.09269946068525314,True,0
12:16:04.065,6,0.011995464563369751,0.0,0.0006312978221103549,0.03868144750595093,True,0
12:16:04.453,5,0.017122238874435425,0.0,0.0006328682065941393,0.03295820951461792,True,0
12:16:04.460,6,0.011796385049819946,0.0013843502383679152,0.00014824426034465432,0.019826145842671394,True,0
12:16:04.838,5,0.01669207215309143,0.0,-0.00017046720313373953,-0.001573719084262848,True,0
12:16:04.845,6,0.011565357446670532,0.0005780692445114255,0.0009049584623426199,0.04459085315465927,True,0
12:16:05.212,5,0.01698148250579834,0.0,-0.0015961379976943135,-0.009278399869799614,True,0
12:16:05.225,6,0.011781960725784302,0.00021302615641616285,-0.00025269784964621067,0.051853589713573456,True,0
12:16:05.596,5,0.01530146598815918,0.010553562082350254,7.273914525285363e-05,0.007590679917484522,True,0
12:16:05.602,6,0.011597543954849243,0.0002666886430233717,-4.64113982161507e-05,-0.030016779899597168,True,0
12:16:05.981,5,0.016786515712738037,0.0014194255927577615,0.00018117993022315204,0.006354762241244316,True,0
12:16:05.991,6,0.012345939874649048,0.0019274097867310047,-0.0004026945389341563,0.02688729017972946,True,0
12:16:06.363,5,0.017238348722457886,0.0,0.0003410253266338259,-0.027226556092500687,True,0
12:16:06.370,6,0.01170504093170166,1.0470546840224415e-05,0.0002034404460573569,-0.011477424763143063,True,0
12:16:06.737,5,0.016987383365631104,0.0004353260446805507,-0.00036319816717877984,-0.0030853785574436188,True,0
12:16:06.743,6,0.011805862188339233,4.966963751940057e-05,1.3896203654439887e-06,0.008967351168394089,True,0
12:16:07.113,5,0.016566187143325806,0.0007304521277546883,0.0005683339550159872,0.016779571771621704,True,0
12:16:07.120,6,0.011554509401321411,0.0,0.0001379808527417481,-0.0020999377593398094,True,0
12:16:07.491,5,0.015644550323486328,0.0,0.006810100749135017,0.0023156609386205673,True,0
12:16:07.497,6,0.012062877416610718,0.0022390095982700586,0.002166807185858488,0.011741600930690765,True,0
12:16:07.886,5,0.016079574823379517,0.0,-0.0007091343868523836,-0.0032037911005318165,True,0
12:16:07.893,6,0.0117264986038208,0.0,0.00040559741319157183,0.027700483798980713,True,0
12:16:08.267,5,0.016281694173812866,0.0,-0.001025382080115378,0.002753511071205139,True,0
12:16:08.274,6,0.011501401662826538,0.0,-0.0004759056610055268,-0.007098916918039322,True,0
12:16:08.665,5,0.016512036323547363,0.000883276981767267,0.0009323286940343678,0.026241380721330643,True,0
12:16:08.672,6,0.011758893728256226,0.0,-0.0001072471059160307,-0.05716860666871071,True,0
12:16:09.053,5,0.016646206378936768,0.0,0.0014626509509980679,0.021906040608882904,True,0
12:16:09.060,6,0.011393249034881592,0.0,-0.0009497256833128631,-0.026320805773139,True,0
12:16:09.448,5,0.015530198812484741,0.0037434734404087067,-0.002610528375953436,-0.02907709777355194,True,0
12:16:09.455,6,0.011612415313720703,0.00046743059647269547,-0.0002181896852562204,-0.023665178567171097,True,0
12:16:09.836,5,0.017079174518585205,0.0,-0.0014056595973670483,0.010626074858009815,True,0
12:16:09.843,6,0.011595159769058228,0.0,0.0009836788522079587,0.07499560713768005,True,0
12:16:10.222,5,0.015839993953704834,0.00015747282304801047,0.004001458641141653,0.016674939543008804,True,0
12:16:10.235,6,0.011697381734848022,2.9103830456733704e-11,0.0007039470365270972,0.04252331331372261,True,0
12:16:10.602,5,0.017148107290267944,0.0,0.0003311692562419921,0.03991314023733139,True,0
12:16:10.609,6,0.011552512645721436,0.0022047122474759817,0.0011262939078733325,-0.015227288007736206,True,0
12:16:10.976,5,0.015955686569213867,0.0007210680050775409,0.002096368232741952,0.05436527356505394,True,0
12:16:10.983,6,0.011766284704208374,0.0,-0.00042982419836334884,-0.02176813781261444,True,0
12:16:11.360,5,0.016254961490631104,0.0,-0.0010468033142387867,0.03735744580626488,True,0
12:16:11.370,6,0.011784613132476807,0.00013994824257679284,2.8105110686738044e-05,-0.0111461840569973,True,0
12:16:11.736,5,0.015576392412185669,0.0017250626115128398,-0.0011976145906373858,-0.0006352828349918127,True,0
12:16:11.743,6,0.011763304471969604,0.0007916021859273314,-1.5932185988276615e-06,-0.005003172904253006,True,0
12:16:12.107,5,0.01630416512489319,0.0,-0.00013244479487184435,-0.003484351560473442,True,0
12:16:12.114,6,0.01175534725189209,8.677224104758352e-05,-5.818421777803451e-05,0.026427127420902252,True,0
12:16:12.493,5,0.015833646059036255,0.004023619461804628,0.002630893373861909,-0.004656084813177586,True,0
12:16:12.500,6,0.011708438396453857,0.0007785896304994822,-0.0003128166135866195,0.0162734966725111,True,0
12:16:12.887,5,0.015836477279663086,0.002798908855766058,0.002389180473983288,0.035276055335998535,True,0
12:16:12.894,6,0.01138085126876831,6.258668145164847e-05,-2.2391683160094544e-05,-0.014068631455302238,True,0
12:16:13.279,5,0.01564726233482361,0.003084012074396014,-0.0008492522756569088,-0.0129560437053442,True,0
12:16:13.288,6,0.011939048767089844,1.7264879716094583e-05,0.00019243205315433443,0.008992092683911324,True,0
12:16:13.685,5,0.017525315284729004,0.008426472544670105,0.004454260226339102,0.05781245604157448,True,0
12:16:13.693,6,0.011734992265701294,0.0,-0.00020661384041886777,0.009591974318027496,True,0
12:16:14.078,5,0.01592239737510681,0.0,-2.8873713745269924e-05,5.101785063743591e-05,True,0
12:16:14.084,6,0.01152259111404419,0.00018898185226134956,0.0004551984020508826,0.021094635128974915,True,0
12:16:14.475,5,0.016056150197982788,0.0,0.0021870050113648176,0.02977384440600872,True,0
12:16:14.481,6,0.012313753366470337,0.0011691576801240444,-0.0005741579225286841,0.0321703776717186,True,0
12:16:14.866,5,0.017328649759292603,0.0004547801800072193,0.0010219657560810447,-0.04321557283401489,True,0
12:16:14.874,6,0.012043923139572144,0.0,0.00030603003688156605,-0.003061749041080475,True,0
12:16:15.265,5,0.01573893427848816,0.00190051831305027,0.0027012217324227095,0.027280312031507492,True,0
12:16:15.272,6,0.012042224407196045,0.0,0.0007611359469592571,0.013023832812905312,True,0
12:16:15.651,5,0.015774637460708618,0.0,0.0028382681775838137,0.028557147830724716,True,0
12:16:15.658,6,0.0114193856716156,0.0,0.00017531754565425217,-0.005855686962604523,True,0
12:16:16.044,5,0.016857564449310303,0.0,-0.0001954270846908912,-0.019340621307492256,True,0
12:16:16.051,6,0.011716336011886597,2.0908408259856515e-05,-2.7749125365517102e-05,0.020347479730844498,True,0
12:16:16.417,5,0.017045646905899048,0.0006648600101470947,0.00017363675578963012,-0.029165279120206833,True,0
12:16:16.430,6,0.011680155992507935,0.0009835914243012667,0.00037362141301855445,-0.0020229406654834747,True,0
12:16:16.803,5,0.01704654097557068,0.001532072201371193,0.0026545911096036434,0.013635274022817612,True,0
12:16:16.810,6,0.01150462031364441,9.38421580940485e-05,3.5191387723898515e-05,-0.005805440247058868,True,0
12:16:17.181,5,0.016945451498031616,0.0,-0.0008720385376363993,0.008715931326150894,True,0
12:16:17.187,6,0.011900395154953003,1.2928590876981616e-05,-0.00021454600209835917,-0.028669070452451706,True,0
12:16:17.555,5,0.016626417636871338,0.0005576945841312408,0.0022877047304064035,-0.005837682634592056,True,0
12:16:17.562,6,0.011715948581695557,0.0009709933656267822,-1.925656761159189e-05,0.02966400980949402,True,0
12:16:17.926,5,0.01671123504638672,0.0,0.00021305072004906833,0.028476232662796974,True,0
12:16:17.932,6,0.0118161141872406,0.0,0.0004901898209936917,-0.03162045031785965,True,0
12:16:18.299,5,0.01666465401649475,0.0001797313743736595,-4.30122236139141e-05,-0.025595054030418396,True,0
12:16:18.306,6,0.011619597673416138,0.00019981057266704738,-4.943508611177094e-05,-0.0063206348568201065,True,0
12:16:18.696,5,0.017017871141433716,0.0007276447140611708,0.0018770716851577163,0.040474601089954376,True,0
12:16:18.702,6,0.011329859495162964,7.153348997235298e-05,0.0015039029531180859,-0.03976868465542793,True,0
12:16:19.081,5,0.0168759822845459,0.00013393344124779105,0.00236087990924716,0.020628852769732475,True,0
12:16:19.088,6,0.012000679969787598,0.0006898986757732928,-0.0003191540017724037,0.01592983677983284,True,0
12:16:19.473,5,0.01657053828239441,0.0012205236125737429,1.5278337741619907e-05,-0.01811039075255394,True,0
12:16:19.480,6,0.01155167818069458,0.0,-0.001765727298334241,0.009489481337368488,True,0
12:16:19.861,5,0.016730457544326782,0.0009033107780851424,-3.815231684711762e-05,-0.05881662666797638,True,0
12:16:19.869,6,0.011614441871643066,0.0007389372913166881,-4.320246443967335e-05,-0.02824060246348381,True,0
12:18:56.164,5,0.015866965055465698,0.0,0.0,0.0006309474119916558,False,0
12:18:56.171,6,0.01183617115020752,0.0,0.0,-0.02115357294678688,False,0
12:18:56.547,5,0.016272395849227905,0.0,0.0,0.0006309474119916558,False,0
12:18:56.553,6,0.01156473159790039,0.0,0.0,-0.02115357294678688,False,0
12:18:56.926,5,0.01581794023513794,0.0,0.0,0.0006309474119916558,False,0
12:18:56.933,6,0.011875182390213013,0.0,0.0,-0.02115357294678688,False,0
12:18:57.305,5,0.015527337789535522,0.0,0.0,0.0006309474119916558,False,0
12:18:57.312,6,0.011795401573181152,0.0,0.0,-0.02115357294678688,False,0
12:18:57.695,5,0.015674233436584473,0.0,0.0,0.0006309474119916558,False,0
12:18:57.702,6,0.011918842792510986,0.0,0.0,-0.02115357294678688,False,0
12:18:58.070,5,0.015309780836105347,0.0,0.0,0.0006309474119916558,False,0
12:18:58.077,6,0.011701613664627075,0.0,0.0,-0.02115357294678688,False,0
12:18:58.450,5,0.015380442142486572,0.0,0.0,0.0006309474119916558,False,0
12:18:58.457,6,0.011644691228866577,0.0,0.0,-0.02115357294678688,False,0
12:18:58.825,5,0.016035228967666626,0.0,0.0,0.0006309474119916558,False,0
12:18:58.831,6,0.011898040771484375,0.0,0.0,-0.02115357294678688,False,0
12:18:59.211,5,0.015962719917297363,0.0,0.0,0.0006309474119916558,False,0
12:18:59.220,6,0.011932343244552612,0.0,0.0,-0.02115357294678688,False,0
12:18:59.602,5,0.01544123888015747,0.0,0.0,0.0006309474119916558,False,0
12:18:59.609,6,0.011498302221298218,0.0,0.0,-0.02115357294678688,False,0
12:18:59.979,5,0.0157792866230011,0.0,0.0,0.0006309474119916558,False,0
12:18:59.988,6,0.011771172285079956,0.0,0.0,-0.02115357294678688,False,0
12:19:00.357,5,0.015632152557373047,0.0,0.0,0.0006309474119916558,False,0
12:19:00.363,6,0.011599987745285034,0.0,0.0,-0.02115357294678688,False,0
12:19:00.729,5,0.015626966953277588,0.0,0.0,0.0006309474119916558,False,0
12:19:00.738,6,0.011870920658111572,0.0,0.0,-0.02115357294678688,False,0
12:19:01.105,5,0.015634477138519287,0.0,0.0,0.0006309474119916558,False,0
12:19:01.112,6,0.011956363916397095,0.0,0.0,-0.02115357294678688,False,0
12:19:01.486,5,0.015465587377548218,0.0,0.0003188549599144608,-0.005607733502984047,True,0
12:19:01.493,6,0.011840790510177612,0.0,0.0,-0.02115357294678688,False,0
12:19:01.864,5,0.01642933487892151,0.0038602144923061132,-0.0009979686001315713,0.023766377940773964,True,0
12:19:01.871,6,0.011686831712722778,0.00011739772889995947,-0.00015378277748823166,-0.009297877550125122,True,0
12:19:02.240,5,0.015833526849746704,0.0007677141111344099,-2.785714423225727e-05,-0.013585086911916733,True,0
12:19:02.248,6,0.011984676122665405,-1.1641532182693481e-10,-0.00046127958921715617,-0.004479642957448959,True,0
12:19:02.631,5,0.015310704708099365,0.0,1.9191291357856244e-05,0.005626101046800613,True,0
12:19:02.638,6,0.011666715145111084,0.0,0.0007331529050134122,0.037799589335918427,True,0
12:19:03.030,5,0.01456722617149353,0.01177897397428751,0.005536125972867012,-0.029562175273895264,True,0
12:19:03.038,6,0.01139211654663086,0.0,-0.00019470663391985,0.011893427930772305,True,0
12:19:03.429,5,0.015616357326507568,0.0005043087294325233,0.0006627269322052598,0.009094386361539364,True,0
12:19:03.438,6,0.01142004132270813,1.5983494449756108e-05,4.6409943024627864e-05,-0.03875870257616043,True,0
12:19:03.825,5,0.01604631543159485,0.0002487192687112838,0.0002237770240753889,0.008435076102614403,True,0
12:19:03.832,6,0.011709064245223999,0.0,-0.00044746408821083605,0.0346548892557621,True,0
12:19:04.221,5,0.015773087739944458,1.0674141776689794e-05,7.859539618948475e-05,0.037616707384586334,True,0
12:19:04.230,6,0.011633157730102539,2.9103830456733704e-11,9.046278864843771e-05,0.011739946901798248,True,0
12:19:04.619,5,0.016032516956329346,0.0001633881329325959,-0.0010643528075888753,0.03534889966249466,True,0
12:19:04.626,6,0.011624753475189209,0.00011184009053977206,-0.0007312058587558568,0.006003471557050943,True,0
12:19:05.001,5,0.015558838844299316,0.0004181083932053298,0.00021141085017006844,0.015449348837137222,True,0
12:19:05.008,6,0.011332422494888306,0.0,5.037041046307422e-05,0.011294041760265827,True,0
12:19:05.390,5,0.015443354845046997,-3.637978807091713e-12,0.00017186377954203635,-0.02543739229440689,True,0
12:19:05.397,6,0.011333942413330078,0.001178523525595665,0.0004761753953061998,0.011531349271535873,True,0
12:19:05.791,5,0.015209764242172241,0.0005051640328019857,0.001865372876636684,0.025297870859503746,True,0
12:19:05.797,6,0.01127922534942627,0.00042350261355750263,-0.00030750612495467067,-0.02608456090092659,True,0
12:19:06.179,5,0.01579800248146057,0.000620865379460156,-0.0010012044804170728,0.02283969707787037,True,0
12:19:06.186,6,0.011466294527053833,0.0,0.0010004786308854818,0.013798704370856285,True,0
12:19:06.570,5,0.015781283378601074,2.1985702858273726e-07,0.0005892766639590263,-0.014009186998009682,True,0
12:19:06.583,6,0.011373072862625122,0.0,9.078392031369731e-05,0.0076270997524261475,True,0
12:19:06.969,5,-0.026148438453674316,0.0019657763186842203,-0.0024956059642136097,-0.034804973751306534,True,0
12:19:06.976,6,-0.03154313564300537,0.0009853171650320292,-0.0021280713845044374,-0.01904355362057686,True,0
12:19:07.349,5,-0.1185770332813263,0.0,-0.00016459685866720974,0.01310381293296814,True,0
12:19:07.368,6,-0.12105211615562439,0.0009894550312310457,0.0016675976803526282,-0.009033989161252975,True,0
12:19:07.739,5,0.11659020185470581,0.0012673685560002923,0.0018350171158090234,-0.04401719570159912,True,0
12:19:07.746,6,0.11523047089576721,0.0,-0.0026924542617052794,-0.002522345632314682,True,0
12:19:08.134,5,0.12564176321029663,8.916165825212374e-05,0.0006565304356627166,0.04939812421798706,True,0
12:19:08.141,6,0.12410613894462585,0.0,-0.0004606550792232156,-0.0117945596575737,True,0
12:19:08.525,5,0.12515568733215332,0.0,-0.0006459441501647234,0.013776926323771477,True,0
12:19:08.532,6,0.12477540969848633,0.0,3.1460975151276216e-05,-0.021282043308019638,True,0
12:19:08.904,5,0.12594008445739746,0.0014402144588530064,0.0002690291730687022,0.012797162868082523,True,0
12:19:08.910,6,0.12718641757965088,0.002098595956340432,0.0031469862442463636,-0.030976135283708572,True,0
12:19:09.285,5,0.6133857369422913,0.011741071939468384,-0.0009618903859518468,0.012079566717147827,True,0
12:19:09.292,6,0.6330249905586243,0.008940627798438072,-0.0017231474630534649,0.0065362704917788506,True,0
12:19:09.659,5,1.3392813205718994,0.0016056238673627377,-0.006474917754530907,0.005179990082979202,True,0
12:19:09.666,6,1.3437753915786743,0.0,0.020131094381213188,0.007174511905759573,True,0
12:19:10.042,5,1.4574084281921387,0.004370707552880049,0.002067773137241602,0.025420289486646652,True,0
12:19:10.049,6,1.4572324752807617,0.001287946943193674,0.00025047597591765225,0.01608172617852688,True,0
12:19:10.428,5,1.6611690521240234,0.0,-0.008560801856219769,0.0638461709022522,True,0
12:19:10.438,6,1.672907829284668,0.002852022647857666,-0.0032541523687541485,0.026536669582128525,True,0
12:19:10.821,5,2.121795892715454,0.0,-0.001548083033412695,0.018160119652748108,True,0
12:19:10.827,6,2.1178035736083984,-1.1641532182693481e-10,-0.00042628924711607397,0.04568373039364815,True,0
12:19:11.215,5,2.123943328857422,0.0008739347686059773,5.7075823860941455e-05,0.009048079140484333,True,0
12:19:11.222,6,2.1202025413513184,4.031896605738439e-05,-0.0002676778822205961,-0.0468636192381382,True,0
12:19:11.609,5,2.1228952407836914,0.004259935580193996,0.007719119545072317,0.06065979599952698,True,0
12:19:11.615,6,2.1198360919952393,0.0005599564174190164,0.00042441298137418926,0.029912224039435387,True,0
12:19:12.001,5,2.1237244606018066,0.00020049969316460192,-0.00019305206660646945,-0.026032306253910065,True,0
12:19:12.007,6,2.1199183464050293,0.0017306746449321508,-0.0001997331710299477,-0.021892769262194633,True,0
12:19:12.397,5,2.1239094734191895,0.0,-0.000265127862803638,0.03647847846150398,True,0
12:19:12.404,6,2.1201469898223877,0.0,-0.000285991292912513,-0.04228130355477333,True,0
12:19:12.781,5,2.123274087905884,0.0023709391243755817,0.006782693322747946,-0.018291739746928215,True,0
12:19:12.788,6,2.1201436519622803,0.0,9.655340363678988e-06,-0.07037457078695297,True,0
12:19:13.176,5,2.123438596725464,0.0030062072910368443,-0.0003627778496593237,0.03817128390073776,True,0
12:19:13.182,6,2.1204440593719482,0.0,4.745488695334643e-05,-0.01537884771823883,True,0
12:19:13.559,5,2.123950481414795,0.0,0.00022602910757996142,0.045487478375434875,True,0
12:19:13.569,6,2.11983323097229,0.0,-0.0012340276734903455,-0.0035219956189393997,True,0
12:19:13.944,5,2.1232619285583496,0.0016357238637283444,0.004722861107438803,-0.011891327798366547,True,0
12:19:13.951,6,2.1203269958496094,7.275957614183426e-12,0.00025294325314462185,0.002092398703098297,True,0
12:19:14.331,5,2.1238062381744385,0.00247733062133193,1.8811910194926895e-05,-0.0020649991929531097,True,0
12:19:14.339,6,2.1201794147491455,0.00012063886970281601,0.0004074052267242223,0.009967430494725704,True,0
12:19:14.709,5,2.1232194900512695,0.0,0.0011150960344821215,0.0042974092066287994,True,0
12:19:14.718,6,2.120303153991699,0.000711513333953917,-0.0003682628448586911,-0.026459872722625732,True,0
12:19:15.096,5,2.1238090991973877,0.0006589469267055392,1.8554044800112024e-05,6.803451105952263e-05,True,0
12:19:15.102,6,2.1199913024902344,0.001116388477385044,-0.00013447609671857208,-0.05848515033721924,True,0
12:19:15.481,5,2.12392258644104,-7.275957614183426e-12,0.0004830305988434702,-0.07345959544181824,True,0
12:19:15.491,6,2.12050724029541,0.0,2.599826757432311e-06,0.023809565231204033,True,0
12:19:15.858,5,2.262239456176758,0.0004072089504916221,0.000769783859141171,0.02667141705751419,True,0
12:19:15.865,6,2.259634017944336,0.0005536519456654787,0.0016351864906027913,-0.011682333424687386,True,0
12:19:16.228,5,2.894498586654663,0.029784146696329117,0.0515468530356884,-0.004364322870969772,True,0
12:19:16.234,6,2.9069507122039795,0.014371469616889954,0.027755293995141983,0.06699945032596588,True,0
12:19:16.614,5,3.6037049293518066,0.0044323052279651165,0.011755958199501038,0.00755733996629715,True,0
12:19:16.622,6,3.615201473236084,0.02067776955664158,-0.0010186592116951942,0.016357239335775375,True,0
12:19:17.002,5,4.110256195068359,0.007680719718337059,0.00022060189803596586,0.0313817635178566,True,0
12:19:17.010,6,4.107540607452393,0.0012575522996485233,-0.00022448934032581747,-0.025991758331656456,True,0
12:19:17.400,5,4.34214448928833,0.0,-0.0008792583830654621,0.030123304575681686,True,0
12:19:17.407,6,4.340327739715576,0.00016841002798173577,-4.416799856699072e-05,0.0077226730063557625,True,0
12:19:17.795,5,4.5972514152526855,0.003268764354288578,0.0001405821822118014,0.03529352322220802,True,0
12:19:17.804,6,4.595623016357422,0.0008133270894177258,0.0003057721187360585,0.01590515673160553,True,0
12:19:18.196,5,4.928285598754883,0.0015863267472013831,0.0004167177830822766,0.043717123568058014,True,0
12:19:18.202,6,4.925732135772705,0.0003871812950819731,0.001961123663932085,0.008212078362703323,True,0
12:19:18.587,5,5.07257604598999,4.656612873077393e-10,-0.006185826845467091,0.01277963723987341,True,0
12:19:18.594,6,5.078454494476318,0.0,-0.0012268711579963565,-0.04765144735574722,True,0
12:19:18.979,5,5.223916530609131,0.0006047149072401226,0.00011225502385059372,-0.022147435694932938,True,0
12:19:18.987,6,5.219277858734131,7.025723607512191e-05,-4.839122266275808e-05,-0.00504712900146842,True,0
12:19:19.369,5,5.224883079528809,0.0004290973593015224,-0.0005352900479920208,0.06221980229020119,True,0
12:19:19.377,6,5.219676971435547,8.351898577529937e-05,0.0008099109982140362,-0.020707104355096817,True,0
12:19:19.764,5,5.473296642303467,0.013442687690258026,-0.0034077027812600136,0.038383599370718,True,0
12:19:19.771,6,5.479472637176514,0.0,0.0009492201497778296,0.0646817609667778,True,0
12:19:20.153,5,5.504209995269775,0.0,0.005999911110848188,-0.01348553504794836,True,0
12:19:20.160,6,5.500615119934082,4.210313818475697e-06,-2.1181778109280458e-08,0.029236553236842155,True,0
12:19:20.558,5,5.594447135925293,0.0,-0.004753610119223595,-0.00975755974650383,True,0
12:19:20.566,6,5.598842620849609,0.0,0.006645704619586468,0.060004837810993195,True,0
12:19:20.947,5,5.738720417022705,0.008636454120278358,0.00435631163418293,-0.016192935407161713,True,0
12:19:20.956,6,5.741362571716309,0.006412270478904247,0.006927923299372196,0.10084091871976852,True,0
12:19:21.330,5,5.965240478515625,0.0,0.0019001839682459831,0.015560624189674854,True,0
12:19:21.337,6,5.963855743408203,0.0,0.0002358841011300683,-0.01014510914683342,True,0
12:19:21.723,5,6.143747806549072,0.0,0.0018491278169676661,0.04299984872341156,True,0
12:19:21.730,6,6.138941764831543,0.0,-0.001454824348911643,-0.005866434425115585,True,0
12:19:22.113,5,6.320356845855713,0.0029379120096564293,0.0016103676753118634,-0.008664991706609726,True,0
12:19:22.120,6,6.321282863616943,0.006746077910065651,0.0025397655554115772,0.08007980138063431,True,0
12:19:22.489,5,6.501448154449463,0.008879013359546661,-0.009015196934342384,0.007857128977775574,True,0
12:19:22.495,6,6.502880096435547,0.014633310958743095,0.003253159113228321,-0.04836304485797882,True,0
12:19:22.862,5,6.602691650390625,0.0,-0.003653445979580283,0.04330352321267128,True,0
12:19:22.868,6,6.603291034698486,0.00019552078447304666,0.0010461166966706514,0.0670699030160904,True,0
12:19:23.239,5,6.627583980560303,-2.9103830456733704e-11,0.004432235844433308,0.02779248170554638,True,0
12:19:23.245,6,6.629229545593262,0.0,-0.0006091016111895442,0.04491042345762253,True,0
12:19:23.615,5,6.725033283233643,0.0030728348065167665,-0.002376021584495902,-0.03686980530619621,True,0
12:19:23.622,6,6.7213873863220215,0.0,-0.0011589268688112497,0.07390236109495163,True,0
12:19:24.008,5,6.800459861755371,0.0,-0.002015617908909917,0.017491763457655907,True,0
12:19:24.015,6,6.797939300537109,0.004636176396161318,0.0060441335663199425,0.026623230427503586,True,0
12:19:24.398,5,6.860286235809326,7.348008239205228e-06,-0.0005223310436122119,0.07221031934022903,True,0
12:19:24.405,6,6.857601642608643,3.44867876265198e-05,0.0012394412187859416,-0.02494914084672928,True,0
12:19:24.796,5,6.874288082122803,0.001189229660667479,0.00017686736828181893,0.027557242661714554,True,0
12:19:24.802,6,6.869130611419678,0.0009768117452040315,-3.2103627745527774e-05,-0.012882694602012634,True,0
12:19:25.188,5,6.904201030731201,0.0,0.0036362630780786276,0.020339561626315117,True,0
12:19:25.193,6,6.899866104125977,0.0012923306785523891,0.00010286692122463137,0.04049467667937279,True,0
12:19:25.575,5,6.947805404663086,0.0008458215743303299,-0.0012561660259962082,0.018274083733558655,True,0
12:19:25.583,6,6.944190979003906,8.340086787939072e-05,-3.652432496892288e-05,0.0009237192571163177,True,0
12:19:25.961,5,6.9711198806762695,-2.9103830456733704e-11,0.00047469724086113274,0.015371004119515419,True,0
12:19:25.968,6,6.967904090881348,0.0035472356248646975,0.002406872808933258,0.0283956415951252,True,0
12:19:26.354,5,7.007197856903076,7.275957614183426e-12,0.00036874241777695715,0.017302103340625763,True,0
12:19:26.363,6,7.00056266784668,0.00012717438221443444,0.0006244048126973212,0.020568665117025375,True,0
12:19:26.733,5,7.006680965423584,0.0056725479662418365,0.00638407189399004,-0.01332489401102066,True,0
12:19:26.750,6,7.0014567375183105,0.00044316076673567295,-0.00045246584340929985,0.012913661077618599,True,0
12:19:27.128,5,7.007847309112549,5.820766091346741e-11,0.0002274880389450118,-0.006756443530321121,True,0
12:19:27.135,6,7.001301288604736,0.0007026637904345989,0.000641516235191375,0.0004243813455104828,True,0
12:19:27.515,5,7.007795810699463,0.0005095488158985972,-0.0002395045739831403,-0.0055105602368712425,True,0
12:19:27.521,6,7.001242160797119,0.0025077988393604755,0.0012331001926213503,-0.015240933746099472,True,0
12:19:27.899,5,6.939054012298584,-5.820766091346741e-11,0.00021558243315666914,0.0196099691092968,True,0
12:19:27.907,6,6.930347442626953,0.0,8.955840894486755e-05,0.040744803845882416,True,0
12:19:28.274,5,6.961862564086914,0.003367576515302062,0.002152710687369108,0.04203595593571663,True,0
12:19:28.287,6,6.960299015045166,-5.820766091346741e-11,-0.0010581567184999585,0.017052195966243744,True,0
12:19:28.661,5,6.963515758514404,0.0,0.001320939278230071,0.05030534416437149,True,0
12:19:28.669,6,6.961822986602783,0.0,0.00044282377348281443,0.0075372736901044846,True,0
12:19:29.031,5,6.963940143585205,0.003401503199711442,-0.00017929384193848819,0.044503189623355865,True,0
12:19:29.038,6,6.96198844909668,0.0,-0.0001936277694767341,0.00737196858972311,True,0
12:19:29.431,5,6.963867664337158,0.0,0.0002645015192683786,0.025019410997629166,True,0
12:19:29.443,6,6.961607933044434,0.002159739378839731,0.0008758152252994478,0.0202996414154768,True,0
12:19:29.832,5,6.96457576751709,0.0,3.5099259548587725e-05,0.01951567456126213,True,0
12:19:29.839,6,6.961607456207275,0.0003319343086332083,0.0009047903004102409,-0.029067035764455795,True,0
12:19:30.222,5,6.964166641235352,0.00047496071783825755,-0.00042758931522257626,0.004954688251018524,True,0
12:19:30.229,6,6.961713790893555,0.0,-9.908466745400801e-05,-0.009958375245332718,True,0
12:19:30.609,5,6.964391708374023,2.9103830456733704e-11,-0.0008592755766585469,0.0075951977632939816,True,0
12:19:30.616,6,6.9615478515625,0.0,0.0009671791922301054,-0.004585891496390104,True,0
12:19:30.997,5,6.9644880294799805,0.0006273192702792585,0.0002945846936199814,0.037856388837099075,True,0
12:19:31.004,6,6.96172571182251,0.0,-0.0001887756516225636,-0.048473771661520004,True,0
12:19:31.385,5,6.9638142585754395,0.002897551516070962,0.002633902244269848,0.025889286771416664,True,0
12:19:31.392,6,6.961802959442139,0.0004013824218418449,-0.0013128932332620025,0.0253959521651268,True,0
12:19:31.771,5,6.964389801025391,0.000545097456779331,-1.788087331533461e-07,0.01331490557640791,True,0
12:19:31.778,6,6.961727619171143,3.637978807091713e-12,0.00017669936642050743,0.025319047272205353,True,0
12:19:32.148,5,6.963787078857422,0.001100243185646832,-0.0005444802227430046,0.03362363576889038,True,0
12:19:32.176,6,6.96171760559082,0.0010732760420069098,7.447722509823507e-06,-0.004786230623722076,True,0
12:19:32.546,5,6.9638671875,0.0,0.0016350015066564083,0.02961953915655613,True,0
12:19:32.552,6,6.961162567138672,0.00256698252633214,0.0034441903699189425,-0.03585929423570633,True,0
12:19:32.921,5,6.963497638702393,0.0,0.0013706948375329375,0.005043353885412216,True,0
12:19:32.927,6,6.961391448974609,0.0,0.001278818934224546,0.049992118030786514,True,0
12:19:33.294,5,6.964054107666016,0.002084913197904825,0.001237494871020317,0.017553571611642838,True,0
12:19:33.301,6,6.961573123931885,0.0,9.39446035772562e-05,-0.049206532537937164,True,0
12:19:33.666,5,6.963821887969971,0.00027688327827490866,0.0036523090675473213,-0.00995815172791481,True,0
12:19:33.675,6,6.961174488067627,0.0,0.000516693398822099,0.022186895832419395,True,0
12:19:34.038,5,6.963985919952393,0.0009249206632375717,0.00022342198644764721,-0.004048207774758339,True,0
12:19:34.045,6,6.9613261222839355,0.0,-0.00036661274498328567,0.005838179495185614,True,0
12:19:34.419,5,6.9643683433532715,0.003839646466076374,-0.00016787661297712475,0.04509370028972626,True,0
12:19:34.425,6,6.961448669433594,1.5257877748808824e-05,0.0004980771918781102,-0.008904792368412018,True,0
12:19:34.800,5,6.963630199432373,0.0009035277762450278,0.00030344724655151367,-0.0134779904037714,True,0
12:19:34.807,6,6.961214065551758,0.0,0.0013237131061032414,0.020530467852950096,True,0
12:19:35.191,5,6.963073253631592,0.0,0.004673853516578674,-0.016784248873591423,True,0
12:19:35.197,6,6.961360931396484,0.0004314598918426782,0.00014769112749490887,0.010119992308318615,True,0
12:19:35.577,5,6.964001178741455,0.00025774643290787935,-0.00010048330295830965,0.01520736888051033,True,0
12:19:35.584,6,6.960906505584717,0.0007983690011315048,-0.0009258174104616046,0.00791428703814745,True,0
12:19:35.954,5,6.964118957519531,0.004301698878407478,-0.000733239867258817,-0.0013577602803707123,True,0
12:19:35.968,6,6.960681915283203,-5.820766091346741e-11,0.0008688436355441809,0.0030826441943645477,True,0
12:19:36.345,5,6.963877201080322,0.006623252760618925,0.0025352374650537968,-0.015615023672580719,True,0
12:19:36.352,6,6.961141586303711,9.440002031624317e-06,0.00017379452765453607,0.07959476113319397,True,0
12:19:36.733,5,6.963792324066162,0.0008957299869507551,0.00128356518689543,-0.004494803491979837,True,0
12:19:36.740,6,6.960960388183594,0.0,8.147800690494478e-05,-0.019068775698542595,True,0
12:19:37.107,5,6.963861465454102,0.0009163640788756311,4.471744250622578e-05,0.04392019286751747,True,0
12:19:37.114,6,6.960946559906006,9.637662878958508e-05,0.0003324207500554621,-0.011661162599921227,True,0
12:19:37.478,5,6.963214874267578,0.0,0.00785235408693552,0.05351147800683975,True,0
12:19:37.487,6,6.960744857788086,0.0,0.002106662141159177,0.05923386663198471,True,0
12:19:37.852,5,6.964410781860352,0.0,0.0029444245155900717,0.025248829275369644,True,0
12:19:37.859,6,6.9610981941223145,0.0004877044993918389,0.0005544573068618774,-0.029972504824399948,True,0
12:19:38.225,5,6.963834762573242,8.247303776443005e-05,0.00046716260840184987,0.007990248501300812,True,0
12:19:38.232,6,6.960738658905029,0.0,-0.0003180729690939188,0.04941846430301666,True,0
12:19:38.623,5,6.964350700378418,0.0003771745250560343,0.0018062605522572994,0.04922184348106384,True,0
12:19:38.630,6,6.960580348968506,-5.820766091346741e-11,-0.0003849217318929732,0.08522044122219086,True,0
12:19:39.017,5,6.963313102722168,0.0,-0.00235257507301867,-0.0032027901615947485,True,0
12:19:39.024,6,6.960686206817627,0.0,0.00010993961041094735,-0.028822388499975204,True,0
12:19:39.402,5,6.963507175445557,0.007623720448464155,0.0018634781008586287,-0.025024928152561188,True,0
12:19:39.409,6,6.9606146812438965,0.0,9.18171790544875e-05,0.01967516541481018,True,0
12:19:39.788,5,6.963242530822754,0.0027840007096529007,0.000490804435685277,0.003019588068127632,True,0
12:19:39.795,6,6.960331916809082,0.0,-0.0005779577768407762,-0.0021208766847848892,True,0
12:19:40.178,5,6.962989330291748,0.0005889957537874579,0.0019442244665697217,-0.01695123128592968,True,0
12:19:40.184,6,6.960322380065918,0.0003317373339086771,-0.0010750866495072842,-0.0168084017932415,True,0
12:19:40.566,5,6.963509559631348,0.00011725875083357096,0.00024575329734943807,0.030532194301486015,True,0
12:19:40.574,6,6.960585117340088,0.001499116769991815,-0.000389446213375777,-0.014836519956588745,True,0
12:19:40.945,5,6.9631476402282715,0.004160362761467695,6.670694710919634e-05,0.04006068781018257,True,0
12:19:40.951,6,6.960570812225342,0.0,5.466077709570527e-05,0.014908090233802795,True,0
12:19:41.320,5,6.963667392730713,0.0006672546151094139,0.0009118034504354,0.00491182878613472,True,0
12:19:41.329,6,6.960352897644043,0.0,-2.1172003471292555e-05,-0.030393319204449654,True,0
12:19:41.695,5,6.963191032409668,0.0,0.00048040616093203425,-0.03401976078748703,True,0
12:19:41.701,6,6.960124492645264,0.0,-5.0200473197037354e-05,0.048130374401807785,True,0
12:19:42.064,5,6.963561058044434,6.126205698819831e-05,1.224946026923135e-05,-0.026851538568735123,True,0
12:19:42.070,6,6.9602508544921875,0.0,-0.0006054852274246514,0.028268981724977493,True,0
12:19:42.436,5,6.962997913360596,0.0,0.00166852748952806,0.02277762070298195,True,0
12:19:42.444,6,6.960526466369629,2.9103830456733704e-11,-0.0003092219994869083,-0.04121807962656021,True,0
12:19:42.854,5,6.9624924659729,0.0059700049459934235,0.003993291407823563,-0.0032949354499578476,True,0
12:19:42.861,6,6.960245609283447,0.00039109570207074285,-0.0007494828896597028,-0.018541282042860985,True,0
12:19:43.229,5,6.963845252990723,0.0,9.355120710097253e-05,0.023604631423950195,True,0
12:19:43.236,6,6.960198402404785,0.00012808191240765154,-0.0012731315800920129,-4.6975910663604736e-05,True,0
12:19:43.617,5,6.962775707244873,0.0,0.0017980484990403056,0.021717971190810204,True,0
12:19:43.624,6,6.960434436798096,6.800482515245676e-05,-0.00023121382400859147,0.006639175117015839,True,0
12:19:44.006,5,6.963258743286133,0.0,0.00023205294564832002,0.06486466526985168,True,0
12:19:44.013,6,6.960239887237549,0.0,0.0012838857946917415,0.003986997529864311,True,0
12:19:44.401,5,6.962615013122559,0.005687295459210873,0.004934544675052166,-0.037007395178079605,True,0
12:19:44.408,6,6.960016250610352,0.00038361529004760087,-0.0007333439425565302,-0.023155154660344124,True,0
12:19:44.803,5,6.963018417358398,0.0011190229561179876,0.0008103290456347167,0.009695760905742645,True,0
12:19:44.809,6,6.959902763366699,0.0008418808574788272,5.709980905521661e-05,0.011472980491816998,True,0
12:19:45.189,5,6.963588237762451,0.0,4.038241968373768e-06,0.0062416051514446735,True,0
12:19:45.199,6,6.959952354431152,0.00013219023821875453,-0.0005266687367111444,-0.03840607404708862,True,0
12:19:45.582,5,6.964033126831055,0.002444143872708082,0.0018061100272461772,0.04760788753628731,True,0
12:19:45.588,6,6.95974063873291,0.0025503498036414385,-0.0006737715448252857,-0.014460815116763115,True,0
12:19:45.970,5,6.963481426239014,0.0,-0.00023584661539644003,0.019354060292243958,True,0
12:19:45.978,6,6.960228443145752,0.0,0.001444874913431704,0.020703749731183052,True,0
12:19:46.347,5,6.963611602783203,0.001223517581820488,-1.454298308090074e-05,0.05600271746516228,True,0
12:19:46.362,6,6.959687232971191,0.0003086869546677917,0.0003220263170078397,0.012167448177933693,True,0
12:19:46.747,5,6.963478088378906,0.0,0.0010526733240112662,-0.008544265292584896,True,0
12:19:46.756,6,6.9600443840026855,0.0,-0.0002350508439121768,0.003958286717534065,True,0
12:19:47.153,5,6.96360445022583,-3.637978807091713e-12,0.00012045294715790078,-0.005455108359456062,True,0
12:19:47.173,6,6.959650993347168,2.564501301094424e-06,-0.0005088935140520334,-0.020013809204101562,True,0
12:19:47.572,5,6.962747573852539,0.003165670670568943,0.0059980531223118305,-0.009455956518650055,True,0
12:19:47.580,6,6.959726333618164,0.0,0.00017452926840633154,-0.009306143969297409,True,0
12:19:47.948,5,6.963481426239014,0.0,-6.849354394944385e-05,0.021125737577676773,True,0
12:19:47.961,6,6.959842681884766,0.0,0.001064533949829638,-0.02307721972465515,True,0
12:19:48.336,5,6.962395668029785,0.0,0.004167772829532623,-0.028865259140729904,True,0
12:19:48.344,6,6.959637641906738,0.0,0.00047090346924960613,0.010937467217445374,True,0
12:19:48.711,5,6.963344097137451,0.0018285445403307676,3.9419319364242256e-05,0.04594305902719498,True,0
12:19:48.717,6,6.959935665130615,0.00017791725986171514,0.001128713134676218,0.057728324085474014,True,0
12:19:49.082,5,6.964229583740234,0.0010128309950232506,0.0018949100049212575,0.07020191848278046,True,0
12:19:49.090,6,6.959542751312256,0.0,6.154612492537126e-05,-0.04021746292710304,True,0
12:19:49.458,5,6.963691711425781,0.0,-0.00010793428373290226,-0.003948146477341652,True,0
12:19:49.466,6,6.959273338317871,0.0003634991298895329,0.0007368132937699556,0.03533158078789711,True,0
12:19:49.826,5,6.962827682495117,0.002545198891311884,0.0032402542419731617,0.05726473405957222,True,0
12:19:49.833,6,6.959412097930908,0.0001418719330104068,0.00036841980181634426,-0.062142834067344666,True,0
12:19:50.209,5,6.962200164794922,0.00035073887556791306,0.004957825876772404,-0.047759756445884705,True,0
12:19:50.216,6,6.959481716156006,0.0,-2.4896957256714813e-05,0.01930072344839573,True,0
12:19:50.597,5,6.963870048522949,0.0,0.0034682508558034897,0.004268050193786621,True,0
12:19:50.604,6,6.9594316482543945,0.0,2.135806244041305e-05,-0.03587637469172478,True,0
12:19:50.981,5,6.964226722717285,0.0,0.00023538422829005867,-0.020331479609012604,True,0
12:19:50.988,6,6.959444999694824,0.0,0.0018883327720686793,0.006933750119060278,True,0
12:19:51.367,5,6.9641900062561035,0.0020826575346291065,-0.0011934477370232344,-0.016656508669257164,True,0
12:19:51.374,6,6.959299087524414,9.227562986779958e-05,8.386000990867615e-05,-0.012450095266103745,True,0
12:19:51.755,5,6.963080406188965,9.6982839750126e-05,-0.0001841266202973202,0.029890358448028564,True,0
12:19:51.763,6,6.959261417388916,0.0007683314615860581,-7.205923338915454e-06,-0.06417346745729446,True,0
12:19:52.152,5,6.963009834289551,0.0015325658023357391,0.0025931219570338726,-0.04249253123998642,True,0
12:19:52.159,6,6.95894718170166,0.0,0.0021501744631677866,-0.024877995252609253,True,0
12:19:52.529,5,6.963042259216309,0.0005707803065888584,-0.0004339183506090194,-0.04544072598218918,True,0
12:19:52.540,6,6.959352493286133,-2.9103830456733704e-11,0.00016583461547270417,0.033600013703107834,True,0
12:19:52.919,5,6.963257789611816,0.0,3.307466613478027e-05,0.0021787399891763926,True,0
12:19:52.926,6,6.959197044372559,0.00010651854245224968,5.4548465413972735e-05,0.024867184460163116,True,0
12:19:53.305,5,6.963625431060791,0.00013273018703330308,0.0008510681218467653,-0.01939200982451439,True,0
12:19:53.312,6,6.959173202514648,0.0,3.43429965141695e-05,-0.02183462679386139,True,0
12:19:53.699,5,6.962989807128906,0.0008802734082564712,-0.00037040532333776355,0.04061945527791977,True,0
12:19:53.708,6,6.958984851837158,0.0,0.0012930260272696614,0.01607927307486534,True,0
12:19:54.116,5,6.962928771972656,0.001828572480008006,0.0005158777930773795,-0.044768162071704865,True,0
12:19:54.122,6,6.9593400955200195,0.00041027815314009786,0.00017261017637792975,-0.025782190263271332,True,0
12:19:54.490,5,6.962777614593506,0.0003303468693047762,7.698762783547863e-05,-0.036364905536174774,True,0
12:19:54.497,6,6.959421157836914,0.00016167786088772118,0.0012311507016420364,0.0018035359680652618,True,0
12:19:54.862,5,6.962979793548584,0.0,0.0008629309595562518,-0.009720997884869576,True,0
12:19:54.870,6,6.958653450012207,0.0,-0.00011675674613798037,-0.0321035236120224,True,0
12:19:55.236,5,6.962767601013184,0.00013933800801169127,0.0019403957994654775,0.023133140057325363,True,0
12:19:55.245,6,6.958803176879883,0.0,-0.0013866430381312966,-0.03775865584611893,True,0
12:19:55.610,5,6.96306848526001,2.5998015189543366e-05,-0.0013479464687407017,0.023204591125249863,True,0
12:19:55.617,6,6.958983421325684,0.0,-0.0004731586668640375,0.02764316089451313,True,0
12:19:55.997,5,6.962170600891113,0.006913056597113609,0.0046500153839588165,-0.0656428411602974,True,0
12:19:56.004,6,6.959035873413086,0.0,0.00022171903401613235,0.040947671979665756,True,0
12:19:56.380,5,6.962690353393555,0.0011208662763237953,0.0027724800165742636,0.04446740075945854,True,0
12:19:56.388,6,6.958919525146484,0.0,-0.0006278951186686754,-0.002722412347793579,True,0
12:19:56.776,5,6.962414264678955,0.0,0.0021477816626429558,0.012313900515437126,True,0
12:19:56.783,6,6.958934307098389,0.001077932887710631,-0.0006193617009557784,-0.020573336631059647,True,0
12:19:57.159,5,6.962912082672119,0.0006246811826713383,0.0005562944570556283,-0.04064785689115524,True,0
12:19:57.166,6,6.958424091339111,1.9069739209953696e-06,0.0029665173497051,-0.037478744983673096,True,0
12:19:57.550,5,6.963197231292725,0.001533667091280222,-0.0006294800550676882,0.012940742075443268,True,0
12:19:57.557,6,6.958775520324707,2.098363620461896e-05,-6.228341953828931e-05,0.00487368693575263,True,0
12:19:57.928,5,6.963225364685059,1.6982485249172896e-05,0.00029164174338802695,0.017518090084195137,True,0
12:19:57.946,6,6.958744525909424,0.0,-3.732138065970503e-05,-0.004511617124080658,True,0
12:19:58.315,5,6.963039875030518,0.0011146937031298876,0.000516261497978121,-0.04366440698504448,True,0
12:19:58.322,6,6.958627700805664,0.00028463630587793887,6.558297900483012e-05,-0.01084623858332634,True,0
12:19:58.689,5,6.962525844573975,0.0,0.0008098750258795917,-0.0004719942808151245,True,0
12:19:58.696,6,6.958709239959717,0.0,3.819690755335614e-05,-0.04226386919617653,True,0
12:19:59.070,5,6.962597846984863,0.0,0.0015999393071979284,0.018129555508494377,True,0
12:19:59.079,6,6.9587507247924805,0.00015549399540759623,-8.155967225320637e-05,-0.012829907238483429,True,0
12:19:59.462,5,6.962777614593506,0.0,0.00017305620713159442,-0.0036060968413949013,True,0
12:19:59.474,6,6.958553314208984,0.0007294209790416062,-3.419318818487227e-05,0.023729832842946053,True,0
12:19:59.865,5,6.962932109832764,0.00011670088861137629,0.0003151409619022161,0.005621364340186119,True,0
12:19:59.877,6,6.958731174468994,0.0,0.0002980884164571762,-0.010360402055084705,True,0
12:20:00.302,5,6.962069988250732,0.0,0.0012353737838566303,0.0034782439470291138,True,0
12:20:00.315,6,6.958657741546631,0.0,0.0005736822495236993,0.014751382172107697,True,0
12:20:00.720,5,6.962160110473633,0.0,0.0017155022360384464,-0.005594901740550995,True,0
12:20:00.728,6,6.958602428436279,0.004475641995668411,0.003373242449015379,-0.01310431957244873,True,0
12:20:01.125,5,6.962270736694336,0.0,0.002917467849329114,0.032497648149728775,True,0
12:20:01.133,6,6.958807468414307,0.0006003261660225689,-4.6386499889194965e-05,-0.015367329120635986,True,0
12:20:01.521,5,6.963039875030518,0.00017326357192359865,-0.0005465853027999401,-0.0751897394657135,True,0
12:20:01.527,6,6.958582878112793,0.0,-6.904013571329415e-05,-0.04009689763188362,True,0
12:20:01.910,5,6.962615489959717,2.4604240024928004e-05,0.0013046213425695896,-0.049992673099040985,True,0
12:20:01.917,6,6.9587531089782715,0.0,-0.0013125217519700527,0.02664397843182087,True,0
12:20:02.295,5,6.962518215179443,0.0,0.0017462396062910557,-0.006981313228607178,True,0
12:20:02.303,6,6.958430290222168,0.001228274661116302,0.0013511512661352754,0.002189265564084053,True,0
12:20:02.702,5,6.96223783493042,0.0007347819628193974,0.0013149247970432043,0.029927115887403488,True,0
12:20:02.708,6,6.9583330154418945,0.0,0.0003904259647242725,0.037253040820360184,True,0
12:20:03.090,5,6.962414264678955,0.0,0.0015163348289206624,0.017774609848856926,True,0
12:20:03.096,6,6.958561420440674,0.00026734895072877407,-0.00023188100021798164,0.025243626907467842,True,0
12:20:03.490,5,6.96225118637085,0.0003649825230240822,0.0003834687522612512,0.029002539813518524,True,0
12:20:03.497,6,6.958672046661377,0.0002754330635070801,5.700680776499212e-05,-0.026115315034985542,True,0
12:20:03.884,5,6.9630866050720215,7.974450272740796e-05,0.00011053308844566345,0.004898542538285255,True,0
12:20:03.892,6,6.958893299102783,0.00020822689111810178,9.049681102624163e-05,-0.04205086827278137,True,0
12:20:04.280,5,6.962451457977295,0.0,0.00037139494088478386,0.018294349312782288,True,0
12:20:04.290,6,6.958251476287842,0.00012417935067787766,0.0004198342503514141,-0.03796923905611038,True,0
12:20:04.681,5,6.962335109710693,0.00027135742129758,-0.00015013356460258365,0.03974922373890877,True,0
12:20:04.688,6,6.958468914031982,-5.820766091346741e-11,0.000508870289195329,0.014650056138634682,True,0
12:20:05.064,5,6.9621148109436035,0.002264801412820816,-0.0005168251227587461,0.008109737187623978,True,0
12:20:05.071,6,6.958494663238525,2.4281605874421075e-05,-0.00023668623180128634,4.0333718061447144e-05,True,0
12:20:05.444,5,6.962003707885742,0.0015539354644715786,0.0031117796897888184,-0.011545218527317047,True,0
12:20:05.459,6,6.958193302154541,0.0,-0.00014810817083343863,-0.04376526176929474,True,0
12:20:05.847,5,6.9623942375183105,0.0006381925195455551,0.001876889611594379,0.0411786250770092,True,0
12:20:05.861,6,6.958635330200195,0.0,0.0005424227565526962,0.01773080974817276,True,0
12:20:06.230,5,6.962360858917236,0.0,0.0024245930835604668,0.028715943917632103,True,0
12:20:06.247,6,6.958112716674805,0.00025734782684594393,-0.00041873889858834445,-0.013373649679124355,True,0
12:20:06.617,5,6.96281623840332,0.0014842102536931634,-0.0010786356870085,0.014171242713928223,True,0
12:20:06.623,6,6.958296298980713,0.00029063844704069197,2.9162281862227246e-05,-0.02924935705959797,True,0
12:20:06.990,5,6.9632248878479,0.0,0.0022241154219955206,-8.12634825706482e-05,True,0
12:20:06.997,6,6.958505630493164,7.899505726527423e-05,-3.462895256234333e-05,-0.016193272545933723,True,0
12:20:07.360,5,6.9628095626831055,0.000554107129573822,0.0010098428465425968,0.027170540764927864,True,0
12:20:07.367,6,6.958317279815674,0.00013429664249997586,-4.031738717458211e-05,0.05842547118663788,True,0
12:20:07.731,5,6.962728023529053,0.0003719800733961165,0.002812544582411647,0.03380566090345383,True,0
12:20:07.738,6,6.958337783813477,0.00030871579656377435,-0.00023241080634761602,0.004880346357822418,True,0
12:20:08.106,5,6.962616920471191,0.0009022698504850268,8.081755368039012e-05,-0.0038429992273449898,True,0
12:20:08.114,6,6.958526134490967,0.0001281315926462412,0.0018899046117439866,-0.021535221487283707,True,0
12:20:08.501,5,6.962388515472412,0.0,0.0004596037033479661,-0.02671843394637108,True,0
12:20:08.510,6,6.957893371582031,0.0,7.286854815902188e-05,-0.026170291006565094,True,0
12:20:08.891,5,6.962631702423096,2.9103830456733704e-11,-0.0003376917738933116,0.00956476479768753,True,0
12:20:08.898,6,6.958422660827637,0.0,0.0006193387089297175,0.04652070254087448,True,0
12:20:09.279,5,6.9625701904296875,9.905612387228757e-05,-0.0005409829318523407,-0.038295917212963104,True,0
12:20:09.286,6,6.958313941955566,0.00017733493587002158,-2.894530916819349e-05,0.07749685645103455,True,0
12:20:09.660,5,6.962070941925049,0.0,0.0008538748952560127,-0.01993139646947384,True,0
12:20:09.667,6,6.95813512802124,0.0016974803293123841,0.00034384787431918085,0.0030951686203479767,True,0
12:20:10.036,5,6.962395668029785,0.0017976384842768312,0.0006765143480151892,0.028873614966869354,True,0
12:20:10.061,6,6.958346843719482,0.0007072804728522897,0.0007695918902754784,0.025978703051805496,True,0
12:20:10.444,5,6.962778568267822,2.9103830456733704e-11,-0.00036915187956765294,0.04814736545085907,True,0
12:20:10.454,6,6.958442687988281,8.607670315541327e-05,-0.0009497501305304468,0.0006255963817238808,True,0
12:20:10.823,5,6.961365222930908,0.007026433479040861,0.006083681248128414,0.00879145972430706,True,0
12:20:10.830,6,6.958372116088867,0.0,-0.00031893470440991223,-0.040364570915699005,True,0
12:20:11.206,5,6.961790561676025,0.0005449834279716015,-0.0040384442545473576,0.02387440949678421,True,0
12:20:11.213,6,6.958447456359863,0.0003980276233050972,-0.0008422041428275406,0.06165538355708122,True,0
12:20:11.579,5,6.962545394897461,-1.1641532182693481e-10,0.0014616299886256456,0.03128945082426071,True,0
12:20:11.586,6,6.958077430725098,0.0002536585961934179,-9.762533591128886e-05,-0.03427572175860405,True,0
12:20:11.951,5,6.962218284606934,0.0,0.001391366240568459,-0.027308275923132896,True,0
12:20:11.957,6,6.958105564117432,0.0003600993659347296,0.00035790237598121166,0.01566760241985321,True,0
12:20:12.319,5,6.96168327331543,0.0023596440441906452,0.0003799394762609154,-0.0024924837052822113,True,0
12:20:12.326,6,6.958291053771973,0.0005386457778513432,-0.0005944660515524447,-0.008840068243443966,True,0
12:20:12.718,5,6.962789535522461,0.0001391046680510044,-3.1553568987874314e-05,-0.0111447898671031,True,0
12:20:12.725,6,6.958277225494385,1.4739362086402252e-06,-7.818585800123401e-06,0.0671987384557724,True,0
12:20:13.112,5,6.962742328643799,5.652962136082351e-05,-1.1645438462437596e-05,0.04323554411530495,True,0
12:20:13.120,6,6.958148956298828,1.8971535610035062e-05,0.0013156026834622025,-0.02715667337179184,True,0
12:20:13.502,5,6.962620735168457,0.0,-0.0004985658451914787,0.002669595181941986,True,0
12:20:13.509,6,6.958278656005859,9.738232620293275e-07,-0.0002211544051533565,-0.012506501749157906,True,0
12:20:13.889,5,6.962847709655762,0.00019672700727824122,-0.0003548069216776639,0.024121448397636414,True,0
12:20:13.896,6,6.958132743835449,0.0,-4.1359355236636475e-05,0.02082802727818489,True,0
12:20:14.284,5,6.9626784324646,7.285707397386432e-07,0.00046992243733257055,-0.006713800132274628,True,0
12:20:14.291,6,6.957660675048828,0.0,0.0012392968637868762,0.015196049585938454,True,0
12:20:14.675,5,6.962825775146484,0.0008158573182299733,0.0016250340268015862,0.011854734271764755,True,0
12:20:14.685,6,6.958126544952393,0.0,4.8009558668127283e-05,0.0254424549639225,True,0
12:20:15.068,5,6.962719917297363,0.0,0.0007917775656096637,0.0631898045539856,True,0
12:20:15.075,6,6.958093643188477,0.0,8.517731475876644e-05,-0.02414516918361187,True,0
12:20:15.456,5,6.962382793426514,0.0,-0.0002494860382284969,-0.0008921399712562561,True,0
12:20:15.464,6,6.958283424377441,0.0,1.669068842602428e-05,-0.03459734469652176,True,0
12:20:15.840,5,6.962531566619873,0.0,6.380123522831127e-05,-0.016523092985153198,True,0
12:20:15.856,6,6.95815896987915,3.3012420317390934e-06,3.992773599748034e-06,-0.03797558695077896,True,0
12:20:16.224,5,6.962098121643066,0.001151973381638527,0.00043320897384546697,0.018791142851114273,True,0
12:20:16.231,6,6.958209991455078,4.923786036670208e-06,-0.00011902532423846424,0.029066508635878563,True,0
12:20:16.606,5,6.961763858795166,0.0027254819869995117,0.0007793917320668697,0.04383056238293648,True,0
12:20:16.612,6,6.958255290985107,0.0,3.0029825211386196e-05,-0.0026446012780070305,True,0
12:20:16.979,5,6.961905002593994,0.0,-0.0031490311957895756,0.00478576123714447,True,0
12:20:16.986,6,6.9579081535339355,0.0,-6.144594954093918e-05,-0.006017610430717468,True,0
12:20:17.349,5,6.96198034286499,0.0,0.002543406328186393,0.0002383999526500702,True,0
12:20:17.356,6,6.957934856414795,0.0,0.0003872741071972996,-0.003620128147304058,True,0
12:20:17.724,5,6.962015151977539,0.003628436243161559,0.002976198447868228,-0.026814745739102364,True,0
12:20:17.731,6,6.9581780433654785,0.0007450678967870772,0.0008167973719537258,-0.013029795140028,True,0
12:20:18.122,5,6.962014675140381,0.0010227970778942108,-0.0006591341225430369,0.0316377654671669,True,0
12:20:18.130,6,6.958364486694336,0.0008831577724777162,0.00041373801650479436,-0.09144718199968338,True,0
12:20:18.517,5,6.962301254272461,0.0,1.2289574442547746e-05,0.03241988271474838,True,0
12:20:18.524,6,6.958058834075928,0.0,0.0006190103595145047,0.012509923428297043,True,0
12:20:18.904,5,6.962055206298828,0.000886096153408289,0.0018475739052519202,-0.051630899310112,True,0
12:20:18.911,6,6.958188056945801,0.0,5.228685768088326e-05,-0.045007914304733276,True,0
12:20:19.294,5,6.9622673988342285,0.0001250201021321118,-0.0003795711090788245,-0.02350873313844204,True,0
12:20:19.302,6,6.9583282470703125,0.0,0.001833529444411397,0.025725839659571648,True,0
12:20:19.715,5,6.962148666381836,0.0,0.0005858559743501246,0.04184160754084587,True,0
12:20:19.722,6,6.957919120788574,0.0001775671262294054,1.7939710232894868e-06,-0.001699008047580719,True,0
12:20:20.105,5,6.962477684020996,0.0,7.00494711054489e-05,-0.02651272527873516,True,0
12:20:20.112,6,6.957949638366699,-2.9103830456733704e-11,1.8269300198880956e-05,0.04566827416419983,True,0
12:20:20.505,5,6.962482929229736,0.0011509128380566835,0.00020755732839461416,0.021286699920892715,True,0
12:20:20.512,6,6.9574079513549805,0.0008469584281556308,0.000874850491527468,-0.019480237737298012,True,0
12:20:20.901,5,6.9620819091796875,0.0006934486445970833,0.000278857332887128,-0.02309139259159565,True,0
12:20:20.908,6,6.957992076873779,0.0004895158344879746,0.001496235141530633,-0.033192262053489685,True,0
12:20:21.295,5,6.962757110595703,8.998060366138816e-06,0.0010423357598483562,0.019645899534225464,True,0
12:20:21.302,6,6.9582648277282715,0.0,-0.0016798644792288542,0.01273844763636589,True,0
12:20:21.689,5,6.961472034454346,0.00718107633292675,-0.0009508059592917562,-0.04996081814169884,True,0
12:20:21.696,6,6.958075523376465,0.0,0.00014133169315755367,-0.08495739102363586,True,0
12:20:22.073,5,6.961785793304443,0.00035725825000554323,0.00023971534392330796,-0.05688978731632233,True,0
12:20:22.080,6,6.958208084106445,7.48789680073969e-05,0.0007012397400103509,-0.023331958800554276,True,0
12:20:22.468,5,6.962648868560791,0.000853469711728394,-0.0011509396135807037,-0.005244314670562744,True,0
12:20:22.475,6,6.958111763000488,0.0,0.0002823597169481218,0.0030555911362171173,True,0
12:20:22.855,5,6.962231636047363,1.9467690435703844e-05,-0.00042772930464707315,0.047589417546987534,True,0
12:20:22.862,6,6.958219051361084,0.0,0.00022651127073913813,-0.0006436562980525196,True,0
12:20:23.257,5,6.962316989898682,0.003538243705406785,-0.0010016175219789147,0.033048056066036224,True,0
12:20:23.264,6,6.958009243011475,0.0,-1.006388629321009e-06,-0.031730424612760544,True,0
12:20:23.637,5,6.962432384490967,0.0004821490147151053,-0.0008293106220662594,0.08565093576908112,True,0
12:20:23.657,6,6.957983493804932,0.0,0.0002032744523603469,-0.06055726483464241,True,0
12:20:24.025,5,6.961968421936035,0.0,0.0002434065390843898,0.006259806454181671,True,0
12:20:24.032,6,6.958221435546875,6.31537550361827e-05,-5.741553468396887e-05,-0.012257235124707222,True,0
12:20:24.406,5,6.962037086486816,0.0,0.0030574281699955463,0.020073581486940384,True,0
12:20:24.413,6,6.958222389221191,0.00011209402873646468,0.001090468605980277,0.03331398591399193,True,0
12:20:24.783,5,6.962246417999268,7.127667777240276e-05,-0.0005958879482932389,0.048445284366607666,True,0
12:20:24.793,6,6.958207607269287,0.0,0.0007784591871313751,-0.011968662962317467,True,0
12:20:25.158,5,6.962224960327148,0.0,0.0010345791233703494,0.006750002503395081,True,0
12:20:25.164,6,6.958102703094482,0.0001863219222286716,-7.603995618410408e-05,-0.00070904940366745,True,0
12:20:25.526,5,6.962520122528076,0.0,0.00010708655463531613,0.012409101240336895,True,0
12:20:25.533,6,6.9580159187316895,0.0003227983834221959,-0.0014628871576860547,0.02814425155520439,True,0
12:20:25.903,5,6.961557388305664,0.005030481144785881,0.00015315563359763473,0.00043307989835739136,True,0
12:20:25.910,6,6.958037376403809,0.00018867671315092593,6.284150913415942e-06,0.03744596987962723,True,0
12:20:26.291,5,6.962350368499756,0.0,0.0005417812499217689,-0.05494319275021553,True,0
12:20:26.298,6,6.957895755767822,0.0,9.85776205197908e-05,-0.013529088348150253,True,0
12:20:26.683,5,6.9620585441589355,0.0008047487353906035,-0.000686219718772918,0.022288117557764053,True,0
12:20:26.690,6,6.958168029785156,0.0,-0.00012864738528151065,-0.009054018184542656,True,0
12:20:27.081,5,6.9620795249938965,0.0004131534369662404,0.0005858774529770017,0.031370531767606735,True,0
12:20:27.088,6,6.958156108856201,0.0005641925963573158,-0.0012010233476758003,0.0032492615282535553,True,0
12:20:27.475,5,6.9624528884887695,0.0,0.0013336772099137306,0.02559935674071312,True,0
12:20:27.482,6,6.957866668701172,0.0,-2.8037613446940668e-05,-0.00848764181137085,True,0
12:20:27.859,5,6.9620771408081055,0.0,-0.0013706546742469072,-0.012727297842502594,True,0
12:20:27.865,6,6.95811128616333,0.0,0.0002675469731912017,0.008177820593118668,True,0
12:20:28.234,5,6.961246490478516,0.005632423330098391,-0.0009240181534551084,-0.047245535999536514,True,0
12:20:28.246,6,6.957884788513184,2.945058986369986e-05,4.375688877189532e-05,0.011206491850316525,True,0
12:20:28.628,5,6.962182998657227,4.037593043904053e-06,4.712851023214171e-06,0.0005549341440200806,True,0
12:20:28.635,6,6.957964897155762,0.0,2.1862211724510416e-05,0.019325513392686844,True,0
12:20:29.032,5,6.9619669914245605,0.0001441726926714182,-0.00010152401227969676,0.007339585572481155,True,0
12:20:29.040,6,6.958224773406982,0.0,0.0006324909045360982,0.01866266131401062,True,0
12:20:29.419,5,6.962118625640869,0.0018567057559266686,0.0006706102285534143,0.03367159888148308,True,0
12:20:29.426,6,6.95798397064209,0.0014293123967945576,0.0006808958132751286,0.047517191618680954,True,0
12:20:29.793,5,6.962328910827637,0.0,0.0006181974895298481,2.9461458325386047e-05,True,0
12:20:29.800,6,6.958037853240967,3.068119622184895e-05,0.0002696699521038681,-0.008738605305552483,True,0
12:20:30.164,5,6.9619903564453125,0.0009076094138436019,0.00044591198093257844,0.008405644446611404,True,0
12:20:30.172,6,6.958155155181885,0.0,5.554470590141136e-06,-0.0045344047248363495,True,0
12:20:30.535,5,6.961760520935059,0.0005555255338549614,0.005394958890974522,0.022324338555336,True,0
12:20:30.542,6,6.95822811126709,0.0,-8.487240847898647e-05,0.010751616209745407,True,0
12:20:30.899,5,6.961200714111328,0.0,0.004577264655381441,-0.016791485249996185,True,0
12:20:30.905,6,6.957958698272705,0.00020593334920704365,-0.00012014507228741422,-0.041177041828632355,True,0
12:20:31.282,5,6.961970806121826,0.0030768171418458223,0.0005654215929098427,0.00988744292408228,True,0
12:20:31.289,6,6.95801305770874,0.0,0.00013118452625349164,-0.025599967688322067,True,0
12:20:31.673,5,6.9617767333984375,0.0,0.003919882699847221,0.027416031807661057,True,0
12:20:31.680,6,6.957982063293457,0.0005930999759584665,-0.0009235434117726982,0.015640059486031532,True,0
12:20:32.070,5,6.96273136138916,0.0,0.001239091157913208,-0.032800618559122086,True,0
12:20:32.078,6,6.958103656768799,2.09980717045255e-05,0.0004431025590747595,-0.004428263753652573,True,0
12:20:32.467,5,6.962277889251709,0.0,0.000952704984229058,0.043385300785303116,True,0
12:20:32.473,6,6.9580183029174805,0.0021830417681485415,-0.0011018888326361775,0.007590194698423147,True,0
12:20:32.853,5,6.961674690246582,0.005070820450782776,0.004106294363737106,-0.01771073043346405,True,0
12:20:32.860,6,6.958001613616943,0.0008562925504520535,-0.00069728575181216,-0.04608067497611046,True,0
12:20:33.255,5,6.9617085456848145,0.0,7.251626811921597e-05,-0.017080076038837433,True,0
12:20:33.261,6,6.9579386711120605,4.423836071509868e-05,1.3569304428528994e-05,-0.016464129090309143,True,0
12:20:33.647,5,6.962467193603516,0.0,-0.0012486539781093597,-0.04442809894680977,True,0
12:20:33.655,6,6.957784652709961,0.0,2.440420212224126e-05,-0.0020288415253162384,True,0
12:20:34.028,5,6.962078094482422,0.00023447569401469082,0.004468380939215422,0.07638705521821976,True,0
12:20:34.035,6,6.958033561706543,0.0,-0.0002349825226701796,0.016245588660240173,True,0
12:20:34.404,5,6.962432861328125,0.0012879034038633108,2.450516512908507e-05,0.057719070464372635,True,0
12:20:34.421,6,6.957850456237793,0.0,-0.0002300401101820171,0.003552038222551346,True,0
12:20:34.804,5,6.962221145629883,0.0,0.0010746720945462584,-0.0287490114569664,True,0
12:20:34.815,6,6.958101272583008,0.0005698859458789229,0.0001255927054444328,-0.010194757021963596,True,0
12:20:35.197,5,6.962667465209961,0.0,0.00016738356498535722,0.007903683930635452,True,0
12:20:35.204,6,6.958063125610352,0.0,0.0008612843230366707,0.025589697062969208,True,0
12:20:35.577,5,6.970442771911621,0.008971569128334522,0.0020921884570270777,-0.00843728519976139,True,0
12:20:35.584,6,6.963573455810547,0.004370345734059811,0.0059763649478554726,0.0038868580013513565,True,0
12:20:35.954,5,6.662569522857666,0.002627438632771373,-0.0012085142079740763,0.03799751400947571,True,0
12:20:35.960,6,6.654433250427246,0.0,0.00013578130165115,0.008376218378543854,True,0
12:20:36.341,5,6.128260135650635,0.0,-0.005014285445213318,0.03650198131799698,True,0
12:20:36.356,6,6.090024471282959,0.0,-0.02217263914644718,-0.002302873879671097,True,0
12:20:36.732,5,5.1734490394592285,0.0,0.014117182232439518,-0.03022092580795288,True,0
12:20:36.739,6,5.146853923797607,0.0,-0.005017941351979971,0.013201532885432243,True,0
12:20:37.111,5,4.250527381896973,0.01625971496105194,0.010577495209872723,-0.022835157811641693,True,0
12:20:37.119,6,4.222647666931152,0.01298745721578598,0.011392912827432156,-0.041884005069732666,True,0
12:20:37.482,5,3.346982479095459,0.005377262830734253,0.005722563248127699,-0.03464161232113838,True,0
12:20:37.489,6,3.3276634216308594,0.019088994711637497,0.01487099938094616,0.03023809753358364,True,0
12:20:37.875,5,2.4073805809020996,0.007757765240967274,-0.009504185989499092,0.030103465542197227,True,0
12:20:37.882,6,2.388406753540039,0.003180861473083496,0.012530436739325523,-0.011881973594427109,True,0
12:20:38.274,5,1.4282355308532715,0.005731315817683935,0.019277654588222504,-0.04527026787400246,True,0
12:20:38.281,6,1.4072554111480713,0.023254789412021637,-0.004491804167628288,-0.00888834148645401,True,0
12:20:38.667,5,0.4568808674812317,0.0,-0.002351921983063221,-0.03339302912354469,True,0
12:20:38.673,6,0.43759673833847046,0.023390967398881912,0.021924735978245735,-0.004197647795081139,True,0
12:20:39.059,5,0.06895053386688232,0.0029029715806245804,-0.0012743753613904119,-0.027881238609552383,True,0
12:20:39.065,6,0.06494408845901489,0.00302272685803473,0.00045033605420030653,-0.017400771379470825,True,0
12:20:39.455,5,0.06723737716674805,0.0,0.0004933105083182454,-0.021309860050678253,True,0
12:20:39.462,6,0.06457686424255371,0.0017347681568935513,0.0019411774119362235,0.023234914988279343,True,0
12:20:39.844,5,0.06745684146881104,1.4551915228366852e-11,0.0004666866734623909,-0.004394736606627703,True,0
12:20:39.851,6,0.06417104601860046,0.00048612384125590324,8.787989645497873e-05,0.01147119514644146,True,0
12:20:40.237,5,0.06749820709228516,0.0,0.0004497331101447344,0.001084112678654492,True,0
12:20:40.244,6,0.06417608261108398,0.0017185485921800137,-0.0005864848499186337,0.005572430789470673,True,0
12:20:40.634,5,0.06786751747131348,0.0007579012308269739,-0.0006118692108429968,0.01453038677573204,True,0
12:20:40.641,6,0.06433722376823425,-5.820766091346741e-11,-0.0003913160180673003,0.0016455650329589844,True,0
12:20:41.016,5,0.06734824180603027,0.0,0.0006239743088372052,0.003930835053324699,True,0
12:20:41.030,6,0.06419843435287476,0.0,4.112565511604771e-05,-0.015171094797551632,True,0
12:20:41.399,5,0.06728917360305786,0.0006072899559512734,0.0010486477985978127,0.046241097152233124,True,0
12:20:41.405,6,0.06442922353744507,0.0026941809337586164,0.00024262641090899706,-0.1234758272767067,True,0
12:20:41.780,5,0.06728237867355347,0.000395002105506137,-4.812377301277593e-05,-0.030818480998277664,True,0
12:20:41.786,6,0.06489399075508118,0.00400204211473465,0.0005131822545081377,-0.00677143782377243,True,0
12:20:42.157,5,0.06775331497192383,0.0,0.0006898330757394433,0.020329520106315613,True,0
12:20:42.167,6,0.06501233577728271,0.0031193438917398453,0.0019202814437448978,0.013897707685828209,True,0
12:20:42.538,5,0.06767874956130981,1.9843206246150658e-05,0.00023264372430276126,0.010144110769033432,True,0
12:20:42.548,6,0.06476598978042603,0.0,0.0024144905619323254,-0.020478500053286552,True,0
12:20:42.911,5,0.06844085454940796,3.845401806756854e-05,-0.0017869373550638556,0.028529532253742218,True,0
12:20:42.921,6,0.06464728713035583,0.0,0.0008196900016628206,0.02483217976987362,True,0
12:20:43.284,5,0.06816047430038452,1.1400311450415757e-05,9.421309368917719e-05,0.023709863424301147,True,0
12:20:43.291,6,0.06496188044548035,0.0002596433914732188,0.0015674484893679619,0.01601438783109188,True,0
12:20:43.674,5,0.06823599338531494,1.2863562005804852e-05,-0.00027396000223234296,-0.001672099344432354,True,0
12:20:43.681,6,0.06469088792800903,3.637978807091713e-12,0.0004364265769254416,-0.02068808488547802,True,0
12:20:44.067,5,0.06829649209976196,0.0,-0.0002833948819898069,-0.007183043286204338,True,0
12:20:44.073,6,0.06517279148101807,0.0012821119744330645,-0.0002351146104047075,-0.06576342135667801,True,0
12:20:44.453,5,0.06855982542037964,0.0,0.0016711223870515823,-0.010630497708916664,True,0
12:20:44.460,6,0.06500452756881714,0.0005962600698694587,0.00012220714415889233,-0.018929187208414078,True,0
12:20:44.848,5,0.06867086887359619,0.0008590450161136687,9.58100936259143e-05,-0.0023994706571102142,True,0
12:20:44.857,6,0.06486177444458008,0.00036752200685441494,0.00034868138027377427,0.023776251822710037,True,0
12:20:45.244,5,0.06917190551757812,0.0,0.00170145055744797,-0.012179611250758171,True,0
12:20:45.251,6,0.0651993453502655,0.005533643066883087,-0.0007989684818312526,-0.004768161103129387,True,0
12:20:45.636,5,0.06858992576599121,0.0003847057814709842,5.275248258840293e-05,0.00446290522813797,True,0
12:20:45.643,6,0.06522166728973389,0.0005116180400364101,-1.41628370329272e-05,-0.020871995016932487,True,0
12:20:46.018,5,0.06843286752700806,0.00035699375439435244,-0.0006044003530405462,-0.0463225394487381,True,0
12:20:46.026,6,0.06504768133163452,0.0009700997034087777,0.000539962959010154,-0.029748283326625824,True,0
12:20:46.399,5,0.06919574737548828,0.0005605195183306932,-0.0012042904272675514,0.04448249936103821,True,0
12:20:46.410,6,0.06540343165397644,0.0,0.0017263286281377077,-0.07253184169530869,True,0
12:20:46.790,5,0.06884092092514038,9.363962453790009e-05,-6.370979099301621e-05,0.004772967658936977,True,0
12:20:46.797,6,0.06528913974761963,0.00023059776867739856,0.00034270022297278047,-0.03971697762608528,True,0
12:20:47.188,5,0.06888264417648315,1.6981502994894981e-06,0.0015670863213017583,0.006097961217164993,True,0
12:20:47.196,6,0.06569960713386536,0.0003916185814887285,-0.001726204645819962,-0.03989440202713013,True,0
12:20:47.576,5,0.06928497552871704,0.00152221554890275,0.00024012138601392508,0.019925545901060104,True,0
12:20:47.583,6,0.06600064039230347,0.00422456581145525,0.005806412547826767,-0.004657357931137085,True,0
12:20:47.960,5,0.06890982389450073,0.0,0.00010452767310198396,-4.9964990466833115e-05,True,0
12:20:47.967,6,0.06571808457374573,0.0019256048835814,0.0004395899304654449,-0.01846734620630741,True,0
12:56:00.128,5,-0.043699055910110474,0.0,0.0,-0.01587771251797676,False,0
12:56:00.135,6,-0.041686683893203735,0.0,0.0,0.021040737628936768,False,0
12:56:00.507,5,-0.04407984018325806,0.0,0.0,-0.01587771251797676,False,0
12:56:00.514,6,-0.04165223240852356,0.0,0.0,0.021040737628936768,False,0
12:56:00.885,5,-0.043767690658569336,0.0,0.0,-0.01587771251797676,False,0
12:56:00.892,6,-0.04148656129837036,0.0,0.0,0.021040737628936768,False,0
12:56:01.263,5,-0.04382294416427612,0.0,0.0,-0.01587771251797676,False,0
12:56:01.270,6,-0.041325271129608154,0.0,0.0,0.021040737628936768,False,0
12:56:01.639,5,-0.044126152992248535,0.0,0.0,-0.01587771251797676,False,0
12:56:01.646,6,-0.04145902395248413,0.0,0.0,0.021040737628936768,False,0
12:56:02.027,5,-0.04368770122528076,0.0,0.0,-0.01587771251797676,False,0
12:56:02.033,6,-0.04177546501159668,0.0,0.0,0.021040737628936768,False,0
12:56:02.407,5,-0.04348796606063843,0.0,0.0,-0.01587771251797676,False,0
12:56:02.414,6,-0.04132944345474243,0.0,0.0,0.021040737628936768,False,0
12:56:02.793,5,-0.043829262256622314,0.0,0.0,-0.01587771251797676,False,0
12:56:02.799,6,-0.041278451681137085,0.0,0.0,0.021040737628936768,False,0
12:56:03.184,5,-0.043666452169418335,0.0,0.0,-0.01587771251797676,False,0
12:56:03.192,6,-0.041552960872650146,0.0,0.0,0.021040737628936768,False,0
12:56:03.586,5,-0.04358580708503723,0.0,0.0,-0.01587771251797676,False,0
12:56:03.595,6,-0.04191973805427551,0.0,0.0,0.021040737628936768,False,0
12:56:03.962,5,-0.043874382972717285,0.0,0.0,-0.01587771251797676,False,0
12:56:03.970,6,-0.04147142171859741,0.0,0.0,0.021040737628936768,False,0
12:56:04.337,5,-0.04394936561584473,0.0,0.0,-0.01587771251797676,False,0
12:56:04.344,6,-0.041334182024002075,0.0,0.0,0.021040737628936768,False,0
12:56:04.711,5,-0.043866902589797974,0.0,0.0,-0.01587771251797676,False,0
12:56:04.718,6,-0.04151317477226257,0.0,0.0,0.021040737628936768,False,0
12:56:05.096,5,-0.04347142577171326,0.0,0.0,-0.01587771251797676,False,0
12:56:05.103,6,-0.041274964809417725,0.0,0.0,0.021040737628936768,False,0
12:56:05.473,5,-0.043812841176986694,0.0,0.0,-0.01587771251797676,False,0
12:56:05.480,6,-0.0414314866065979,0.0,0.0,0.021040737628936768,False,0
12:56:05.849,5,-0.04363340139389038,0.0,0.0,-0.01587771251797676,False,0
12:56:05.856,6,-0.04163771867752075,0.0,0.0,0.021040737628936768,False,0
12:56:06.235,5,-0.04385030269622803,0.0,0.0,-0.01587771251797676,False,0
12:56:06.243,6,-0.04171222448348999,0.0,0.0,0.021040737628936768,False,0
12:56:06.602,5,-0.04362049698829651,0.0,0.0,-0.01587771251797676,False,0
12:56:06.610,6,-0.041628092527389526,0.0,0.0,0.021040737628936768,False,0
12:56:06.976,5,-0.04394569993019104,0.00017945213767234236,-0.0006877473788335919,-0.010150677524507046,True,0
12:56:06.982,6,-0.0414867103099823,0.0,0.0,0.021040737628936768,False,0
12:56:07.347,5,-0.04354727268218994,0.00018201979401055723,-0.0007990194717422128,-0.028561202809214592,True,0
12:56:07.354,6,-0.04043698310852051,7.964581163832918e-05,-5.229287489783019e-05,-0.02762274444103241,True,0
12:56:07.735,5,-0.04370582103729248,0.0,0.000640345097053796,0.01532474160194397,True,0
12:56:07.744,6,-0.04050019383430481,4.7312852984759957e-05,-0.00019381751189939678,0.015193816274404526,True,0
12:56:08.121,5,-0.04338899254798889,0.0020251667592674494,0.001827881089411676,-0.018436718732118607,True,0
12:56:08.128,6,-0.040323883295059204,1.4551915228366852e-11,-0.0002435010828776285,-0.0305086188018322,True,0
12:56:08.488,5,-0.04318472743034363,0.0015512896934524179,-0.001663679489865899,-0.0007780341547913849,True,0
12:56:08.495,6,-0.04064461588859558,0.0,0.0018166974186897278,0.045255146920681,True,0
12:56:08.880,5,-0.0448492169380188,0.0006579780601896346,-0.0009065775666385889,0.0016124118119478226,True,0
12:56:08.888,6,-0.0403418242931366,0.0,-6.889575161039829e-05,0.0022976365871727467,True,0
12:56:09.269,5,-0.04380083084106445,0.00015727049321867526,0.00013795234553981572,-0.023990105837583542,True,0
12:56:09.276,6,-0.0401921272277832,6.441317964345217e-05,6.660023791482672e-05,0.028983021154999733,True,0
12:56:09.656,5,-0.04351460933685303,0.00036569483927451074,-0.0011661918833851814,-0.01752770133316517,True,0
12:56:09.663,6,-0.04019129276275635,0.00016650560428388417,0.0006552406121045351,0.05015230178833008,True,0
12:56:10.046,5,-0.04383176565170288,0.0006031413213349879,-0.00023382468498311937,-0.01340315118432045,True,0
12:56:10.052,6,-0.04040980339050293,0.0,2.6656507543521002e-05,0.02849460206925869,True,0
12:56:10.438,5,-0.04449564218521118,2.3283064365386963e-10,0.0007394023705273867,-0.0326000340282917,True,0
12:56:10.447,6,-0.04040032625198364,7.915681635495275e-05,3.175046686010319e-06,0.02890685573220253,True,0
12:56:10.831,5,-0.04364204406738281,0.0,-0.0001140233434853144,0.010502318851649761,True,0
12:56:10.837,6,-0.040561169385910034,0.0,0.0004519391222856939,-0.023919112980365753,True,0
12:56:11.203,5,-0.04401516914367676,0.0001487139379605651,0.00020815782772842795,-0.008571403101086617,True,0
12:56:11.216,6,-0.0406874418258667,0.0,0.00016884041542652994,-0.006180925294756889,True,0
12:56:11.586,5,-0.044352948665618896,0.0,0.0036999473813921213,0.1336103081703186,True,0
12:56:11.593,6,-0.040165603160858154,0.0,0.0011364464880898595,0.010876109823584557,True,0
12:56:11.968,5,-0.04440215229988098,0.00026754895225167274,-0.001547560328617692,0.04579494148492813,True,0
12:56:11.975,6,-0.03973948955535889,0.00043158684275113046,-0.00037933592102490366,0.009182226844131947,True,0
12:56:12.347,5,-0.04380166530609131,0.0,0.0005144468741491437,0.06863673031330109,True,0
12:56:12.356,6,-0.04077860713005066,0.002584633883088827,0.0022137556225061417,-0.012256317771971226,True,0
12:56:12.741,5,-0.04429590702056885,0.0017445357516407967,0.0010069611016660929,-0.027641326189041138,True,0
12:56:12.747,6,-0.04075923562049866,0.000779558380600065,-0.0005480377585627139,0.0011496469378471375,True,0
12:56:13.114,5,-0.04368704557418823,0.004379079211503267,-0.00044908293057233095,0.026812206953763962,True,0
12:56:13.121,6,-0.04036521911621094,4.1626859456300735e-05,0.0010648341849446297,-0.0032851428259164095,True,0
12:56:13.485,5,-0.044593632221221924,0.00011691103281918913,-0.000400966324377805,0.012042312882840633,True,0
12:56:13.494,6,-0.04059848189353943,0.0,-5.823845640406944e-05,-0.03917261213064194,True,0
12:56:13.866,5,-0.04365837574005127,0.0005827323766425252,0.0017631942173466086,-0.006854437291622162,True,0
12:56:13.874,6,-0.04044532775878906,0.0003057228750549257,-6.204387318575755e-05,0.0012263497337698936,True,0
12:56:14.257,5,-0.044179052114486694,0.0,0.0011394048342481256,0.05951763316988945,True,0
12:56:14.264,6,-0.04051560163497925,0.0,2.1014540834585205e-05,-0.00018796324729919434,True,0
12:56:14.649,5,-0.29854369163513184,0.0,0.0008037400548346341,-0.023961948230862617,True,0
12:56:14.657,6,-0.2964194118976593,0.0016269368352368474,6.593162106582895e-05,0.004141099750995636,True,0
12:56:15.042,5,-0.32566002011299133,0.0013642865233123302,0.0008866432472132146,-0.030488137155771255,True,0
12:56:15.049,6,-0.27325713634490967,0.005307189654558897,-0.0003985955554526299,-0.017429299652576447,True,0
12:56:15.434,5,-0.5184624791145325,0.00011206728231627494,-0.00030905765015631914,0.016713622957468033,True,0
12:56:15.443,6,-0.09511703252792358,0.0001285193720832467,-0.00021815802028868347,-0.001347709447145462,True,0
12:56:15.825,5,-0.5194061994552612,0.0006866066833026707,-0.0001513661991339177,-0.036534134298563004,True,0
12:56:15.832,6,-0.09400469064712524,0.0002472926862537861,0.0016448638634756207,-0.013278424739837646,True,0
12:56:16.219,5,-0.5198328495025635,2.38864104176173e-05,-5.140298162586987e-05,0.0340152345597744,True,0
12:56:16.229,6,-0.09366536140441895,0.0,-0.00033326103584840894,0.02094227820634842,True,0
12:56:16.614,5,-0.5141195058822632,0.0,0.0007381629548035562,-0.02185334637761116,True,0
12:56:16.622,6,-0.10005190968513489,0.001223850529640913,0.0003784035216085613,-0.005342340096831322,True,0
12:56:16.993,5,-0.11267685890197754,0.0003710369346663356,-2.2782505766372196e-05,0.014044787734746933,True,0
12:56:17.007,6,-0.4970201253890991,0.00018406387243885547,0.0011625131592154503,-0.013810880482196808,True,0
12:56:17.378,5,0.3509601354598999,0.0,0.014607486315071583,-0.027699613943696022,True,0
12:56:17.385,6,-0.9738324880599976,0.018103383481502533,-0.0007905713282525539,0.048324815928936005,True,0
12:56:17.753,5,1.0176892280578613,0.0,-0.005002725403755903,0.03663652390241623,True,0
12:56:17.762,6,-1.6366760730743408,0.0,-0.0016343712341040373,0.0245998315513134,True,0
12:56:18.130,5,1.2299010753631592,0.0005908203893341124,-5.506150046130642e-06,0.011782031506299973,True,0
12:56:18.137,6,-1.8388112783432007,0.0,0.0001806921063689515,-0.038287509232759476,True,0
12:56:18.502,5,1.5989035367965698,0.0,-0.00035236930125392973,-0.00804370641708374,True,0
12:56:18.508,6,-2.2154319286346436,0.0007462793146260083,-0.0021748202852904797,-0.02479833923280239,True,0
12:56:18.878,5,1.9149012565612793,0.0028856631834059954,0.004842654336243868,0.027228567749261856,True,0
12:56:18.884,6,-2.5328452587127686,0.0,0.002950053196400404,-0.008235740475356579,True,0
12:56:19.268,5,2.1592819690704346,0.0,0.0014427511487156153,0.010560042224824429,True,0
12:56:19.274,6,-2.745262622833252,0.0,-0.0014471817994490266,0.005778298247605562,True,0
12:56:19.662,5,2.5156381130218506,0.0,-0.002313929842785001,0.038114167749881744,True,0
12:56:19.669,6,-2.7562365531921387,0.002081471960991621,0.006539982743561268,0.017808688804507256,True,0
12:56:20.065,5,2.8159127235412598,9.134004358202219e-05,0.0005183357861824334,-0.0019420105963945389,True,0
12:56:20.073,6,-2.7263710498809814,1.1641532182693481e-10,-0.0023825261741876602,0.013081677258014679,True,0
12:56:20.475,5,2.910148859024048,0.0001096296837204136,-2.7192059860681184e-05,-0.027519777417182922,True,0
12:56:20.481,6,-2.8185319900512695,0.0,-0.0006868342752568424,0.034213703125715256,True,0
12:56:20.865,5,2.974522352218628,5.43934729648754e-05,0.00015839783009141684,0.028913423418998718,True,0
12:56:20.872,6,-2.8807549476623535,0.0010500645730644464,0.0015414927620440722,-0.019483815878629684,True,0
12:56:21.256,5,2.9007158279418945,0.0,-0.019037380814552307,-0.002957843244075775,True,0
12:56:21.263,6,-3.014003038406372,0.007113018073141575,0.02271927148103714,-0.013863211497664452,True,0
12:56:21.648,5,2.392789363861084,0.0041025616228580475,0.0020269581582397223,-0.03921894729137421,True,0
12:56:21.656,6,-3.513347625732422,0.001918502850458026,-0.0013027171371504664,-0.01741390861570835,True,0
12:56:22.042,5,2.127866268157959,0.002917299512773752,0.004540500231087208,0.031168252229690552,True,0
12:56:22.049,6,-3.7757606506347656,0.0,-3.4248045267304406e-05,0.0468984991312027,True,0
12:56:22.427,5,2.308823585510254,0.0,0.0007962275994941592,-0.006531771272420883,True,0
12:56:22.434,6,-3.6771597862243652,0.004554638173431158,0.0030630205292254686,-0.00012040883302688599,True,0
12:56:22.816,5,2.3660168647766113,0.0,0.0006798228132538497,-0.0060103051364421844,True,0
12:56:22.823,6,-3.7074813842773438,0.0,-3.6996938433730975e-05,0.019312798976898193,True,0
12:56:23.201,5,2.4109182357788086,0.002825622446835041,0.003767844056710601,-0.02217157371342182,True,0
12:56:23.211,6,-3.7540738582611084,0.0007848714012652636,8.828248246572912e-05,0.0277054812759161,True,0
12:56:23.583,5,2.4263229370117188,0.001948330202139914,0.00019757072732318193,-0.016895290464162827,True,0
12:56:23.591,6,-3.764085292816162,0.0013465846423059702,0.0017117365496233106,0.013212991878390312,True,0
12:56:23.974,5,1.8945471048355103,0.04683353006839752,0.06966102123260498,-0.03459269180893898,True,0
12:56:23.981,6,-4.321956634521484,0.0,-0.0011535185622051358,0.013554785400629044,True,0
12:56:24.369,5,1.4601905345916748,0.0,-0.005825941450893879,-0.004556901752948761,True,0
12:56:24.376,6,-4.757595539093018,0.008488811552524567,-0.00662341108545661,0.0419292114675045,True,0
12:56:24.746,5,0.5538880228996277,0.0,-0.009133361279964447,-0.04705610126256943,True,0
12:56:24.753,6,-5.6567063331604,0.011505181901156902,-0.0003219313221052289,-0.045074526220560074,True,0
12:56:25.123,5,0.8001484870910645,0.0,0.0018042424926534295,-0.007310645189136267,True,0
12:56:25.130,6,-5.381966590881348,0.043132469058036804,0.02524198591709137,-0.00682484358549118,True,0
12:56:25.507,5,1.7320696115493774,0.022038698196411133,0.0033338728826493025,-0.022950174286961555,True,0
12:56:25.514,6,-4.447821140289307,0.0,-0.012145550921559334,0.016907338052988052,True,0
12:56:25.876,5,2.6264052391052246,0.0,0.005413360428065062,-0.05403938144445419,True,0
12:56:25.882,6,-3.5555808544158936,0.034407392144203186,0.025014687329530716,-0.0015058070421218872,True,0
12:56:26.272,5,3.5429279804229736,0.0,-0.003686171257868409,0.023316146805882454,True,0
12:56:26.279,6,-2.6419386863708496,0.019187739118933678,0.002906186506152153,0.07211878150701523,True,0
12:56:26.664,5,3.760819435119629,0.012614496052265167,0.002666238695383072,0.005314972251653671,True,0
12:56:26.670,6,-2.422607898712158,0.0017487714067101479,0.01783529669046402,0.010916277766227722,True,0
12:56:27.055,5,4.654217720031738,0.009992795996367931,0.0016236819792538881,-0.06233394891023636,True,0
12:56:27.061,6,-1.5262906551361084,0.004132399335503578,0.010823085904121399,0.06723135709762573,True,0
12:56:27.455,5,5.1361188888549805,0.0005155159742571414,0.00016568557475693524,-0.050689466297626495,True,0
12:56:27.462,6,-1.0552597045898438,0.0021561230532824993,0.0041084010154008865,0.050820980221033096,True,0
12:56:27.852,5,5.815878391265869,0.0028396984562277794,-0.012509495951235294,-0.006330743432044983,True,0
12:56:27.859,6,-0.3594096004962921,0.0,-0.0025891002733260393,0.07563847303390503,True,0
12:56:28.243,5,6.096812725067139,0.005734232719987631,-0.008738121017813683,0.026977738365530968,True,0
12:56:28.251,6,-0.0863206684589386,0.00774230994284153,0.009454603306949139,0.023290324956178665,True,0
12:56:28.641,5,6.648169994354248,0.002843245631083846,-0.003559309523552656,0.016818277537822723,True,0
12:56:28.654,6,0.4702603220939636,0.0017474894411861897,0.008269043639302254,0.00574280321598053,True,0
12:56:29.028,5,6.86494255065918,0.0070090750232338905,-0.002366954693570733,0.00727158784866333,True,0
12:56:29.034,6,0.6652649641036987,0.0016254519578069448,-0.0008935878286138177,-0.0015371739864349365,True,0
12:56:29.410,5,6.023068428039551,0.0030198905151337385,0.016145922243595123,-0.007450517266988754,True,0
12:56:29.421,6,-0.18197894096374512,0.0,0.005494123790413141,-0.07100781798362732,True,0
12:56:29.794,5,5.0922064781188965,0.005204480141401291,0.036716047674417496,-0.013659313321113586,True,0
12:56:29.801,6,-1.1137096881866455,0.009650387801229954,-0.0015030052745714784,0.02282494306564331,True,0
12:56:30.169,5,4.177112579345703,0.017336780205368996,0.0003044084005523473,-0.021522745490074158,True,0
12:56:30.176,6,-2.0268726348876953,0.0,-0.017265325412154198,0.06172344088554382,True,0
12:56:30.555,5,3.8088855743408203,0.0,-0.001899140072055161,0.010344360023736954,True,0
12:56:30.562,6,-2.3853487968444824,0.0,0.00033962077577598393,0.010629777796566486,True,0
12:56:30.928,5,3.8082919120788574,0.0010347184725105762,0.0030658545438200235,-0.059167295694351196,True,0
12:56:30.935,6,-2.386608600616455,-5.820766091346741e-11,7.622400880791247e-05,0.0035056201741099358,True,0
12:56:31.297,5,3.8072609901428223,0.0022095784079283476,-0.00010528510028962046,-0.009652690030634403,True,0
12:56:31.304,6,-2.3863396644592285,0.0,0.0005367118865251541,0.005515600088983774,True,0
12:56:31.688,5,3.8074872493743896,0.007083042524755001,0.0037625685799866915,-0.03765285015106201,True,0
12:56:31.694,6,-2.386705160140991,-1.1641532182693481e-10,0.004101228434592485,0.02737843059003353,True,0
12:56:32.084,5,3.806852340698242,0.00865747407078743,0.005261335056275129,-0.039713479578495026,True,0
12:56:32.091,6,-2.386695623397827,0.002120660152286291,0.0014219722943380475,0.048833757638931274,True,0
12:56:32.478,5,3.806589365005493,0.00276583107188344,0.004834573250263929,-0.07460542023181915,True,0
12:56:32.485,6,-2.3866188526153564,0.0010837308363988996,0.0007890543784014881,-0.03198615834116936,True,0
12:56:32.861,5,3.4964513778686523,0.024400392547249794,-0.0013834115816280246,-0.04369593411684036,True,0
12:56:32.868,6,-2.7068116664886475,0.0,-0.00014893639308866113,0.015095856972038746,True,0
12:56:33.254,5,3.188606023788452,0.0,-0.0005493254284374416,0.014687158167362213,True,0
12:56:33.262,6,-3.0066890716552734,0.0,0.008354117162525654,-0.03972967714071274,True,0
12:56:33.650,5,2.6930854320526123,0.008848203346133232,-0.0015434386441484094,-0.0180814228951931,True,0
12:56:33.659,6,-3.5047671794891357,0.0,0.005699819419533014,0.008905014023184776,True,0
12:56:34.036,5,1.842589259147644,0.019239021465182304,0.027647584676742554,-0.0008693840354681015,True,0
12:56:34.043,6,-4.357997894287109,0.0,-0.0023824006784707308,0.006180599331855774,True,0
12:56:34.414,5,1.77838134765625,0.0022967129480093718,0.0022196464706212282,0.003322698175907135,True,0
12:56:34.427,6,-4.409717082977295,0.000685841019731015,-0.0011263436172157526,0.03637212887406349,True,0
12:56:34.798,5,1.7495293617248535,0.0006923070177435875,0.0006503405747935176,-0.05260879173874855,True,0
12:56:34.804,6,-4.437375545501709,0.0008509799954481423,0.00043533893767744303,-0.022060472518205643,True,0
12:56:35.181,5,1.3534181118011475,0.0,0.0010692166397348046,-0.0012113768607378006,True,0
12:56:35.188,6,-4.832485198974609,0.000294882629532367,-0.0002671168476808816,-0.02926497347652912,True,0
12:56:35.567,5,0.9731156826019287,0.026356196030974388,0.05086587741971016,-0.005265645682811737,True,0
12:56:35.574,6,-5.225745677947998,0.0025451090186834335,0.01629183441400528,0.0004706867039203644,True,0
12:56:35.945,5,0.07016444206237793,0.0,-0.005973024759441614,-0.07263390719890594,True,0
12:56:35.951,6,-6.127228736877441,0.04282200708985329,0.029976071789860725,0.007133234292268753,True,0
12:56:36.319,5,-0.359266996383667,0.001324302051216364,-0.0022828425280749798,-0.0829688236117363,True,0
12:56:36.325,6,-6.544626712799072,0.002439971314743161,0.0022717199753969908,-0.0046995170414447784,True,0
12:56:36.687,5,-0.5154822468757629,0.010343855246901512,0.018378380686044693,-0.03305153548717499,True,0
12:56:36.693,6,-6.710573196411133,0.0,-0.0074565596878528595,0.005473710596561432,True,0
12:56:37.073,5,-0.9401041269302368,0.0,0.0025743229780346155,-0.03499363362789154,True,0
12:56:37.081,6,-7.123691558837891,0.0,0.0005777722108177841,0.02291327342391014,True,0
12:56:37.460,5,-1.4945530891418457,0.008021296001970768,0.01767747849225998,0.021495001390576363,True,0
12:56:37.466,6,-7.680004119873047,0.00010166261199628934,0.000291293952614069,0.0585753507912159,True,0
12:56:37.855,5,-1.9762470722198486,0.039855875074863434,0.009218110702931881,-0.012566777877509594,True,0
12:56:37.862,6,-8.177827835083008,0.0,-0.01746634766459465,-0.03553535416722298,True,0
12:56:38.246,5,-2.6341235637664795,0.012667911127209663,0.0011317734606564045,0.001506216824054718,True,0
12:56:38.256,6,-8.823065757751465,0.0023287383373826742,0.0048788078129291534,0.039279304444789886,True,0
12:56:38.640,5,-3.038630962371826,0.01754825748503208,0.011492278426885605,-0.07607222348451614,True,0
12:56:38.647,6,-9.233724594116211,0.01913423277437687,-0.0024590997491031885,0.031141171231865883,True,0
12:56:39.025,5,-3.520732879638672,0.014475591480731964,0.03176213800907135,-0.032257143408060074,True,0
12:56:39.036,6,-9.731754302978516,0.0,0.00017964449943974614,0.030256440863013268,True,0
12:56:39.426,5,-4.304391860961914,0.006198032293468714,-0.005228973925113678,-0.04796641692519188,True,0
12:56:39.436,6,-10.492225646972656,0.0,-0.0007546262932009995,-0.02581290900707245,True,0
12:56:39.812,5,-4.718837738037109,0.007467927876859903,0.006707313936203718,-0.037178922444581985,True,0
12:56:39.819,6,-10.902068138122559,0.0,0.0006755536305718124,0.004341786727309227,True,0
12:56:40.206,5,-5.237887859344482,0.00530966417863965,0.0062981583178043365,-0.010149486362934113,True,0
12:56:40.212,6,-11.427910804748535,0.0011936159571632743,-0.0004953945172019303,-0.022845104336738586,True,0
12:56:40.586,5,-5.653759479522705,0.012691409327089787,0.019685877487063408,-0.01733962818980217,True,0
12:56:40.594,6,-11.849757194519043,0.010408422909677029,-0.011672510765492916,0.02038845419883728,True,0
12:56:40.972,5,-5.949544429779053,0.004167649894952774,0.013975412584841251,-0.03148509934544563,True,0
12:56:40.979,6,-12.155638694763184,0.011322060599923134,-0.0027918529231101274,0.011092498898506165,True,0
12:56:41.348,5,-6.845600605010986,0.004581234883517027,-0.00546542601659894,-0.0007514357566833496,True,0
12:56:41.357,6,-13.035772323608398,0.0,-0.0008308362448588014,0.007575639057904482,True,0
12:56:41.724,5,-6.529592990875244,0.0,0.007740850560367107,0.08934444189071655,True,0
12:56:41.731,6,-12.696253776550293,0.00916198268532753,0.041540879756212234,0.05388665571808815,True,0
12:56:42.097,5,-6.043088436126709,0.0,-0.00012232622248120606,-0.024367796257138252,True,0
12:56:42.104,6,-12.228020668029785,1.4551915228366852e-11,-0.0005666164215654135,0.04918527603149414,True,0
12:56:42.487,5,-6.802053928375244,0.019712846726179123,0.02409341186285019,-0.02105695940554142,True,0
12:56:42.496,6,-12.99791431427002,0.00923351850360632,0.005839600693434477,0.029602065682411194,True,0
12:56:42.885,5,-7.759583950042725,0.0,0.01913367211818695,-0.03796280175447464,True,0
12:56:42.892,6,-13.951275825500488,0.0,-0.00047612356138415635,0.042293716222047806,True,0
12:56:43.276,5,-8.071880340576172,0.005827200133353472,0.004940338432788849,-0.04977019503712654,True,0
12:56:43.283,6,-14.268026351928711,0.0,0.010049009695649147,-0.019129866734147072,True,0
12:56:43.661,5,-8.441211700439453,0.0,0.0026434138417243958,-0.014583989046514034,True,0
12:56:43.668,6,-14.621277809143066,0.0,-0.00010705660679377615,0.05068615451455116,True,0
12:56:44.057,5,-9.10052490234375,0.005871816072613001,-0.006659891922026873,-0.031613871455192566,True,0
12:56:44.063,6,-15.298659324645996,0.0019295671954751015,0.0006799501134082675,-0.024280985817313194,True,0
12:56:44.444,5,-9.468912124633789,0.01786169596016407,0.02632354572415352,-0.04089640453457832,True,0
12:56:44.451,6,-15.665858268737793,0.008600780740380287,0.013989986851811409,-0.003472604788839817,True,0
12:56:44.837,5,-9.656050682067871,0.005291192326694727,-0.006169461645185947,-0.030603883787989616,True,0
12:56:44.844,6,-15.816446304321289,0.0,-0.0006640834035351872,-0.022274835035204887,True,0
12:56:45.225,5,-8.745121002197266,0.0062493751756846905,0.02316698431968689,-0.06487488001585007,True,0
12:56:45.233,6,-14.891521453857422,0.0009520837920717895,0.011317200027406216,0.08716476708650589,True,0
12:56:45.605,5,-8.345365524291992,0.0016550079453736544,0.0037089595571160316,0.015420084819197655,True,0
12:56:45.611,6,-14.52901554107666,0.0,-0.0006698144134134054,0.028957447037100792,True,0
12:56:45.989,5,-8.343717575073242,0.00033372087636962533,-0.00021025622845627367,-0.030585097149014473,True,0
12:56:45.996,6,-14.527796745300293,0.0,0.0015932827955111861,0.03789626434445381,True,0
12:56:46.375,5,-8.402913093566895,0.019212935119867325,0.014357693493366241,-0.016200842335820198,True,0
12:56:46.385,6,-14.453246116638184,0.00013925135135650635,0.008868447504937649,-0.006647024303674698,True,0
12:56:46.762,5,-8.516623497009277,0.00829017348587513,0.0019627211149781942,-0.07368797808885574,True,0
12:56:46.769,6,-14.340520858764648,0.012943858280777931,0.00700489291921258,0.06102316081523895,True,0
12:56:47.134,5,-9.27916145324707,0.007393343839794397,0.009462563320994377,0.002833407372236252,True,0
12:56:47.141,6,-13.564138412475586,0.006843424402177334,0.017212839797139168,0.08342181891202927,True,0
12:56:47.510,5,-9.624884605407715,0.014309534803032875,0.008953654207289219,-0.04408516734838486,True,0
12:56:47.517,6,-13.209240913391113,0.0014573666267096996,0.009106336161494255,-0.0015890300273895264,True,0
12:56:47.881,5,-10.501668930053711,0.02397695742547512,-0.010924352332949638,0.042837955057621,True,0
12:56:47.888,6,-12.33582592010498,0.0025785379111766815,-0.0018598419846966863,0.001324007287621498,True,0
12:56:48.273,5,-11.030671119689941,0.001424854970537126,0.0011312421411275864,0.0100545734167099,True,0
12:56:48.280,6,-11.477231979370117,0.011837450787425041,0.01268934365361929,0.06339909136295319,True,0
12:56:48.668,5,-10.404687881469727,0.0026321234181523323,0.006091856863349676,0.04728700965642929,True,0
12:56:48.675,6,-10.969298362731934,0.005385489668697119,0.0021428395994007587,0.04650411754846573,True,0
12:56:49.060,5,-11.207472801208496,0.005300961900502443,0.003697817912325263,-0.02773820236325264,True,0
12:56:49.068,6,-11.79306697845459,0.0,-0.0037195642944425344,-0.06318333745002747,True,0
12:56:49.457,5,-12.171772003173828,0.020797545090317726,0.04202522337436676,-0.03419361263513565,True,0
12:56:49.463,6,-12.753741264343262,0.010171287693083286,0.016524305567145348,-0.017298804596066475,True,0
12:56:49.856,5,-13.11538314819336,0.010863600298762321,-0.00013579518417827785,0.012044955044984818,True,0
12:56:49.864,6,-13.700671195983887,5.064345896244049e-05,-0.005347165744751692,-0.00012797582894563675,True,0
12:56:50.250,5,-13.432745933532715,9.313225746154785e-10,-0.013910699635744095,-0.011270454153418541,True,0
12:56:50.257,6,-14.128622055053711,0.01060498971492052,0.004020995460450649,0.0019808830693364143,True,0
12:56:50.637,5,-12.895209312438965,0.00044694647658616304,1.516510201327037e-05,0.027033429592847824,True,0
12:56:50.643,6,-14.65721607208252,0.0,0.0006960565806366503,-0.047945842146873474,True,0
12:56:51.028,5,-13.423126220703125,0.015681279823184013,-0.003645305521786213,-0.06411901861429214,True,0
12:56:51.035,6,-14.100594520568848,0.024142492562532425,-0.0034759987611323595,0.01629858836531639,True,0
12:56:51.403,5,-14.31995964050293,-2.3283064365386963e-10,0.001267557730898261,0.048087310045957565,True,0
12:56:51.422,6,-13.219903945922852,0.010042048990726471,0.023455698043107986,-0.07317078858613968,True,0
12:56:51.799,5,-14.676480293273926,0.0,0.0014710050309076905,-0.03170662745833397,True,0
12:56:51.805,6,-12.867362976074219,0.0,-0.0021710835862904787,-0.0512881837785244,True,0
12:56:52.180,5,-14.928441047668457,0.0006166765233501792,-0.0009515389101579785,-0.04491377994418144,True,0
12:56:52.187,6,-12.622310638427734,0.00016138663340825588,0.0010254597291350365,0.017960168421268463,True,0
12:56:52.562,5,-15.371489524841309,-2.3283064365386963e-10,-0.002241401467472315,-0.026884496212005615,True,0
12:56:52.569,6,-12.17204475402832,0.0,-0.0013006626395508647,0.04285199195146561,True,0
12:56:52.937,5,-15.696192741394043,0.0025776454713195562,-0.0017236898420378566,0.00018644146621227264,True,0
12:56:52.945,6,-11.851351737976074,0.0,0.000358035002136603,0.015406887978315353,True,0
12:56:53.311,5,-15.959911346435547,0.0,0.00020046230929438025,-0.024571619927883148,True,0
12:56:53.318,6,-11.587970733642578,0.004205976612865925,-0.0012172632850706577,-0.022748177871108055,True,0
12:56:53.680,5,-16.02422523498535,0.0,0.0006520867464132607,-0.04128291830420494,True,0
12:56:53.687,6,-11.527822494506836,0.0,9.96275557554327e-05,-0.00479550939053297,True,0
12:56:54.067,5,-16.20795249938965,0.00045933693763799965,0.004013140685856342,-0.03279003128409386,True,0
12:56:54.075,6,-11.335793495178223,0.0,-0.0004982614191249013,0.044190414249897,True,0
12:56:54.460,5,-16.32669448852539,3.182701766490936e-05,-7.676213135709986e-05,-0.025711696594953537,True,0
12:56:54.467,6,-11.220392227172852,0.005677036941051483,-0.0003382292634341866,-0.030250821262598038,True,0
12:56:54.846,5,-16.40195655822754,0.0003436857950873673,0.0010521163931116462,-0.015512531623244286,True,0
12:56:54.853,6,-11.143606185913086,0.0,-2.0906409190502018e-05,-0.02467677742242813,True,0
12:56:55.233,5,-16.43069839477539,0.00012339709792286158,-4.603802881320007e-05,-0.007755040191113949,True,0
12:56:55.241,6,-11.116389274597168,0.0,0.000683758407831192,-0.03493634611368179,True,0
12:56:55.622,5,-16.4935302734375,1.1641532182693481e-10,-0.0012725862907245755,0.009356275200843811,True,0
12:56:55.630,6,-11.052895545959473,0.0,3.50667760358192e-05,-0.044457487761974335,True,0
12:56:56.014,5,-16.57574462890625,0.0011260044993832707,-0.0007311296067200601,-0.023316042497754097,True,0
12:56:56.022,6,-10.967903137207031,0.0,0.000885338697116822,-0.00747479684650898,True,0
12:56:56.396,5,-16.65737533569336,0.0002404892584308982,-0.00023386007524095476,0.03165960684418678,True,0
12:56:56.413,6,-10.88574504852295,0.0019437763839960098,2.3346670786850154e-05,0.03157823532819748,True,0
12:56:56.807,5,-16.716951370239258,2.646596112754196e-05,5.726583913201466e-05,-0.00013759732246398926,True,0
12:56:56.814,6,-10.824091911315918,0.0023878433275967836,0.0032863947562873363,-0.006620983127504587,True,0
12:56:57.184,5,-16.7511043548584,0.0023254510015249252,-0.00194999435916543,9.787268936634064e-05,True,0
12:56:57.191,6,-10.793627738952637,1.3849930837750435e-05,-1.129165980273683e-06,-0.05336133390665054,True,0
12:56:57.579,5,-16.762842178344727,0.0,-0.0012534080306068063,-0.012847226113080978,True,0
12:56:57.586,6,-10.77823257446289,0.00010335869592381641,9.424025483895093e-05,-0.02657993882894516,True,0
12:56:57.956,5,-16.80222511291504,1.1902651749551296e-05,0.00015891545626800507,-0.022315869107842445,True,0
12:56:57.964,6,-10.741409301757812,6.489739462267607e-05,-0.0007307729101739824,-0.0013981107622385025,True,0
12:56:58.342,5,-16.43446159362793,0.018655402585864067,0.012231728993356228,-0.02391044795513153,True,0
12:56:58.349,6,-11.123454093933105,0.03437088429927826,0.010637369006872177,-0.023596204817295074,True,0
12:56:58.727,5,-15.84659194946289,0.02191484160721302,-0.002799076260998845,0.03647053614258766,True,0
12:56:58.734,6,-11.092879295349121,0.0013298317790031433,-0.008772172033786774,-0.03113400563597679,True,0
12:56:59.100,5,-15.247941017150879,0.0034204497933387756,0.007781274151057005,0.07696723937988281,True,0
12:56:59.106,6,-10.424112319946289,0.0003149714320898056,-0.0010402302723377943,-0.028191905468702316,True,0
12:56:59.471,5,-15.374618530273438,0.0011375463800504804,0.0006975721917115152,0.08931142091751099,True,0
12:56:59.477,6,-10.276495933532715,0.0,0.0001510422007413581,0.0013044215738773346,True,0
12:56:59.860,5,-15.401870727539062,0.0005345894023776054,0.0021371780894696712,0.009777636267244816,True,0
12:56:59.870,6,-10.18691349029541,0.0,-0.0003738178638741374,-0.02216925099492073,True,0
12:57:00.250,5,-15.308127403259277,0.007041786331683397,0.018040789291262627,0.03492061048746109,True,0
12:57:00.256,6,-9.951162338256836,0.0,-0.006537588778883219,-0.005560159683227539,True,0
12:57:00.640,5,-14.248306274414062,0.0,-0.005989231634885073,0.09134681522846222,True,0
12:57:00.649,6,-9.214741706848145,0.0,0.024172771722078323,-0.04778733104467392,True,0
12:57:01.031,5,-13.23094367980957,0.00859256461262703,0.004982734099030495,0.04618150368332863,True,0
12:57:01.038,6,-8.480615615844727,0.0,-0.0041236355900764465,-0.03492424637079239,True,0
12:57:01.415,5,-12.915226936340332,0.002283882349729538,0.01683426834642887,0.03550294414162636,True,0
12:57:01.424,6,-8.215071678161621,0.0,0.02536231279373169,0.012623538263142109,True,0
12:57:01.806,5,-12.061665534973145,0.0,0.007776919286698103,0.08873924612998962,True,0
12:57:01.813,6,-7.37278413772583,8.659880222694483e-06,8.100549166556448e-05,0.013667136430740356,True,0
12:57:02.183,5,-11.592229843139648,0.0039114695973694324,0.0111831184476614,0.0187380351126194,True,0
12:57:02.203,6,-6.870522499084473,0.01177410501986742,0.004760661628097296,-0.08901739120483398,True,0
12:57:02.579,5,-10.79774284362793,0.0,0.0028111308347433805,0.0036024758592247963,True,0
12:57:02.586,6,-6.112890243530273,3.657903289422393e-05,-0.00011769180127885193,0.015713445842266083,True,0
12:57:02.968,5,-10.466304779052734,0.024268899112939835,0.018662171438336372,0.07200729101896286,True,0
12:57:02.974,6,-5.7677788734436035,0.014857811853289604,0.026394421234726906,-0.03708846494555473,True,0
12:57:03.342,5,-10.117823600769043,0.0017730952240526676,0.0058332872577011585,0.012016747146844864,True,0
12:57:03.350,6,-5.432509422302246,0.0018307294230908155,-0.0026787312235683203,-0.015111766755580902,True,0
12:57:03.720,5,-9.32779598236084,0.0040455348789691925,0.02100229635834694,0.0075138467364013195,True,0
12:57:03.727,6,-4.622311592102051,0.0,-0.019513437524437904,0.00920790620148182,True,0
12:57:04.093,5,-8.432931900024414,0.0,-7.350438681896776e-05,-0.019068507477641106,True,0
12:57:04.101,6,-3.7354414463043213,0.00895625725388527,-0.011584559455513954,0.05635945871472359,True,0
12:57:04.466,5,-7.585164546966553,0.0,-0.02191675640642643,0.013955086469650269,True,0
12:57:04.472,6,-2.8892226219177246,0.0,0.0008385577239096165,0.007981805130839348,True,0
12:57:04.854,5,-6.674900054931641,0.014773903414607048,0.0037065958604216576,0.033066924661397934,True,0
12:57:04.862,6,-1.9810339212417603,0.0,-0.011218336410820484,-0.05797702446579933,True,0
12:57:05.244,5,-5.718442916870117,0.022865893319249153,0.032983023673295975,0.08056104183197021,True,0
12:57:05.251,6,-1.0239033699035645,0.004051166586577892,-0.008508147671818733,0.0536922849714756,True,0
12:57:05.641,5,-4.843968391418457,0.0003283997066318989,0.004037459846585989,0.029303817078471184,True,0
12:57:05.649,6,-0.1581183224916458,0.0,-0.0007204852299764752,0.011747906915843487,True,0
12:57:06.032,5,-4.739153861999512,0.002940639853477478,-0.0005183420144021511,0.04594218358397484,True,0
12:57:06.039,6,-0.061798155307769775,7.47265585232526e-05,0.0006920352461747825,-0.02004394866526127,True,0
12:57:06.429,5,-4.736541748046875,0.018039174377918243,-0.001545426668599248,0.04831743985414505,True,0
12:57:06.436,6,-0.057287514209747314,0.00014086754526942968,-0.0009457635460421443,0.0009064339101314545,True,0
12:57:06.826,5,-4.111820220947266,0.008018947206437588,0.005066082812845707,0.01016911119222641,True,0
12:57:06.836,6,0.5659594535827637,0.0,-0.007215192541480064,-0.024272626265883446,True,0
12:57:07.225,5,-3.9711427688598633,0.009587518870830536,0.011903924867510796,0.03987365588545799,True,0
12:57:07.233,6,0.7155889272689819,0.0,-0.00514409551396966,-0.01954418048262596,True,0
12:57:07.617,5,-3.418560028076172,0.003382862312719226,-0.001089271274395287,0.00479360856115818,True,0
12:57:07.628,6,1.2582976818084717,0.0,0.0003953506820835173,0.013440456241369247,True,0
12:57:08.009,5,-3.4133999347686768,0.005008138250559568,0.0012100599706172943,-0.0009251385927200317,True,0
12:57:08.016,6,1.262845516204834,0.0006652540760114789,-0.0003908808284904808,0.014888923615217209,True,0
12:57:08.399,5,-3.174933910369873,0.02340235747396946,0.0025463118217885494,0.05517295375466347,True,0
12:57:08.406,6,1.5180764198303223,0.0,0.009893679060041904,0.03159022703766823,True,0
12:57:08.784,5,-2.920520544052124,0.0071345847100019455,0.013483830727636814,-0.004585478454828262,True,0
12:57:08.797,6,1.7651699781417847,0.0,0.0042002080008387566,-0.03624744713306427,True,0
12:57:09.172,5,-2.0358123779296875,0.0,-0.006422154605388641,0.04193670302629471,True,0
12:57:09.178,6,2.6531355381011963,0.0,-0.008240577764809132,-0.011671469546854496,True,0
12:57:09.560,5,-1.8125252723693848,0.021454699337482452,0.005386932287365198,0.011116040870547295,True,0
12:57:09.567,6,2.8688807487487793,0.0,-0.00954471156001091,-0.0053758397698402405,True,0
12:57:09.943,5,-1.2841026782989502,0.007385265082120895,0.0031806027982383966,0.00043354928493499756,True,0
12:57:09.952,6,3.390364646911621,0.0009436886757612228,0.00013924334780313075,0.04257461428642273,True,0
12:57:10.323,5,-1.5123875141143799,0.0,-0.0015390734188258648,0.008351151831448078,True,0
12:57:10.329,6,3.147444248199463,0.016585230827331543,0.02361609786748886,-0.06342796236276627,True,0
12:57:10.697,5,-2.4214558601379395,2.3283064365386963e-10,-0.0005348859704099596,0.007853969931602478,True,0
12:57:10.704,6,2.2340660095214844,0.008683329448103905,0.014302758499979973,-0.05691056326031685,True,0
12:57:11.068,5,-3.324448823928833,0.004572416190057993,0.0026943052653223276,-0.04979516938328743,True,0
12:57:11.075,6,1.3408772945404053,0.0,0.025085337460041046,-0.02671186253428459,True,0
12:57:11.460,5,-4.120001792907715,0.0012059335131198168,0.0026427111588418484,-0.026156235486268997,True,0
12:57:11.471,6,0.7243639826774597,0.0005804793327115476,-0.00017170360661111772,-0.003448967356234789,True,0
12:57:11.852,5,-4.128442764282227,0.0031709540635347366,-0.0023907688446342945,0.01231115311384201,True,0
12:57:11.858,6,0.7120229601860046,0.0,0.009017686359584332,-0.013681722804903984,True,0
12:57:12.240,5,-3.2437679767608643,0.03843683376908302,0.017314642667770386,0.06194629520177841,True,0
12:57:12.247,6,-0.18179702758789062,0.0,-0.019386427477002144,-0.04560398682951927,True,0
12:57:12.631,5,-2.3002026081085205,0.02671867050230503,0.006390684749931097,-0.012342128902673721,True,0
12:57:12.638,6,-1.129309892654419,0.018211260437965393,0.048516351729631424,0.0005228780210018158,True,0
12:57:13.017,5,-1.4266659021377563,0.0,0.004364321008324623,0.028300384059548378,True,0
12:57:13.023,6,-1.9890035390853882,0.012435668148100376,0.0020222687162458897,0.01292021106928587,True,0
12:57:13.406,5,-1.8148531913757324,0.005856056232005358,-0.001613551750779152,0.03679315745830536,True,0
12:57:13.414,6,-2.4412190914154053,9.389492333866656e-05,0.0014630303485319018,-0.025679735466837883,True,0
12:57:13.794,5,-2.041954755783081,0.010427514091134071,0.0010483958758413792,-0.010486852377653122,True,0
12:57:13.808,6,-2.704996109008789,0.0,0.011946224607527256,-0.04012410715222359,True,0
12:57:14.178,5,-2.3367972373962402,0.0023468865547329187,0.0017946430016309023,0.030228734016418457,True,0
12:57:14.193,6,-2.9611330032348633,0.00024214520817622542,-0.0002610967494547367,0.006995061412453651,True,0
12:57:14.568,5,-2.318110942840576,0.0018689288990572095,-0.005153810605406761,0.045482005923986435,True,0
12:57:14.575,6,-2.937584161758423,0.0,0.0007901945500634611,0.021721147000789642,True,0
12:57:14.958,5,-2.628392219543457,0.0,0.0007850059773772955,-0.0352778285741806,True,0
12:57:14.966,6,-2.5791754722595215,0.0,0.002398385666310787,-0.012062471359968185,True,0
12:57:15.355,5,-2.409276247024536,0.0,-0.0002850404125638306,0.013428229838609695,True,0
12:57:15.361,6,-2.876643180847168,0.0,-0.0015822331188246608,0.03227356821298599,True,0
12:57:15.737,5,-2.2903287410736084,0.005808293353766203,0.0020808211993426085,-0.04913890361785889,True,0
12:57:15.743,6,-2.7442829608917236,0.0361442007124424,0.012425861321389675,0.050849832594394684,True,0
12:57:16.112,5,-2.3562464714050293,0.0,0.0027774751652032137,-0.012035425752401352,True,0
12:57:16.121,6,-2.5603585243225098,0.00010340393055230379,6.368132744682953e-05,0.014606277458369732,True,0
12:57:16.488,5,-1.8837621212005615,0.014106003567576408,-0.00021347975416574627,-0.025626949965953827,True,0
12:57:16.495,6,-2.071200132369995,0.0014636198757216334,-0.0038604203145951033,0.028357841074466705,True,0
12:57:16.868,5,-1.3348366022109985,0.009705192409455776,0.002822242910042405,0.05538272112607956,True,0
12:57:16.875,6,-1.5194857120513916,0.0008062310516834259,0.006969056092202663,-0.016543909907341003,True,0
12:57:17.252,5,-0.9007011651992798,0.007019433658570051,0.0031697158701717854,0.04210525006055832,True,0
12:57:17.259,6,-1.097501277923584,0.0025799099821597338,0.0017684963531792164,-0.002488715574145317,True,0
12:57:17.650,5,-0.4050386846065521,0.005196467041969299,0.00990703608840704,-0.003844393417239189,True,0
12:57:17.659,6,-0.5835220813751221,0.0,0.008385716937482357,0.023303717374801636,True,0
12:57:18.042,5,0.032647013664245605,0.002107784617692232,0.0012483230093494058,0.0012534484267234802,True,0
12:57:18.049,6,-0.16152982413768768,0.00024632670101709664,-3.206303154001944e-05,-0.006573880091309547,True,0
12:57:18.438,5,0.08087122440338135,0.005947361700236797,0.002739876974374056,-0.010643433779478073,True,0
12:57:18.445,6,-0.11059609055519104,0.00018020746938418597,-0.00012608370161615312,-0.001859217882156372,True,0
12:57:18.830,5,0.08529442548751831,0.0002024437562795356,-0.00022937545145396143,-0.03829724341630936,True,0
12:57:18.837,6,-0.10737916827201843,6.583610229426995e-05,0.0006753855850547552,-0.041839513927698135,True,0
12:57:19.221,5,0.09258711338043213,0.0,0.004605960566550493,0.009229310788214207,True,0
12:57:19.227,6,-0.10277682542800903,0.001834605704061687,-0.0002752807631623,0.003270587418228388,True,0
12:57:19.616,5,0.09242284297943115,0.0,0.0012521533062681556,-0.016879145056009293,True,0
12:57:19.624,6,-0.10262152552604675,0.0,0.00014460824604611844,0.03308819979429245,True,0
12:57:20.005,5,0.0923537015914917,0.0004661704006139189,-0.0005207930225878954,0.04819364845752716,True,0
12:57:20.016,6,-0.10275503993034363,0.0005200410378165543,0.0008546963217668235,0.0216511283069849,True,0
12:57:20.400,5,0.09206819534301758,0.004338693339377642,0.0011700504692271352,-0.06230836734175682,True,0
12:57:20.408,6,-0.10252055525779724,0.0,-0.0002762142976280302,-0.010013747960329056,True,0
12:57:20.781,5,0.09182339906692505,0.0,-0.0005301884957589209,0.005137152969837189,True,0
12:57:20.793,6,-0.1024852991104126,0.0,0.0007488951086997986,0.003688061609864235,True,0
12:57:21.160,5,0.09327644109725952,0.00877284910529852,0.003452871460467577,0.03256392478942871,True,0
12:57:21.167,6,-0.10247641801834106,0.0010530231520533562,0.00012327508011367172,-0.013192154467105865,True,0
12:57:21.548,5,0.09341514110565186,0.008181288838386536,0.012235107831656933,0.025836890563368797,True,0
12:57:21.555,6,-0.10255947709083557,0.0,5.378525747801177e-05,0.0023261401802301407,True,0
12:57:21.936,5,0.09216982126235962,0.0,-7.990266021806747e-05,0.05526965856552124,True,0
12:57:21.944,6,-0.10266399383544922,0.0009111990802921355,0.0018240901408717036,-0.009354967623949051,True,0
12:57:22.324,5,0.09252345561981201,0.0,0.0019753151573240757,-0.005490213632583618,True,0
12:57:22.330,6,-0.10268381237983704,0.0015916002448648214,-0.001897136913612485,0.01267576590180397,True,0
